Document Number,Title,Type,Source,Agency,Publication Date,Filing Date,Response Deadline,Effective Date,Citation,Docket IDs,Abstract,HTML URL,PDF URL,Public Inspection PDF
2026-17250,Request for Information: Categories Used in Federal Vaccine Recommendations and the Role of Shared Clinical Decision-Making,Notice,Published,Health and Human Services Department,2026-08-24,,2026-09-20,,91 FR 54724,Docket No. HHS-OS-2026-0332,"The Department of Health and Human Services (HHS or the Department), in support of the Task Force on Safer Childhood Vaccines and in furtherance of the Executive Order of August 10, 2026, ""Delivering Gold Standard Childhood Vaccine Recommendations for Americans,"" seeks public comment on whether the categories currently used in Federal vaccine recommendations are adequate. Those categories are routine (universal) recommendations, risk-based recommendations, and recommendations based on shared clinical decision-making, also referred to as individual-based decision-making. The Department seeks comment on these categories and whether additional or different categories should be adopted. The Department further seeks comment on the considerations that should be relied upon in setting vaccine recommendations, including the availability and strength of available scientific evidence, the appropriate approach when randomized controlled trial evidence is limited or absent, a presumption in favor of individual autonomy and religious freedom, the downstream legal and programmatic consequences of category assignment, and the communication practices necessary to earn and maintain public trust.",https://www.federalregister.gov/documents/2026/08/24/2026-17250/request-for-information-categories-used-in-federal-vaccine-recommendations-and-the-role-of-shared,https://www.govinfo.gov/content/pkg/FR-2026-08-24/pdf/2026-17250.pdf,https://public-inspection.federalregister.gov/2026-17250.pdf?1787316321
2026-17248,Pacific Fishery Management Council; Public Meetings,Notice,Published,Commerce Department | National Oceanic and Atmospheric Administration,2026-08-24,,,,91 FR 54699,RTID 0648-XF981,"The Pacific Fishery Management Council (Pacific Council) and its advisory bodies will meet September 16-21, 2026, in Vancouver, Washington and via webinar. The Pacific Council meeting will be live streamed with the opportunity to provide public comment remotely. The following groups will meet in person in Vancouver: Pacific Council, Budget Committee, Scientific and Statistical Committee, Habitat Committee, Enforcement Consultants, Coastal Pelagic Species Advisory Subpanel, and Coastal Pelagic Species Management Team.",https://www.federalregister.gov/documents/2026/08/24/2026-17248/pacific-fishery-management-council-public-meetings,https://www.govinfo.gov/content/pkg/FR-2026-08-24/pdf/2026-17248.pdf,https://public-inspection.federalregister.gov/2026-17248.pdf?1787316321
2026-17247,Western Pacific Fishery Management Council; Public Meetings,Notice,Published,Commerce Department | National Oceanic and Atmospheric Administration,2026-08-24,,,,91 FR 54696,RTID 0648-XF972,"The Western Pacific Fishery Management Council (Council) will hold its 161st Scientific and Statistical Committee (SSC), Executive and Budget Standing Committee (SC), and 208th Council meetings to take actions on fishery management issues in the Western Pacific Region.",https://www.federalregister.gov/documents/2026/08/24/2026-17247/western-pacific-fishery-management-council-public-meetings,https://www.govinfo.gov/content/pkg/FR-2026-08-24/pdf/2026-17247.pdf,https://public-inspection.federalregister.gov/2026-17247.pdf?1787316321
2026-17246,Combined Notice of Filings #1,Notice,Published,Energy Department | Federal Energy Regulatory Commission,2026-08-24,,,,91 FR 54707,,,https://www.federalregister.gov/documents/2026/08/24/2026-17246/combined-notice-of-filings-1,https://www.govinfo.gov/content/pkg/FR-2026-08-24/pdf/2026-17246.pdf,https://public-inspection.federalregister.gov/2026-17246.pdf?1787316321
2026-17245,Combined Notice of Filings,Notice,Published,Energy Department | Federal Energy Regulatory Commission,2026-08-24,,,,91 FR 54707,,,https://www.federalregister.gov/documents/2026/08/24/2026-17245/combined-notice-of-filings,https://www.govinfo.gov/content/pkg/FR-2026-08-24/pdf/2026-17245.pdf,https://public-inspection.federalregister.gov/2026-17245.pdf?1787316320
2026-17243,"Natural Gas Pipeline Company of America LLC; Horizon Pipeline Company, L.L.C.; Notice of Application and Establishing Intervention Deadline",Notice,Published,Energy Department | Federal Energy Regulatory Commission,2026-08-24,,,,91 FR 54705,Docket No. CP26-564-000,,https://www.federalregister.gov/documents/2026/08/24/2026-17243/natural-gas-pipeline-company-of-america-llc-horizon-pipeline-company-llc-notice-of-application-and,https://www.govinfo.gov/content/pkg/FR-2026-08-24/pdf/2026-17243.pdf,https://public-inspection.federalregister.gov/2026-17243.pdf?1787316320
2026-17236,Proposed Collection; Comment Request,Notice,Published,Defense Department,2026-08-24,,2026-10-23,,91 FR 54701,Docket ID: DOD-2026-OS-1783,"In compliance with the Paperwork Reduction Act of 1995, the OUSD(P&R) announces a proposed public information collection and seeks public comment on the provisions thereof. Comments are invited on: whether the proposed collection of information is necessary for the proper performance of the functions of the agency, including whether the information shall have practical utility; the accuracy of the agency's estimate of the burden of the proposed information collection; ways to enhance the quality, utility, and clarity of the information to be collected; and ways to minimize the burden of the information collection on respondents, including through the use of automated collection techniques or other forms of information technology.",https://www.federalregister.gov/documents/2026/08/24/2026-17236/proposed-collection-comment-request,https://www.govinfo.gov/content/pkg/FR-2026-08-24/pdf/2026-17236.pdf,https://public-inspection.federalregister.gov/2026-17236.pdf?1787316320
2026-17234,Proposed Collection; Comment Request,Notice,Published,Defense Department | Navy Department,2026-08-24,,2026-10-23,,91 FR 54703,Docket ID: USN-2026-HQ-0364,"In compliance with the Paperwork Reduction Act of 1995, the Naval Air Systems Command announces the proposed extension of a public information collection and seeks public comment on the provisions thereof. Comments are invited on: whether the collection of information is necessary for the proper performance of the functions of the agency, including whether the information shall have practical utility; the accuracy of the agency's estimate of the burden of the proposed information collection; ways to enhance the quality, utility, and clarity of the information to be collected; and ways to minimize the burden of the information collection on respondents, including through the use of automated collection techniques or other forms of information technology.",https://www.federalregister.gov/documents/2026/08/24/2026-17234/proposed-collection-comment-request,https://www.govinfo.gov/content/pkg/FR-2026-08-24/pdf/2026-17234.pdf,https://public-inspection.federalregister.gov/2026-17234.pdf?1787316319
2026-17233,Proposed Collection; Comment Request,Notice,Published,Defense Department | Navy Department,2026-08-24,,2026-10-23,,91 FR 54702,Docket ID: USN-2026-HQ-0365,"In compliance with the Paperwork Reduction Act of 1995, the Navy Office of Information announces the proposed extension of an approved public information collection and seeks public comment on the provisions thereof. Comments are invited on: whether the collection of information is necessary for the proper performance of the functions of the agency, including whether the information has practical utility; the accuracy of the agency's estimate of the burden of the information collection; ways to enhance the quality, utility, and clarity of the information collected; and ways to minimize the burden of the information collection on respondents, including through the use of automated collection techniques or other forms of information technology.",https://www.federalregister.gov/documents/2026/08/24/2026-17233/proposed-collection-comment-request,https://www.govinfo.gov/content/pkg/FR-2026-08-24/pdf/2026-17233.pdf,https://public-inspection.federalregister.gov/2026-17233.pdf?1787316319
2026-17229,"Food and Drug Administration Modernization Act of 1997: Modifications to the List of Recognized Standards, Recognition List Number: 066",Notice,Published,Health and Human Services Department | Food and Drug Administration,2026-08-24,,2026-08-24,,91 FR 54715,Docket No. FDA-2004-N-0451,"The Food and Drug Administration (FDA or the Agency) is announcing a publication containing modifications the Agency is making to the list of standards FDA recognizes for use in premarket reviews (FDA Recognized Consensus Standards). This publication, entitled ""Modifications to the List of Recognized Standards, Recognition List Number: 066"" (Recognition List Number: 066), will assist manufacturers who elect to declare conformity with consensus standards to meet certain requirements for medical devices.",https://www.federalregister.gov/documents/2026/08/24/2026-17229/food-and-drug-administration-modernization-act-of-1997-modifications-to-the-list-of-recognized,https://www.govinfo.gov/content/pkg/FR-2026-08-24/pdf/2026-17229.pdf,https://public-inspection.federalregister.gov/2026-17229.pdf?1787316319
2026-17222,Product-Specific Guidances; Draft and Revised Draft Guidances for Industry; Availability,Notice,Published,Health and Human Services Department | Food and Drug Administration,2026-08-24,,2026-10-23,,91 FR 54722,Docket No. FDA-2007-D-0369,"The Food and Drug Administration (FDA or Agency) is announcing the availability of additional draft and revised draft product-specific guidances. The draft guidances provide product-specific recommendations on, among other things, the design of bioequivalence (BE) studies to support abbreviated new drug applications (ANDAs). In the Federal Register of June 11, 2010, FDA announced the availability of a guidance for industry titled ""Bioequivalence Recommendations for Specific Products"" that explained the process that would be used to make product-specific guidances available to the public on FDA's website. The draft guidances identified in this notice were developed using the process described in that guidance.",https://www.federalregister.gov/documents/2026/08/24/2026-17222/product-specific-guidances-draft-and-revised-draft-guidances-for-industry-availability,https://www.govinfo.gov/content/pkg/FR-2026-08-24/pdf/2026-17222.pdf,https://public-inspection.federalregister.gov/2026-17222.pdf?1787316318
2026-17221,"Environmental Management Site-Specific Advisory Board, Idaho Cleanup Project",Notice,Published,Energy Department,2026-08-24,,,,91 FR 54703,,"This notice announces an in-person/virtual meeting of the Environmental Management Site-Specific Advisory Board (EM SSAB), Idaho Cleanup Project (ICP). The Federal Advisory Committee Act requires that public notice of this meeting be announced in the Federal Register.",https://www.federalregister.gov/documents/2026/08/24/2026-17221/environmental-management-site-specific-advisory-board-idaho-cleanup-project,https://www.govinfo.gov/content/pkg/FR-2026-08-24/pdf/2026-17221.pdf,https://public-inspection.federalregister.gov/2026-17221.pdf?1787316318
2026-17220,"Environmental Management Site-Specific Advisory Board, Paducah",Notice,Published,Energy Department,2026-08-24,,,,91 FR 54704,,"This notice announces an in-person/livestreamed meeting of the Environmental Management Site-Specific Advisory Board (EM SSAB), Paducah. The Federal Advisory Committee Act requires that public notice of this meeting be announced in the Federal Register.",https://www.federalregister.gov/documents/2026/08/24/2026-17220/environmental-management-site-specific-advisory-board-paducah,https://www.govinfo.gov/content/pkg/FR-2026-08-24/pdf/2026-17220.pdf,https://public-inspection.federalregister.gov/2026-17220.pdf?1787316318
2026-17216,Notice of Availability and Request for Comments on Draft Navigation and Vessel Inspection Circular 02-99 Change 1-Guidance on the Streamlined Inspection Program,Notice,Published,Homeland Security Department | Coast Guard,2026-08-24,,2026-09-23,,91 FR 54729,Docket No. USCG-2026-0041,"The Coast Guard announces the availability of draft Navigation and Vessel Inspection Circular (NVIC) 02-99, Change 1, Guidance on the Streamlined Inspection Program. NVIC 02-99, Change 1 would modernize the program guidance to reflect industry advancements in digital recordkeeping, maintenance management systems, and third-party auditing. This update would emphasize a risk-based verification model that reduces redundant physical inspections, broadens acceptable compliance formats, and provides updated procedures for deficiency management and temporary hull repairs.",https://www.federalregister.gov/documents/2026/08/24/2026-17216/notice-of-availability-and-request-for-comments-on-draft-navigation-and-vessel-inspection-circular,https://www.govinfo.gov/content/pkg/FR-2026-08-24/pdf/2026-17216.pdf,https://public-inspection.federalregister.gov/2026-17216.pdf?1787316317
2026-17215,Evaluation of Therapeutic Equivalence; Guidance for Industry; Availability,Notice,Published,Health and Human Services Department | Food and Drug Administration,2026-08-24,,,,91 FR 54721,Docket No. FDA-2022-D-0528,"The Food and Drug Administration (FDA or Agency) is announcing the availability of a final guidance for industry titled ""Evaluation of Therapeutic Equivalence."" This guidance explains FDA's thinking on therapeutic equivalence evaluations and therapeutic equivalence codes (TE codes). FDA's therapeutic equivalence evaluations are listed for multisource prescription drug products approved under the Federal Food, Drug, and Cosmetic Act (FD&C Act) in the active section of the ""Approved Drug Products With Therapeutic Equivalence Evaluations"" (commonly known as the Orange Book). These therapeutic equivalence evaluations have been prepared to serve as public information and advice to state health agencies, prescribers, and pharmacists to promote public education in the area of drug product selection and to foster containment of health care costs. This guidance finalizes the draft guidance of the same title issued in July 2022.",https://www.federalregister.gov/documents/2026/08/24/2026-17215/evaluation-of-therapeutic-equivalence-guidance-for-industry-availability,https://www.govinfo.gov/content/pkg/FR-2026-08-24/pdf/2026-17215.pdf,https://public-inspection.federalregister.gov/2026-17215.pdf?1787316317
2026-17213,Agency Information Collection Activities; Submission to the Office of Management and Budget for Review and Approval; Revisions to the U.S. Geological Survey's Bird Banding and Marking Permit Application,Notice,Published,Interior Department | Geological Survey,2026-08-24,,2026-09-23,,91 FR 54732,Docket No. USGS-2025-0006 | OMB Control Number 1028-0082 | GX26LB00TZ901,"In accordance with the Paperwork Reduction Act (PRA) of 1995, the U.S. Geological Survey (USGS) is proposing to renew an information collection with revisions.",https://www.federalregister.gov/documents/2026/08/24/2026-17213/agency-information-collection-activities-submission-to-the-office-of-management-and-budget-for,https://www.govinfo.gov/content/pkg/FR-2026-08-24/pdf/2026-17213.pdf,https://public-inspection.federalregister.gov/2026-17213.pdf?1787316317
2026-17190,"Agency Information Collection Activities: Proposed Collection: Public Comment Request; Information Collection Request Title: Faculty Loan Repayment Program, OMB No. 0906-0082-Revision",Notice,Published,Health and Human Services Department | Health Resources and Services Administration,2026-08-21,,2026-10-20,,91 FR 54335,,"In compliance with the requirement for opportunity for public comment on proposed data collection projects of the Paperwork Reduction Act of 1995, HRSA announces plans to submit an Information Collection Request (ICR), described below, to the Office of Management and Budget (OMB). Prior to submitting the ICR to OMB, HRSA seeks comments from the public regarding the burden estimate, below, or any other aspect of the ICR.",https://www.federalregister.gov/documents/2026/08/21/2026-17190/agency-information-collection-activities-proposed-collection-public-comment-request-information,https://www.govinfo.gov/content/pkg/FR-2026-08-21/pdf/2026-17190.pdf,https://public-inspection.federalregister.gov/2026-17190.pdf?1787229923
2026-17164,Agency Information Collection Activities: Proposed Collection; Comment Request,Notice,Published,Health and Human Services Department | Agency for Healthcare Research and Quality,2026-08-21,,2026-09-21,,91 FR 54328,,"This notice announces the intention of the Agency for Healthcare Research and Quality (AHRQ) to request that the Office of Management and Budget (OMB) approve the reinstatement with change of the previously approved information collection project ""AHRQ Research Reporting System (ARRS)"" OMB No 0935-0122. This information collection was previously published in the Federal Register on June 17, 2026, and allowed 60 days for public comment. AHRQ did not receive any comments. The purpose of this notice is to allow an additional 30 days for public comment. The package expired on July 31, 2027.",https://www.federalregister.gov/documents/2026/08/21/2026-17164/agency-information-collection-activities-proposed-collection-comment-request,https://www.govinfo.gov/content/pkg/FR-2026-08-21/pdf/2026-17164.pdf,https://public-inspection.federalregister.gov/2026-17164.pdf?1787229923
2026-17153,Marine Mammals; File No. 26329,Notice,Published,Commerce Department | National Oceanic and Atmospheric Administration,2026-08-21,,2026-09-21,,91 FR 54311,RTID 0648-XF960,"Notice is hereby given that Brandon Southall, Ph.D., Southall Environmental Associates, Inc., 9099 Soquel Drive, Suite 8, Aptos, CA 95076, has applied for an amendment to scientific research Permit No. 26329.",https://www.federalregister.gov/documents/2026/08/21/2026-17153/marine-mammals-file-no-26329,https://www.govinfo.gov/content/pkg/FR-2026-08-21/pdf/2026-17153.pdf,https://public-inspection.federalregister.gov/2026-17153.pdf?1787229922
2026-17150,Marine Mammals and Endangered Species,Notice,Published,Commerce Department | National Oceanic and Atmospheric Administration,2026-08-21,,,,91 FR 54311,RTID 0648-XF902,"Notice is hereby given that permits have been issued under the Marine Mammal Protection Act (MMPA) and the Endangered Species Act (ESA), as applicable.",https://www.federalregister.gov/documents/2026/08/21/2026-17150/marine-mammals-and-endangered-species,https://www.govinfo.gov/content/pkg/FR-2026-08-21/pdf/2026-17150.pdf,https://public-inspection.federalregister.gov/2026-17150.pdf?1787229921
2026-17128,Agency Information Collection Activities: Proposed Collection; Comment Request,Notice,Published,Health and Human Services Department | Centers for Medicare & Medicaid Services,2026-08-21,,2026-10-20,,91 FR 54330,Document Identifier: CMS-2728 and CMS-10110,"The Centers for Medicare & Medicaid Services (CMS) is announcing an opportunity for the public to comment on CMS' intention to collect information from the public. Under the Paperwork Reduction Act of 1995 (PRA), federal agencies are required to publish notice in the Federal Register concerning each proposed collection of information (including each proposed extension or reinstatement of an existing collection of information) and to allow 60 days for public comment on the proposed action. Interested persons are invited to send comments regarding our burden estimates or any other aspect of this collection of information, including the necessity and utility of the proposed information collection for the proper performance of the agency's functions, the accuracy of the estimated burden, ways to enhance the quality, utility, and clarity of the information to be collected, and the use of automated collection techniques or other forms of information technology to minimize the information collection burden.",https://www.federalregister.gov/documents/2026/08/21/2026-17128/agency-information-collection-activities-proposed-collection-comment-request,https://www.govinfo.gov/content/pkg/FR-2026-08-21/pdf/2026-17128.pdf,https://public-inspection.federalregister.gov/2026-17128.pdf?1787229918
2026-17127,Western Pacific Fishery Management Council; Public Meetings,Notice,Published,Commerce Department | National Oceanic and Atmospheric Administration,2026-08-21,,,,91 FR 54312,RTID 0648-XF962,"The Western Pacific Fishery Management Council (Council) will hold its Joint Hawaii Archipelago Fishery Ecosystem Plan (FEP) Advisory Panel (AP) and Bottomfish Advisory Review Board (BARB), American Samoa FEP AP, Fishing Industry Advisory Committee (FIAC), Mariana Archipelago FEP Commonwealth of the Northern Mariana Islands (CNMI) AP, and Social Science Planning Committee (SSPC) to discuss and make recommendations on fishery management issues in the Western Pacific Region.",https://www.federalregister.gov/documents/2026/08/21/2026-17127/western-pacific-fishery-management-council-public-meetings,https://www.govinfo.gov/content/pkg/FR-2026-08-21/pdf/2026-17127.pdf,https://public-inspection.federalregister.gov/2026-17127.pdf?1787229918
2026-17126,Magnuson-Stevens Act Provisions; General Provisions for Domestic Fisheries; Application for Exempted Fishing Permits,Notice,Published,Commerce Department | National Oceanic and Atmospheric Administration,2026-08-21,,2026-09-08,,91 FR 54309,RTID 0648-XF961,"The Assistant Regional Administrator for Sustainable Fisheries, Greater Atlantic Region, NMFS, has made a preliminary determination that an Exempted Fishing Permit (EFP) application contains all of the required information and warrants further consideration. The EFP would allow federally permitted fishing vessels to fish outside fishery regulations in support of exempted fishing activities proposed by the Maine Department of Marine Resources (ME DMR). Regulations under the Magnuson-Stevens Fishery Conservation and Management Act require publication of this notification to provide interested parties the opportunity to comment on applications for proposed EFPs.",https://www.federalregister.gov/documents/2026/08/21/2026-17126/magnuson-stevens-act-provisions-general-provisions-for-domestic-fisheries-application-for-exempted,https://www.govinfo.gov/content/pkg/FR-2026-08-21/pdf/2026-17126.pdf,https://public-inspection.federalregister.gov/2026-17126.pdf?1787229918
2026-17125,"Agency Information Collection Activities: Submission for OMB Review, Comment Request; Threat and Hazard Identification and Risk Assessment (THIRA)/Stakeholder Preparedness Review (SPR) Unified Reporting Tool",Notice,Published,Homeland Security Department | Federal Emergency Management Agency,2026-08-21,,2026-09-21,,91 FR 54355,Docket ID: FEMA-2025-0278 | OMB No. 1660-0131,"The Federal Emergency Management Agency (FEMA) will submit the information collection abstracted below to the Office of Management and Budget for review and clearance in accordance with the requirements of the Paperwork Reduction Act of 1995. FEMA invites the general public to take this opportunity to comment on an extension, without change, of a currently approved information collection. In accordance with the requirements of the Paperwork Reduction Act of 1995, this notice seeks comments concerning this annual requirement for the U.S. Department of Homeland Security (DHS), FEMA to identify current capability levels for all States, territories, urban areas, and Tribes receiving non-disaster preparedness grant funds administered by DHS.",https://www.federalregister.gov/documents/2026/08/21/2026-17125/agency-information-collection-activities-submission-for-omb-review-comment-request-threat-and-hazard,https://www.govinfo.gov/content/pkg/FR-2026-08-21/pdf/2026-17125.pdf,https://public-inspection.federalregister.gov/2026-17125.pdf?1787229918
2026-17112,Agency Information Collection Activities: Proposed Collection; Comment Request,Notice,Published,Health and Human Services Department | Centers for Medicare & Medicaid Services,2026-08-21,,2026-10-20,,91 FR 54331,Document Identifier: CMS-R-153,"The Centers for Medicare & Medicaid Services (CMS) is announcing an opportunity for the public to comment on CMS' intention to collect information from the public. Under the Paperwork Reduction Act of 1995 (PRA), federal agencies are required to publish notice in the Federal Register concerning each proposed collection of information (including each proposed extension or reinstatement of an existing collection of information) and to allow 60 days for public comment on the proposed action. Interested persons are invited to send comments regarding our burden estimates or any other aspect of this collection of information, including the necessity and utility of the proposed information collection for the proper performance of the agency's functions, the accuracy of the estimated burden, ways to enhance the quality, utility, and clarity of the information to be collected, and the use of automated collection techniques or other forms of information technology to minimize the information collection burden.",https://www.federalregister.gov/documents/2026/08/21/2026-17112/agency-information-collection-activities-proposed-collection-comment-request,https://www.govinfo.gov/content/pkg/FR-2026-08-21/pdf/2026-17112.pdf,https://public-inspection.federalregister.gov/2026-17112.pdf?1787229916
2026-17111,"Notice of Draft FAA Order 5100.38E, Airport Improvement Program Handbook; Extension of Comment Period",Notice,Published,Transportation Department | Federal Aviation Administration,2026-08-21,,2026-08-31,,91 FR 54433,Docket # FAA-2026-4006,"On May 19, 2026, the FAA published a notice seeking public comments on draft FAA Order 5100.38E. The comment period for the notice was scheduled to end on August 17, 2026. The FAA received a request to extend the comment period. The FAA is extending the comment period for the May 19, 2026, notice by 14 days.",https://www.federalregister.gov/documents/2026/08/21/2026-17111/notice-of-draft-faa-order-510038e-airport-improvement-program-handbook-extension-of-comment-period,https://www.govinfo.gov/content/pkg/FR-2026-08-21/pdf/2026-17111.pdf,https://public-inspection.federalregister.gov/2026-17111.pdf?1787229916
2026-17107,Marine Mammals; File No. 29892,Notice,Published,Commerce Department | National Oceanic and Atmospheric Administration,2026-08-21,,2026-09-21,,91 FR 54312,RTID 0648-XF954,"Notice is hereby given that Edward Charles, Open Plant Studios, 27A Regent Street, Clifton, Bristol, BS8 4HG, United Kingdom, has applied in due form for a permit to conduct commercial or educational photography on marine mammals.",https://www.federalregister.gov/documents/2026/08/21/2026-17107/marine-mammals-file-no-29892,https://www.govinfo.gov/content/pkg/FR-2026-08-21/pdf/2026-17107.pdf,https://public-inspection.federalregister.gov/2026-17107.pdf?1787229916
2026-17102,"Glencoe Mill, LLC; Notice of Availability of Environmental Assessment",Notice,Published,Energy Department | Federal Energy Regulatory Commission,2026-08-21,,,,91 FR 54321,Project No. 7404-011,,https://www.federalregister.gov/documents/2026/08/21/2026-17102/glencoe-mill-llc-notice-of-availability-of-environmental-assessment,https://www.govinfo.gov/content/pkg/FR-2026-08-21/pdf/2026-17102.pdf,https://public-inspection.federalregister.gov/2026-17102.pdf?1787229915
2026-17095,Agency Information Collection Activities; Submission to the Office of Management and Budget for Review and Approval; Request for Comment; Distraction: Personal Electronic Device,Notice,Published,Transportation Department | National Highway Traffic Safety Administration,2026-08-21,,2026-09-21,,91 FR 54434,Docket No. NHTSA-2025-0058,"In compliance with the Paperwork Reduction Act of 1995 (PRA), this notice announces that the Information Collection Request (ICR) summarized below will be submitted to the Office of Management and Budget (OMB) for review and approval. The ICR describes the nature of the information collection and its expected burden. This document describes a collection of information for which NHTSA intends to seek OMB approval to conduct research on safety-related aspects of interactions with portable electronic device integration systems that allow access to smartphone applications through the vehicles built-in display. A Federal Register Notice with a 60-day comment period soliciting comments on the following information collection was published on March 6, 2026. NHTSA received two comments. There were no changes to the design of the information collection based on the comments.",https://www.federalregister.gov/documents/2026/08/21/2026-17095/agency-information-collection-activities-submission-to-the-office-of-management-and-budget-for,https://www.govinfo.gov/content/pkg/FR-2026-08-21/pdf/2026-17095.pdf,https://public-inspection.federalregister.gov/2026-17095.pdf?1787229914
2026-17090,Combined Notice of Filings,Notice,Published,Energy Department | Federal Energy Regulatory Commission,2026-08-21,,,,91 FR 54322,,,https://www.federalregister.gov/documents/2026/08/21/2026-17090/combined-notice-of-filings,https://www.govinfo.gov/content/pkg/FR-2026-08-21/pdf/2026-17090.pdf,https://public-inspection.federalregister.gov/2026-17090.pdf?1787229913
2026-17089,Combined Notice of Filings #1,Notice,Published,Energy Department | Federal Energy Regulatory Commission,2026-08-21,,,,91 FR 54322,,,https://www.federalregister.gov/documents/2026/08/21/2026-17089/combined-notice-of-filings-1,https://www.govinfo.gov/content/pkg/FR-2026-08-21/pdf/2026-17089.pdf,https://public-inspection.federalregister.gov/2026-17089.pdf?1787229913
2026-17084,Advisory Committee; Oncologic Drugs Advisory Committee; Renewal,Notice,Published,Health and Human Services Department | Food and Drug Administration,2026-08-21,,,,91 FR 54332,Docket No. FDA-2026-N-0008,"The Food and Drug Administration (FDA) is announcing the renewal of the Oncologic Drugs Advisory Committee by the Commissioner of Food and Drugs (the Commissioner). The Commissioner has determined that it is in the public interest to renew the Oncologic Drugs Advisory Committee for an additional 2 years beyond the charter expiration date. The new charter will be in effect until the September 1, 2028, expiration date.",https://www.federalregister.gov/documents/2026/08/21/2026-17084/advisory-committee-oncologic-drugs-advisory-committee-renewal,https://www.govinfo.gov/content/pkg/FR-2026-08-21/pdf/2026-17084.pdf,https://public-inspection.federalregister.gov/2026-17084.pdf?1787229913
2026-17076,Proposed Flood Hazard Determinations,Notice,Published,Homeland Security Department | Federal Emergency Management Agency,2026-08-21,,2026-11-19,,91 FR 54339,Docket ID FEMA-2026-0002 | Internal Agency Docket No. FEMA-B-2621,"Comments are requested on proposed flood hazard determinations, which may include additions or modifications of any Base Flood Elevation (BFE), base flood depth, Special Flood Hazard Area (SFHA) boundary or zone designation, or regulatory floodway on the Flood Insurance Rate Maps (FIRMs), and where applicable, in the supporting Flood Insurance Study (FIS) reports for the communities listed in the table below. The purpose of this notice is to seek general information and comment regarding the preliminary FIRM, and where applicable, the FIS report that the Federal Emergency Management Agency (FEMA) has provided to the affected communities. The FIRM and FIS report are the basis of the floodplain management measures that the community is required either to adopt or to show evidence of having in effect in order to qualify or remain qualified for participation in the National Flood Insurance Program (NFIP).",https://www.federalregister.gov/documents/2026/08/21/2026-17076/proposed-flood-hazard-determinations,https://www.govinfo.gov/content/pkg/FR-2026-08-21/pdf/2026-17076.pdf,https://public-inspection.federalregister.gov/2026-17076.pdf?1787229912
2026-17075,Proposed Flood Hazard Determinations,Notice,Published,Homeland Security Department | Federal Emergency Management Agency,2026-08-21,,2026-11-19,,91 FR 54342,Docket ID FEMA-2026-0002 | Internal Agency Docket No. FEMA-B-2619,"Comments are requested on proposed flood hazard determinations, which may include additions or modifications of any Base Flood Elevation (BFE), base flood depth, Special Flood Hazard Area (SFHA) boundary or zone designation, or regulatory floodway on the Flood Insurance Rate Maps (FIRMs), and where applicable, in the supporting Flood Insurance Study (FIS) reports for the communities listed in the table below. The purpose of this notice is to seek general information and comment regarding the preliminary FIRM, and where applicable, the FIS report that the Federal Emergency Management Agency (FEMA) has provided to the affected communities. The FIRM and FIS report are the basis of the floodplain management measures that the community is required either to adopt or to show evidence of having in effect in order to qualify or remain qualified for participation in the National Flood Insurance Program (NFIP).",https://www.federalregister.gov/documents/2026/08/21/2026-17075/proposed-flood-hazard-determinations,https://www.govinfo.gov/content/pkg/FR-2026-08-21/pdf/2026-17075.pdf,https://public-inspection.federalregister.gov/2026-17075.pdf?1787229912
2026-17074,Proposed Flood Hazard Determinations,Notice,Published,Homeland Security Department | Federal Emergency Management Agency,2026-08-21,,2026-11-19,,91 FR 54348,Docket ID FEMA-2026-0002 | Internal Agency Docket No. FEMA-B-2626,"Comments are requested on proposed flood hazard determinations, which may include additions or modifications of any Base Flood Elevation (BFE), base flood depth, Special Flood Hazard Area (SFHA) boundary or zone designation, or regulatory floodway on the Flood Insurance Rate Maps (FIRMs), and where applicable, in the supporting Flood Insurance Study (FIS) reports for the communities listed in the table below. The purpose of this notice is to seek general information and comment regarding the preliminary FIRM, and where applicable, the FIS report that the Federal Emergency Management Agency (FEMA) has provided to the affected communities. The FIRM and FIS report are the basis of the floodplain management measures that the community is required either to adopt or to show evidence of having in effect in order to qualify or remain qualified for participation in the National Flood Insurance Program (NFIP).",https://www.federalregister.gov/documents/2026/08/21/2026-17074/proposed-flood-hazard-determinations,https://www.govinfo.gov/content/pkg/FR-2026-08-21/pdf/2026-17074.pdf,https://public-inspection.federalregister.gov/2026-17074.pdf?1787229912
2026-17072,Changes in Flood Hazard Determinations,Notice,Published,Homeland Security Department | Federal Emergency Management Agency,2026-08-21,,,,91 FR 54352,Docket ID FEMA-2026-0002 | Internal Agency Docket No. FEMA-B-2624,"This notice lists communities where the addition or modification of Base Flood Elevations (BFEs), base flood depths, Special Flood Hazard Area (SFHA) boundaries or zone designations, or the regulatory floodway (hereinafter referred to as flood hazard determinations), as shown on the Flood Insurance Rate Maps (FIRMs), and where applicable, in the supporting Flood Insurance Study (FIS) reports, prepared by the Federal Emergency Management Agency (FEMA) for each community, is appropriate because of new scientific or technical data. The FIRM, and where applicable, portions of the FIS report, have been revised to reflect these flood hazard determinations through issuance of a Letter of Map Revision (LOMR), in accordance with Federal Regulations. The current effective community number is shown in the table below and must be used for all new policies and renewals.",https://www.federalregister.gov/documents/2026/08/21/2026-17072/changes-in-flood-hazard-determinations,https://www.govinfo.gov/content/pkg/FR-2026-08-21/pdf/2026-17072.pdf,https://public-inspection.federalregister.gov/2026-17072.pdf?1787229911
2026-17066,Agency Information Collection Activities: Requests for Comments; Clearance of Renewed Approval of Information Collection: National Flight Data Center Web Portal,Notice,Published,Transportation Department | Federal Aviation Administration,2026-08-21,,2026-10-20,,91 FR 54433,Docket No. FAA-2026-10198,"In accordance with the Paperwork Reduction Act of 1995, FAA invites public comments about our intention to request the Office of Management and Budget (OMB) approval to renew an information collection. The collection involves aeronautical information detailing the physical description and operational status of all components of the National Airspace System (NAS). The information to be collected will be used to update government, military, and private aeronautical databases, charts, publications, flight management systems, and in- flight tracking products.",https://www.federalregister.gov/documents/2026/08/21/2026-17066/agency-information-collection-activities-requests-for-comments-clearance-of-renewed-approval-of,https://www.govinfo.gov/content/pkg/FR-2026-08-21/pdf/2026-17066.pdf,https://public-inspection.federalregister.gov/2026-17066.pdf?1787229911
2026-17043,Agency Forms Undergoing Paperwork Reduction Act Review,Notice,Published,Health and Human Services Department | Centers for Disease Control and Prevention,2026-08-20,,,,91 FR 53871,30Day-26-1193,,https://www.federalregister.gov/documents/2026/08/20/2026-17043/agency-forms-undergoing-paperwork-reduction-act-review,https://www.govinfo.gov/content/pkg/FR-2026-08-20/pdf/2026-17043.pdf,https://public-inspection.federalregister.gov/2026-17043.pdf?1787143529
2026-17040,Proposed Data Collection Submitted for Public Comment and Recommendations,Notice,Published,Health and Human Services Department | Centers for Disease Control and Prevention,2026-08-20,,2026-10-19,,91 FR 53869,60Day-26-0214 | Docket No. CDC-2026-1387,"The Centers for Disease Control and Prevention (CDC), as part of its continuing effort to reduce public burden and maximize the utility of government information, invites the general public and other Federal agencies to take this opportunity to comment on a continuing information collection, as required by the Paperwork Reduction Act of 1995. This notice invites comment on the National Health Interview Survey (NHIS). This Extension is designed to include the continuation of current questionnaire content and data collection operations in 2027, as well as a systemic redesign of the NHIS to be implemented in 2028.",https://www.federalregister.gov/documents/2026/08/20/2026-17040/proposed-data-collection-submitted-for-public-comment-and-recommendations,https://www.govinfo.gov/content/pkg/FR-2026-08-20/pdf/2026-17040.pdf,https://public-inspection.federalregister.gov/2026-17040.pdf?1787143528
2026-17037,Proposed Data Collection Submitted for Public Comment and Recommendations,Notice,Published,Health and Human Services Department | Centers for Disease Control and Prevention,2026-08-20,,2026-10-19,,91 FR 53867,60Day-26-1461 | Docket No. CDC-2026-1420,"The Centers for Disease Control and Prevention (CDC), as part of its continuing effort to reduce public burden and maximize the utility of government information, invites the general public and other Federal agencies the opportunity to comment on a continuing information collection, as required by the Paperwork Reduction Act of 1995. This notice invites comment on a proposed information collection project titled Overdose Response Strategy Data Collection. This data collection focuses on a survey and a reporting tool that will provide critical data to CDC for program monitoring, developing technical assistance and guidance documents, and assessing the extent to which the program is achieving the goal to reduce drug overdose.",https://www.federalregister.gov/documents/2026/08/20/2026-17037/proposed-data-collection-submitted-for-public-comment-and-recommendations,https://www.govinfo.gov/content/pkg/FR-2026-08-20/pdf/2026-17037.pdf,https://public-inspection.federalregister.gov/2026-17037.pdf?1787143528
2026-17035,Agency Information Collection Activity Under OMB Review: National Transit Database (NTD),Notice,Published,Transportation Department | Federal Transit Administration,2026-08-20,,2026-09-21,,91 FR 53933,FTA Docket No. FTA 2026-0265,"In compliance with the Paperwork Reduction Act of 1995, this notice announces that the Information Collection Requirements (ICRs) abstracted below have been forwarded to the Office of Management and Budget (OMB) for review and comment. The ICR describe the nature of the information collection and their expected burdens.",https://www.federalregister.gov/documents/2026/08/20/2026-17035/agency-information-collection-activity-under-omb-review-national-transit-database-ntd,https://www.govinfo.gov/content/pkg/FR-2026-08-20/pdf/2026-17035.pdf,https://public-inspection.federalregister.gov/2026-17035.pdf?1787143527
2026-17016,Notice of Mission Authorization Pilot Program,Notice,Published,Commerce Department | National Oceanic and Atmospheric Administration,2026-08-20,,2026-10-05,,91 FR 53849,Docket No. 260818-0007 | XRIN 0648-XA009,"Pursuant to Section 5 of Executive Order 14335, ""Enabling Competition in the Commercial Space Industry,"" the Office of Space Commerce (OSC) seeks to implement a streamlined, unified, whole-of- government mission authorization framework for novel in-space activities. To refine this proposed Space Commerce Certification (SCC) framework, OSC is inviting expressions of interest from U.S. entities in participating in a pilot phase.",https://www.federalregister.gov/documents/2026/08/20/2026-17016/notice-of-mission-authorization-pilot-program,https://www.govinfo.gov/content/pkg/FR-2026-08-20/pdf/2026-17016.pdf,https://public-inspection.federalregister.gov/2026-17016.pdf?1787143525
2026-17009,Agency Information Collection Activities: Submission to OMB for Review and Approval; Public Comment Request; Black Lung Clinics Program Performance Measures,Notice,Published,Health and Human Services Department | Health Resources and Services Administration,2026-08-20,,2026-09-21,,91 FR 53884,,"In compliance with the Paperwork Reduction Act of 1995, HRSA submitted an Information Collection Request (ICR) to the Office of Management and Budget (OMB) for review and approval. Comments submitted during the first public review of this ICR will be provided to OMB. OMB will accept further comments from the public during the review and approval period. OMB may act on HRSA's ICR only after the 30-day comment period for this notice has closed.",https://www.federalregister.gov/documents/2026/08/20/2026-17009/agency-information-collection-activities-submission-to-omb-for-review-and-approval-public-comment,https://www.govinfo.gov/content/pkg/FR-2026-08-20/pdf/2026-17009.pdf,https://public-inspection.federalregister.gov/2026-17009.pdf?1787143524
2026-17008,"Environmental Management Site-Specific Advisory Board, Northern New Mexico",Notice,Published,Energy Department,2026-08-20,,,,91 FR 53853,,"This notice announces a virtual meeting of the Environmental Management Site-Specific Advisory Board (EM SSAB), Northern New Mexico. The Federal Advisory Committee Act requires that public notice of this meeting be announced in the Federal Register.",https://www.federalregister.gov/documents/2026/08/20/2026-17008/environmental-management-site-specific-advisory-board-northern-new-mexico,https://www.govinfo.gov/content/pkg/FR-2026-08-20/pdf/2026-17008.pdf,https://public-inspection.federalregister.gov/2026-17008.pdf?1787143524
2026-17005,Privacy Act of 1974; System of Records,Notice,Published,Health and Human Services Department | Centers for Medicare & Medicaid Services,2026-08-20,,,2026-08-20,91 FR 53873,,"In accordance with the Privacy Act of 1974, as amended, the Department of Health and Human Services (HHS) is establishing a new system of records to be maintained by the Centers for Medicare & Medicaid Services (CMS), titled ""Nurses for Nursing Homes Program (NNHP),"" system No. 09-70-0545. The new system of records will cover the collection of records on individuals who apply for, participate in, or otherwise support the Nurses for Nursing Homes Program (NNHP). Records maintained in the system will include personally identifiable information (PII), including demographic, professional licensure and credential information, education and training information, employment and nursing facility affiliation, payment information, tax reporting, audit records, and other records necessary to administer the program. CMS will use these records to support the administration of a nursing workforce incentive program designed to strengthen the workforce serving Medicare and Medicaid-certified nursing homes with a focus on underserved and rural communities. The scope of the new system of records will be commensurate with its purpose of supporting the Nursing Home Staffing Campaign/Nursing Incentive Program (NHSC/NIP).",https://www.federalregister.gov/documents/2026/08/20/2026-17005/privacy-act-of-1974-system-of-records,https://www.govinfo.gov/content/pkg/FR-2026-08-20/pdf/2026-17005.pdf,https://public-inspection.federalregister.gov/2026-17005.pdf?1787143524
2026-17000,Notice of Request for Clearance of a New Information Collection: Intermodal Freight Facilities Air-to-Truck and Mail Cargo Geospatial Data Update,Notice,Published,Transportation Department | Transportation Statistics Bureau,2026-08-20,,2026-10-19,,91 FR 53935,Docket No. RITA-2026-0001,"In accordance with the requirements of section 3506(c)(2)(A) of the Paperwork Reduction Act of 1995, this notice announces the intention of BTS to request approval by the Office of Management and Budget (OMB) for the bureau to update the geospatial ""Intermodal Freight Facilities Air-to-Truck"" dataset for the legislatively mandated National Transportation Atlas Database (NTAD). This data collection will reach out to airport industry experts at 113 major U.S. airports (which collectively handled about 98 percent of U.S. air freight in 2024) to verify the location of intermodal facilities, mail transfer facilities, and the physical and operational characteristics of these facilities within respective airport boundaries. The updated information will be published on the NTAD: https://geodata.bts.gov/.",https://www.federalregister.gov/documents/2026/08/20/2026-17000/notice-of-request-for-clearance-of-a-new-information-collection-intermodal-freight-facilities,https://www.govinfo.gov/content/pkg/FR-2026-08-20/pdf/2026-17000.pdf,https://public-inspection.federalregister.gov/2026-17000.pdf?1787143523
2026-16998,Advisory Committee; Endocrinologic and Metabolic Drugs Advisory Committee; Renewal,Notice,Published,Health and Human Services Department | Food and Drug Administration,2026-08-20,,,,91 FR 53876,Docket No. FDA-2026-N-0008,"The Food and Drug Administration (FDA) is announcing the renewal of the Endocrinologic and Metabolic Drugs Advisory Committee by the Commissioner of Food and Drugs (the Commissioner). The Commissioner has determined that it is in the public interest to renew the Endocrinologic and Metabolic Drugs Advisory Committee for an additional 2 years beyond the charter expiration date. The new charter will be in effect until the August 27, 2028, expiration date.",https://www.federalregister.gov/documents/2026/08/20/2026-16998/advisory-committee-endocrinologic-and-metabolic-drugs-advisory-committee-renewal,https://www.govinfo.gov/content/pkg/FR-2026-08-20/pdf/2026-16998.pdf,https://public-inspection.federalregister.gov/2026-16998.pdf?1787143523
2026-16991,Extension of Agency Information Collection Activity Under OMB Review: Security Threat Assessment for Individuals Applying for a Hazardous Materials Endorsement for a Commercial Driver's License,Notice,Published,Homeland Security Department | Transportation Security Administration,2026-08-20,,2026-09-21,,91 FR 53889,Docket No. TSA-2003-14610,"This notice announces that the Transportation Security Administration (TSA) has forwarded the Information Collection Request (ICR), Office of Management and Budget (OMB) control number 1652-0027, abstracted below to OMB for review and approval of extension of the currently approved collection under the Paperwork Reduction Act (PRA). The ICR describes the nature of the information collection and its expected burden. The collection involves the submission of biometric and biographic information that TSA uses to verify identity and conduct a Security Threat Assessment (STA), used to issue a Hazardous Materials Endorsement to the Commercial Driver's License, and a customer satisfaction survey.",https://www.federalregister.gov/documents/2026/08/20/2026-16991/extension-of-agency-information-collection-activity-under-omb-review-security-threat-assessment-for,https://www.govinfo.gov/content/pkg/FR-2026-08-20/pdf/2026-16991.pdf,https://public-inspection.federalregister.gov/2026-16991.pdf?1787143522
2026-16987,"Agency Information Collection Activities: Submission for OMB Review, Comment Request; Approval and Coordination of Requirements To Use the NETC for Extracurricular and Training Activities",Notice,Published,Homeland Security Department | Federal Emergency Management Agency,2026-08-20,,2026-09-21,,91 FR 53888,Docket ID: FEMA-2026-0133 | OMB No. 1660-0029,"The Federal Emergency Management Agency (FEMA) will submit the information collection abstracted below to the Office of Management and Budget for review and clearance in accordance with the requirements of the Paperwork Reduction Act of 1995. FEMA invites the general public to take this opportunity to comment on an extension of a currently approved information collection. In accordance with the requirements of the Paperwork Reduction Act of 1995, this notice seeks comments concerning the request form by the National Emergency Training Center (NETC) for housing accommodations.",https://www.federalregister.gov/documents/2026/08/20/2026-16987/agency-information-collection-activities-submission-for-omb-review-comment-request-approval-and,https://www.govinfo.gov/content/pkg/FR-2026-08-20/pdf/2026-16987.pdf,https://public-inspection.federalregister.gov/2026-16987.pdf?1787143521
2026-16984,"Information Collection; Improving Customer Experience (OMB Circular A-11, Section 280 Implementation)",Notice,Published,National Science Foundation,2026-08-20,,2026-10-19,,91 FR 53899,,"The National Science Foundation (NSF), as part of its continuing effort to reduce paperwork and respondent burden, is announcing an opportunity for public comment on a collection of information by the Agency. Under the Paperwork Reduction Act of 1995 (PRA), Federal Agencies are required to publish notice in the Federal Register concerning each proposed collection of information, and to allow 60 days for public comment in response to the notice. This notice solicits comments on renewing an existing collection by the Agency.",https://www.federalregister.gov/documents/2026/08/20/2026-16984/information-collection-improving-customer-experience-omb-circular-a-11-section-280-implementation,https://www.govinfo.gov/content/pkg/FR-2026-08-20/pdf/2026-16984.pdf,https://public-inspection.federalregister.gov/2026-16984.pdf?1787143521
2026-16983,"Allwin Powersports Corp., Receipt of Petition for Decision of Inconsequential Noncompliance",Notice,Published,Transportation Department | National Highway Traffic Safety Administration,2026-08-20,,2026-09-21,,91 FR 53934,Docket No. NHTSA-2026-0500 | Notice 1,"Allwin Powersports Corp. (Allwin) has determined that certain LS2 Rapid II Helmets do not fully comply with Federal Motor Vehicle Safety Standard (FMVSS) No. 218, Motorcycle Helmets. Allwin filed a noncompliance report dated November 10, 2025, and subsequently petitioned NHTSA (the ""Agency"") on November 21, 2025, for a decision that the subject noncompliance is inconsequential as it relates to motor vehicle safety. This document announces receipt of Allwin's petition.",https://www.federalregister.gov/documents/2026/08/20/2026-16983/allwin-powersports-corp-receipt-of-petition-for-decision-of-inconsequential-noncompliance,https://www.govinfo.gov/content/pkg/FR-2026-08-20/pdf/2026-16983.pdf,https://public-inspection.federalregister.gov/2026-16983.pdf?1787143520
2026-16978,Combined Notice of Filings,Notice,Published,Energy Department | Federal Energy Regulatory Commission,2026-08-20,,,,91 FR 53853,,,https://www.federalregister.gov/documents/2026/08/20/2026-16978/combined-notice-of-filings,https://www.govinfo.gov/content/pkg/FR-2026-08-20/pdf/2026-16978.pdf,https://public-inspection.federalregister.gov/2026-16978.pdf?1787143520
2026-16977,Combined Notice of Filings #1,Notice,Published,Energy Department | Federal Energy Regulatory Commission,2026-08-20,,,,91 FR 53854,,,https://www.federalregister.gov/documents/2026/08/20/2026-16977/combined-notice-of-filings-1,https://www.govinfo.gov/content/pkg/FR-2026-08-20/pdf/2026-16977.pdf,https://public-inspection.federalregister.gov/2026-16977.pdf?1787143520
2026-16970,Agency Information Collection Activities: Requests for Comments; Clearance of a Renewed Approval of Information Collection: Flight Attendant Fatigue Risk Management Plan,Notice,Published,Transportation Department | Federal Aviation Administration,2026-08-20,,2026-09-21,,91 FR 53933,Docket No. FAA-2026-4951,"In accordance with the Paperwork Reduction Act of 1995, FAA invites public comments about our intention to request the Office of Management and Budget (OMB) approval to renew an information collection. The Federal Register Notice with a 60-day comment period soliciting comments on the following collection of information was published on June 18, 2026. The collection involves submission of Fatigue Risk Management Plans (FRMP) for flight attendants of certificate holders operating under Title 14 of the Code of Federal Regulations (CFR) part 121. The certificate holders will submit the information to be collected to the FAA for review and acceptance as required by the FAA Reauthorization Act of 2018. ---------------------------------------------------------------------------",https://www.federalregister.gov/documents/2026/08/20/2026-16970/agency-information-collection-activities-requests-for-comments-clearance-of-a-renewed-approval-of,https://www.govinfo.gov/content/pkg/FR-2026-08-20/pdf/2026-16970.pdf,https://public-inspection.federalregister.gov/2026-16970.pdf?1787143519
2026-16960,Potency Assessment of Active Immunotherapy Products; Draft Guidance for Industry; Availability,Notice,Published,Health and Human Services Department | Food and Drug Administration,2026-08-20,,2026-11-18,,91 FR 53880,Docket No. FDA-2026-D-8561,"The Food and Drug Administration (FDA or Agency) is announcing the availability of a draft document titled ""Potency Assessment of Active Immunotherapy Products."" The draft guidance document provides recommendations for developing assays to assess potency as a part of a potency assurance strategy for active immunotherapy products (ACTIMPs). When finalized, this guidance will describe the FDA's current thinking regarding design, validation, and evaluation of potency tests for ACTIMPs. This guidance is intended to supplement the December 2023 draft guidance for industry, when finalized, on ""Potency Assurance for Cellular and Gene Therapy Products"" with additional advice and considerations specifically for ACTIMPs, including peptide- and-protein based ACTIMPs that are not cellular or gene therapy products.",https://www.federalregister.gov/documents/2026/08/20/2026-16960/potency-assessment-of-active-immunotherapy-products-draft-guidance-for-industry-availability,https://www.govinfo.gov/content/pkg/FR-2026-08-20/pdf/2026-16960.pdf,https://public-inspection.federalregister.gov/2026-16960.pdf?1787143517
2026-16959,Frequently Asked Questions-Developing Potential Cellular and Gene Therapy Products; Final Guidance for Industry; Availability,Notice,Published,Health and Human Services Department | Food and Drug Administration,2026-08-20,,,,91 FR 53879,Docket No. FDA-2024-D-4311,"The Food and Drug Administration (FDA or Agency) is announcing the availability of a final guidance titled ""Frequently asked Questions--Developing Potential Cellular and Gene Therapy Products."" The guidance document provides industry with answers to frequently asked questions (FAQs) and commonly faced issues that arise during the development of cellular and gene therapy (CGT) products. The FAQs represent common questions directed to the Agency and span multiple disciplines, including regulatory review; chemistry, manufacturing, and controls (CMC); pharmacology/toxicology; clinical; and clinical pharmacology. This guidance announced in this notice finalizes the draft guidance of the same title issued on November 19, 2024.",https://www.federalregister.gov/documents/2026/08/20/2026-16959/frequently-asked-questions-developing-potential-cellular-and-gene-therapy-products-final-guidance,https://www.govinfo.gov/content/pkg/FR-2026-08-20/pdf/2026-16959.pdf,https://public-inspection.federalregister.gov/2026-16959.pdf?1787143517
C1-2026-15326,Agency Information Collection Activities: Proposed Collection; Comment Request,Notice,Published,Health and Human Services Department | Agency for Healthcare Research and Quality,2026-08-19,,,,91 FR 53620,,,https://www.federalregister.gov/documents/2026/08/19/C1-2026-15326/agency-information-collection-activities-proposed-collection-comment-request,https://www.govinfo.gov/content/pkg/FR-2026-08-19/pdf/C1-2026-15326.pdf,https://public-inspection.federalregister.gov/C1-2026-15326.pdf?1787057117
2026-16927,Combined Notice of Filings #1,Notice,Published,Energy Department | Federal Energy Regulatory Commission,2026-08-19,,,,91 FR 53616,,,https://www.federalregister.gov/documents/2026/08/19/2026-16927/combined-notice-of-filings-1,https://www.govinfo.gov/content/pkg/FR-2026-08-19/pdf/2026-16927.pdf,https://public-inspection.federalregister.gov/2026-16927.pdf?1787057119
2026-16925,Commission Information Collection Activities (FERC-725U); Comment Request; Extension,Notice,Published,Energy Department | Federal Energy Regulatory Commission,2026-08-19,,2026-09-18,,91 FR 53612,Docket No. IC26-29-000,"In compliance with the requirements of the Paperwork Reduction Act of 1995, the Federal Energy Regulatory Commission (Commission or FERC) is soliciting public comment on the currently approved information collection FERC-725U (1902-0274), Mandatory Reliability Standards for the Bulk Power System; CIP Reliability Standards. There are no proposed changes to the reporting requirements. The comment period ended on July 27, 2026, with no comments received.",https://www.federalregister.gov/documents/2026/08/19/2026-16925/commission-information-collection-activities-ferc-725u-comment-request-extension,https://www.govinfo.gov/content/pkg/FR-2026-08-19/pdf/2026-16925.pdf,https://public-inspection.federalregister.gov/2026-16925.pdf?1787057118
2026-16922,"Rio Grande LNG, LLC, Rio Grande LNG Train 4, LLC, Rio Grande LNG Train 5, LLC; Notice of Schedule for the Preparation of an Environmental Assessment for the Rio Grande LNG Capacity Amendment",Notice,Published,Energy Department | Federal Energy Regulatory Commission,2026-08-19,,,,91 FR 53617,Docket No. CP26-31-000,,https://www.federalregister.gov/documents/2026/08/19/2026-16922/rio-grande-lng-llc-rio-grande-lng-train-4-llc-rio-grande-lng-train-5-llc-notice-of-schedule-for-the,https://www.govinfo.gov/content/pkg/FR-2026-08-19/pdf/2026-16922.pdf,https://public-inspection.federalregister.gov/2026-16922.pdf?1787057118
2026-16921,Commission Information Collection Activities (FERC-923); Comment Request; Extension,Notice,Published,Energy Department | Federal Energy Regulatory Commission,2026-08-19,,2026-09-18,,91 FR 53614,Docket No. IC26-31-000,"In compliance with the requirements of the Paperwork Reduction Act of 1995, the Federal Energy Regulatory Commission (Commission or FERC) is soliciting public comment on the requirements and burden of the information collection FERC-923 (1902-0265), Communication of Operational Information between Natural Gas Pipelines and Electric Transmission Operators, described below, which will be submitted to the Office of Management and Budget (OMB) for review. The 60-day notice ended on July 13, 2026 with no comment received.",https://www.federalregister.gov/documents/2026/08/19/2026-16921/commission-information-collection-activities-ferc-923-comment-request-extension,https://www.govinfo.gov/content/pkg/FR-2026-08-19/pdf/2026-16921.pdf,https://public-inspection.federalregister.gov/2026-16921.pdf?1787057118
2026-16920,Proposed Collection; Comment Request,Notice,Published,Defense Department,2026-08-19,,2026-10-19,,91 FR 53611,Docket ID: DOD-2026-OS-1684,"In compliance with the Paperwork Reduction Act of 1995, USCENTCOM announces a proposed public information collection and seeks public comment on the provisions thereof. Comments are invited on: whether the proposed collection of information is necessary for the proper performance of the functions of the agency, including whether the information shall have practical utility; the accuracy of the agency's estimate of the burden of the proposed information collection; ways to enhance the quality, utility, and clarity of the information to be collected; and ways to minimize the burden of the information collection on respondents, including through the use of automated collection techniques or other forms of information technology.",https://www.federalregister.gov/documents/2026/08/19/2026-16920/proposed-collection-comment-request,https://www.govinfo.gov/content/pkg/FR-2026-08-19/pdf/2026-16920.pdf,https://public-inspection.federalregister.gov/2026-16920.pdf?1787057118
2026-16915,Commission Information Collection Activities (Ferc-511) Comment Request; Extension; Correction,Notice,Published,Energy Department | Federal Energy Regulatory Commission,2026-08-19,,,2026-08-19,91 FR 53618,Docket No. IC26-35-000,"The Federal Energy Regulatory Commission published a notice in the Federal Register on August 14, 2026 in 91 FR 52684 (vol. 91, no. 156, page 52684, column 3) requesting comments on submitting the information collection FERC-511: Transfer of Hydropower License (OMB No 1902-0069) to the Office of Management and Budget (OMB) for review of the information collection requirements. The document incorrectly set a 60-day comment window instead of the correct 30-day comment window. The corrected comment window closes September 14, 2026.",https://www.federalregister.gov/documents/2026/08/19/2026-16915/commission-information-collection-activities-ferc-511-comment-request-extension-correction,https://www.govinfo.gov/content/pkg/FR-2026-08-19/pdf/2026-16915.pdf,https://public-inspection.federalregister.gov/2026-16915.pdf?1787057117
2026-16913,"Agency Information Collection Activities: Requests for Comments; Clearance of a Renewed Approval of Information Collection: Maintenance, Preventive Maintenance, Rebuilding, and Alteration; Correction",Notice,Published,Transportation Department | Federal Aviation Administration,2026-08-19,,2026-09-03,,91 FR 53693,Docket No. FAA-2026-5017,"In accordance with the Paperwork Reduction Act of 1995, FAA invites public to make comments about our intention to request the Office of Management and Budget (OMB) approval to renew an information collection. The Federal Register Notice with a 60-day comment period soliciting comments on the following collection of information was published on June 02, 2026. The Information to be collected is necessary to insure the safety of the flying public. Documentation of maintenance repair actions record who, what, when, where and how of the task performed. All maintenance actions as well as documentation are required by Title 14 CFR part 43. This collection focuses on Form 337 which is collected by the FAA. Other records for preventative maintenance, and logbook entries are not collected by the FAA serve as a responsibility of the owner to maintain in case of verification of airworthiness when seeking approval or sale of the aircraft. This ensures proper certification of personnel; proper tooling is utilized and accurate measures to ensure safety. Total form 337s submitted in 2024 is 76,253. Total general aviation aircraft registrations on file are 438,651. It is estimated by the numbers collected one in every five aircraft have a 337-form submitted for major alteration and repairs performed. Each 337 takes approximately 1 hour.",https://www.federalregister.gov/documents/2026/08/19/2026-16913/agency-information-collection-activities-requests-for-comments-clearance-of-a-renewed-approval-of,https://www.govinfo.gov/content/pkg/FR-2026-08-19/pdf/2026-16913.pdf,https://public-inspection.federalregister.gov/2026-16913.pdf?1787057117
2026-16912,"Agency Information Collection Activities: Proposed Collection: Public Comment Request; Information Collection Request Title: Voluntary Partner Survey on HRSA Customer Service, OMB No. 0906-0084-Revision",Notice,Published,Health and Human Services Department | Health Resources and Services Administration,2026-08-19,,2026-10-19,,91 FR 53623,,"In compliance with the requirement for opportunity for public comment on proposed data collection projects of the Paperwork Reduction Act of 1995, HRSA announces plans to submit an Information Collection Request (ICR), described below, to the Office of Management and Budget (OMB). Prior to submitting the ICR to OMB, HRSA seeks comments from the public regarding the burden estimate, below, or any other aspect of the ICR.",https://www.federalregister.gov/documents/2026/08/19/2026-16912/agency-information-collection-activities-proposed-collection-public-comment-request-information,https://www.govinfo.gov/content/pkg/FR-2026-08-19/pdf/2026-16912.pdf,https://public-inspection.federalregister.gov/2026-16912.pdf?1787057117
2026-16911,Accuracy of Importer of Record Data Submitted to CBP,Notice,Published,Homeland Security Department | U.S. Customs and Border Protection,2026-08-19,,,,91 FR 53627,,"This document notifies the public that U.S. Customs and Border Protection (CBP) is taking initial steps to implement Executive Order 14411 ""Strengthening Customs Enforcement."" CBP is executing enhanced enforcement procedures to verify the accuracy of the information provided by new and existing importers of record on the CBP Form 5106, consistent with Executive Order 14411 and governing statutes. Importers of Record (IORs), or customs brokers providing information on the IOR's behalf, must provide accurate and complete information for the IOR. Inaccurate information may result in immediate voiding of IOR numbers and other enforcement actions. IORs, or customs brokers providing information on the IOR's behalf, should ensure that the information is accurate to avoid the voiding of their IOR number, and in preparation for future Executive Order implementation.",https://www.federalregister.gov/documents/2026/08/19/2026-16911/accuracy-of-importer-of-record-data-submitted-to-cbp,https://www.govinfo.gov/content/pkg/FR-2026-08-19/pdf/2026-16911.pdf,https://public-inspection.federalregister.gov/2026-16911.pdf?1787057117
2026-16909,"Rescinding the Notice of Intent To Prepare an Environmental Impact Statement and Draft Environmental Impact Statement: Bishopville Truck Route, Bishopville, SC",Notice,Published,Transportation Department | Federal Highway Administration,2026-08-19,,,,91 FR 53694,,"FHWA is issuing this notice to advise the public that it is rescinding its Notice of Intent (NOI), published in the Federal Register on April 14, 2017, to prepare an Environmental Impact Statement (EIS) for the Bishopville Truck Route, state project #033261, a proposal to provide a truck route in the vicinity of the City of Bishopville in Lee County, South Carolina.",https://www.federalregister.gov/documents/2026/08/19/2026-16909/rescinding-the-notice-of-intent-to-prepare-an-environmental-impact-statement-and-draft-environmental,https://www.govinfo.gov/content/pkg/FR-2026-08-19/pdf/2026-16909.pdf,https://public-inspection.federalregister.gov/2026-16909.pdf?1787057117
2026-16889,New England Fishery Management Council; Public Meeting,Notice,Published,Commerce Department | National Oceanic and Atmospheric Administration,2026-08-19,,,,91 FR 53609,RTID 0648-XF931,"The New England Fishery Management Council (Council) is scheduling a public meeting of its Joint Herring Committee and Advisory Panel to consider actions affecting New England fisheries in the exclusive economic zone (EEZ). Recommendations from this group will be brought to the full Council for formal consideration and action, if appropriate.",https://www.federalregister.gov/documents/2026/08/19/2026-16889/new-england-fishery-management-council-public-meeting,https://www.govinfo.gov/content/pkg/FR-2026-08-19/pdf/2026-16889.pdf,https://public-inspection.federalregister.gov/2026-16889.pdf?1787057114
2026-16886,Public Meeting of the National Sea Grant Advisory Board,Notice,Published,Commerce Department | National Oceanic and Atmospheric Administration,2026-08-19,,,,91 FR 53606,,"This notice sets forth the schedule and proposed agenda of a forthcoming meeting of the National Sea Grant Advisory Board (Board), a Federal Advisory Committee. Board members will discuss and provide advice on the National Sea Grant College Program (Sea Grant) in the areas of program evaluation, strategic planning, education and extension, science and technology programs, and other matters as described in the agenda found on the Sea Grant website. For more information on this Federal Advisory Committee please visit the Federal Advisory Committee database: https://www.facadatabase.gov/FACA/ FACAPublicPage.",https://www.federalregister.gov/documents/2026/08/19/2026-16886/public-meeting-of-the-national-sea-grant-advisory-board,https://www.govinfo.gov/content/pkg/FR-2026-08-19/pdf/2026-16886.pdf,https://public-inspection.federalregister.gov/2026-16886.pdf?1787057114
2026-16878,"Agency Information Collection Activities: Submission to OMB for Review and Approval; Public Comment Request; Health Professions Student Loan Program, Loans for Disadvantaged Students Program, Primary Care Loan Program, and Nursing Student Loan Program Administrative Requirements, OMB No. 0906-0088-Extension",Notice,Published,Health and Human Services Department | Health Resources and Services Administration,2026-08-19,,2026-09-18,,91 FR 53624,,"In compliance with the Paperwork Reduction Act of 1995, HRSA submitted an Information Collection Request (ICR) to the Office of Management and Budget (OMB) for review and approval. Comments submitted during the first public review of this ICR will be provided to OMB. OMB will accept further comments from the public during the review and approval period. OMB may act on HRSA's ICR only after the 30-day comment period for this notice has closed.",https://www.federalregister.gov/documents/2026/08/19/2026-16878/agency-information-collection-activities-submission-to-omb-for-review-and-approval-public-comment,https://www.govinfo.gov/content/pkg/FR-2026-08-19/pdf/2026-16878.pdf,https://public-inspection.federalregister.gov/2026-16878.pdf?1787057113
2026-16877,"Agency Information Collection Activities: The Department of Homeland Security, Emergency Communications Division, Communications Assets Survey and Mapping (CASM) Tool Registration Tool",Notice,Published,Homeland Security Department,2026-08-19,,2026-10-19,,91 FR 53628,Docket No. CISA-2026-0166,The Emergency Communications Division (ECD) within the Cybersecurity and Infrastructure Security Agency (CISA) submits the following Information Collection Request (ICR) to the Office of Management and Budget (OMB) for review and clearance.,https://www.federalregister.gov/documents/2026/08/19/2026-16877/agency-information-collection-activities-the-department-of-homeland-security-emergency,https://www.govinfo.gov/content/pkg/FR-2026-08-19/pdf/2026-16877.pdf,https://public-inspection.federalregister.gov/2026-16877.pdf?1787057113
2026-16875,Permanent Advisory Committee To Advise the U.S. Commissioners to the Western and Central Pacific Fisheries Commission; Meeting Announcement,Notice,Published,Commerce Department | National Oceanic and Atmospheric Administration,2026-08-19,,,,91 FR 53609,RTID 0648-XF919,"NMFS announces a public meeting of the Permanent Advisory Committee (PAC) to advise the U.S. Commissioners to the Commission for the Conservation and Management of Highly Migratory Fish Stocks in the Western and Central Pacific Ocean (WCPFC) on October 5 and 6, 2026. Meeting topics are provided under the SUPPLEMENTARY INFORMATION section of this notice.",https://www.federalregister.gov/documents/2026/08/19/2026-16875/permanent-advisory-committee-to-advise-the-us-commissioners-to-the-western-and-central-pacific,https://www.govinfo.gov/content/pkg/FR-2026-08-19/pdf/2026-16875.pdf,https://public-inspection.federalregister.gov/2026-16875.pdf?1787057113
2026-16871,"Agency Information Collection Activities: Proposed Collection: Public Comment Request; Information Collection Request Title: Rural Maternity and Obstetrics Management Strategies Program Data Collection, OMB No. 0915-0394-Revision",Notice,Published,Health and Human Services Department | Health Resources and Services Administration,2026-08-19,,2026-10-19,,91 FR 53622,,"In compliance with the requirement for opportunity for public comment on proposed data collection projects of the Paperwork Reduction Act of 1995, HRSA announces plans to submit an Information Collection Request (ICR), described below, to the Office of Management and Budget (OMB). Prior to submitting the ICR to OMB, HRSA seeks comments from the public regarding the burden estimate, below, or any other aspect of the ICR.",https://www.federalregister.gov/documents/2026/08/19/2026-16871/agency-information-collection-activities-proposed-collection-public-comment-request-information,https://www.govinfo.gov/content/pkg/FR-2026-08-19/pdf/2026-16871.pdf,https://public-inspection.federalregister.gov/2026-16871.pdf?1787057112
2026-16869,Deep Seabed Mining: Notice of Receipt of Consolidated Application for Deep Seabed Mining Exploration License and Commercial Recovery Permit and Announcement of Public Comment Period and Virtual Public Hearing,Notice,Published,Commerce Department | National Oceanic and Atmospheric Administration,2026-08-19,,2026-10-19,,91 FR 53608,Docket No: 260706-0163,"NOAA has received a consolidated application for a license to conduct seabed mining exploration activities and a permit to conduct commercial recovery activities that is fully compliant with the applicable information requirements of the Deep Seabed Hard Mineral Resources Act (DSHMRA or the Act) and the Act's implementing regulations. As part of the application review process, NOAA will hold one virtual public hearing on The Metal Company USA, LLC's (TMC USA) consolidated application and will accept written comments on the application submitted electronically via the instructions below.",https://www.federalregister.gov/documents/2026/08/19/2026-16869/deep-seabed-mining-notice-of-receipt-of-consolidated-application-for-deep-seabed-mining-exploration,https://www.govinfo.gov/content/pkg/FR-2026-08-19/pdf/2026-16869.pdf,https://public-inspection.federalregister.gov/2026-16869.pdf?1787057112
2026-16866,The 52nd Meeting of the U.S. Coral Reef Task Force,Notice,Published,Commerce Department | National Oceanic and Atmospheric Administration,2026-08-19,,,,91 FR 53604,,NOAA and the Department of the Interior (DOI) will hold the 52nd meeting of the U.S. Coral Reef Task Force (USCRTF). NOAA and DOI will be accepting oral comments during the meeting; written comments may be submitted in advance using the information in the ADDRESSES section.,https://www.federalregister.gov/documents/2026/08/19/2026-16866/the-52nd-meeting-of-the-us-coral-reef-task-force,https://www.govinfo.gov/content/pkg/FR-2026-08-19/pdf/2026-16866.pdf,https://public-inspection.federalregister.gov/2026-16866.pdf?1787057112
2026-16863,"Agency Information Collection Activities; Extension, Without Change, of a Currently Approved Collection: E-Verify+",Notice,Published,Homeland Security Department | U.S. Citizenship and Immigration Services,2026-08-19,,2026-09-18,,91 FR 53630,OMB Control Number 1615-0160,"The Department of Homeland Security (DHS), U.S. Citizenship and Immigration Services (USCIS) will be submitting the following information collection request to the Office of Management and Budget (OMB) for review and clearance in accordance with the Paperwork Reduction Act of 1995. The purpose of this notice is to allow an additional 30 days for public comments.",https://www.federalregister.gov/documents/2026/08/19/2026-16863/agency-information-collection-activities-extension-without-change-of-a-currently-approved-collection,https://www.govinfo.gov/content/pkg/FR-2026-08-19/pdf/2026-16863.pdf,https://public-inspection.federalregister.gov/2026-16863.pdf?1787057111
2026-16862,"Agency Information Collection Activities; Extension, Without Change, of a Currently Approved Collection: Employment Eligibility Verification",Notice,Published,Homeland Security Department | U.S. Citizenship and Immigration Services,2026-08-19,,2026-09-18,,91 FR 53629,OMB Control Number 1615-0047,"The Department of Homeland Security (DHS), U.S. Citizenship and Immigration Services (USCIS) will be submitting the following information collection request to the Office of Management and Budget (OMB) for review and clearance in accordance with the Paperwork Reduction Act of 1995. The purpose of this notice is to allow an additional 30 days for public comments.",https://www.federalregister.gov/documents/2026/08/19/2026-16862/agency-information-collection-activities-extension-without-change-of-a-currently-approved-collection,https://www.govinfo.gov/content/pkg/FR-2026-08-19/pdf/2026-16862.pdf,https://public-inspection.federalregister.gov/2026-16862.pdf?1787057111
2026-16852,Solicitation of Nominations for Appointment to the World Trade Center Health Program Scientific/Technical Advisory Committee,Notice,Published,Health and Human Services Department | Centers for Disease Control and Prevention,2026-08-19,,,,91 FR 53620,,"The Centers for Disease Control and Prevention (CDC), within the Department of Health and Human Services (HHS), is seeking nominations for membership on the World Trade Center (WTC) Health Program Scientific/Technical Advisory Committee (STAC), in accordance with provisions of the James Zadroga 9/11 Health and Compensation Act of 2010, as amended. The STAC consists of 17 members including experts in fields associated with occupational medicine, pulmonary medicine, environmental medicine, environmental health, industrial hygiene, epidemiology, toxicology, and mental health, and representatives of WTC responders as well as representatives of certified-eligible WTC survivors.",https://www.federalregister.gov/documents/2026/08/19/2026-16852/solicitation-of-nominations-for-appointment-to-the-world-trade-center-health-program,https://www.govinfo.gov/content/pkg/FR-2026-08-19/pdf/2026-16852.pdf,https://public-inspection.federalregister.gov/2026-16852.pdf?1787057110
2026-16837,Determining Whether To Submit an ANDA or a 505(b)(2) Application; Draft Guidance for Industry; Availability,Notice,Published,Health and Human Services Department | Food and Drug Administration,2026-08-18,,2026-10-19,,91 FR 53418,Docket No. FDA-2017-D-5974,"The Food and Drug Administration (FDA or Agency) is announcing the availability of a draft guidance for industry titled ""Determining Whether to Submit an ANDA or a 505(b)(2) Application."" This draft guidance is intended to serve as a foundational guidance to assist applicants in determining which one of the abbreviated approval pathways under the Federal Food, Drug, and Cosmetic Act (FD&C Act) is appropriate for the submission of a marketing application to FDA. This draft guidance revises the guidance for industry titled ""Determining Whether to Submit an ANDA or a 505(b)(2) Application"" issued in May 2019 and, when finalized, will replace the 2019 guidance for industry.",https://www.federalregister.gov/documents/2026/08/18/2026-16837/determining-whether-to-submit-an-anda-or-a-505b2-application-draft-guidance-for-industry,https://www.govinfo.gov/content/pkg/FR-2026-08-18/pdf/2026-16837.pdf,https://public-inspection.federalregister.gov/2026-16837.pdf?1786970728
2026-16835,"Columbia Gas Transmission, LLC; Notice of Request Under Blanket Authorization and Establishing Intervention and Protest Deadline",Notice,Published,Energy Department | Federal Energy Regulatory Commission,2026-08-18,,,,91 FR 53411,Docket No. CP26-562-000,,https://www.federalregister.gov/documents/2026/08/18/2026-16835/columbia-gas-transmission-llc-notice-of-request-under-blanket-authorization-and-establishing,https://www.govinfo.gov/content/pkg/FR-2026-08-18/pdf/2026-16835.pdf,https://public-inspection.federalregister.gov/2026-16835.pdf?1786970728
2026-16833,"Pacific Gas and Electric Company; Notice of Additional Scoping Sessions on Proposed Surrender, Decommissioning, and Non-Project Use of Project Lands",Notice,Published,Energy Department | Federal Energy Regulatory Commission,2026-08-18,,,,91 FR 53410,Project No. 77-332,,https://www.federalregister.gov/documents/2026/08/18/2026-16833/pacific-gas-and-electric-company-notice-of-additional-scoping-sessions-on-proposed-surrender,https://www.govinfo.gov/content/pkg/FR-2026-08-18/pdf/2026-16833.pdf,https://public-inspection.federalregister.gov/2026-16833.pdf?1786970728
2026-16829,Testosterone Use in Menopausal Women; Public Workshop; Request for Comments,Notice,Published,Health and Human Services Department | Food and Drug Administration,2026-08-18,,,,91 FR 53417,Docket No. FDA-2026-N-5479,"The Food and Drug Administration's (FDA) Office of Women's Health and the Center for Drug Evaluation and Research are announcing a public workshop titled ""Testosterone Use in Menopausal Women."" The purpose of the public workshop is to examine the current scientific evidence and critical knowledge gaps related to testosterone use in menopausal women to help inform future research and potential drug development of testosterone products for menopausal women. Researchers, educators, industry, clinicians, patients, and consumers may benefit from attending this scientific workshop. Presentations will examine the physiological roles of testosterone throughout a woman's life, including age-related decline, the menopausal transition, challenges associated with measuring and interpreting testosterone blood levels, and how these levels correlate with clinical symptoms and conditions. Speakers will review current and potential clinical uses of testosterone in menopausal women and examine the strengths and limitations of available data supporting those uses. Speakers will discuss regulatory considerations, including the development of robust efficacy and safety data, to support a marketing application for testosterone in menopausal women for the treatment of various clinical conditions, and study design considerations for evaluating long-term safety outcomes in women.",https://www.federalregister.gov/documents/2026/08/18/2026-16829/testosterone-use-in-menopausal-women-public-workshop-request-for-comments,https://www.govinfo.gov/content/pkg/FR-2026-08-18/pdf/2026-16829.pdf,https://public-inspection.federalregister.gov/2026-16829.pdf?1786970727
2026-16817,"Takes of Marine Mammals Incidental to Specified Activities; Taking Marine Mammals Incidental to Marine Structure Maintenance and Pile Replacement Program in Puget Sound, Washington",Notice,Published,Commerce Department | National Oceanic and Atmospheric Administration,2026-08-18,,2026-09-17,,91 FR 53486,RTID 0648-XF702,"NMFS has received a request from the United States Navy (Navy) for authorization to take marine mammals incidental to the 2026 Marine Structure Maintenance and Pile Replacement project in Puget Sound, Washington. Pursuant to the Marine Mammal Protection Act (MMPA), NMFS is requesting comments on its proposal to issue an incidental harassment authorization (IHA) to incidentally take marine mammals during the specified activities. NMFS is also requesting comments on a possible one-time, 1-year renewal that could be issued under certain circumstances and if all requirements are met, as described in Request for Public Comments at the end of this notice. NMFS will consider public comments prior to making any final decision on the issuance of the requested MMPA authorization and agency responses will be summarized in the final notice of our decision.",https://www.federalregister.gov/documents/2026/08/18/2026-16817/takes-of-marine-mammals-incidental-to-specified-activities-taking-marine-mammals-incidental-to,https://www.govinfo.gov/content/pkg/FR-2026-08-18/pdf/2026-16817.pdf,https://public-inspection.federalregister.gov/2026-16817.pdf?1786970725
2026-16815,Taking and Importing Marine Mammals; Taking Marine Mammals Incidental to Geophysical Surveys Related to Oil and Gas Activities in the Gulf of America,Notice,Published,Commerce Department | National Oceanic and Atmospheric Administration,2026-08-18,,,2026-10-01,91 FR 53404,RTID 0648-XF940,"In accordance with the Marine Mammal Protection Act (MMPA), as amended, its implementing regulations, and NMFS' MMPA regulations for taking marine mammals incidental to geophysical surveys related to oil and gas activities in the Gulf of America (GOA), notification is hereby given that NMFS has modified the Letter of Authorization (LOA) issued to bp Exploration and Production Inc. (bp) for the take of marine mammals incidental to geophysical survey activity in the GOA.",https://www.federalregister.gov/documents/2026/08/18/2026-16815/taking-and-importing-marine-mammals-taking-marine-mammals-incidental-to-geophysical-surveys-related,https://www.govinfo.gov/content/pkg/FR-2026-08-18/pdf/2026-16815.pdf,https://public-inspection.federalregister.gov/2026-16815.pdf?1786970724
2026-16813,Combined Notice of Filings #1,Notice,Published,Energy Department | Federal Energy Regulatory Commission,2026-08-18,,,,91 FR 53408,,,https://www.federalregister.gov/documents/2026/08/18/2026-16813/combined-notice-of-filings-1,https://www.govinfo.gov/content/pkg/FR-2026-08-18/pdf/2026-16813.pdf,https://public-inspection.federalregister.gov/2026-16813.pdf?1786970724
2026-16812,Supplemental Notice of Partial Buy America Waiver for Minibuses,Notice,Published,Transportation Department | Federal Transit Administration,2026-08-18,,2026-09-02,,91 FR 53478,Docket No. FTA-2024-0018,"On December 20, 2024, the Federal Transit Administration (FTA) published a notice of proposed Buy America waiver for certain battery- electric minibuses. FTA has not made a final decision on the proposal. FTA is seeking supplemental comment as to whether FTA should remove the proposed requirement that the minibuses be battery-electric propulsion.",https://www.federalregister.gov/documents/2026/08/18/2026-16812/supplemental-notice-of-partial-buy-america-waiver-for-minibuses,https://www.govinfo.gov/content/pkg/FR-2026-08-18/pdf/2026-16812.pdf,https://public-inspection.federalregister.gov/2026-16812.pdf?1786970724
2026-16810,Combined Notice of Filings,Notice,Published,Energy Department | Federal Energy Regulatory Commission,2026-08-18,,,,91 FR 53408,,,https://www.federalregister.gov/documents/2026/08/18/2026-16810/combined-notice-of-filings,https://www.govinfo.gov/content/pkg/FR-2026-08-18/pdf/2026-16810.pdf,https://public-inspection.federalregister.gov/2026-16810.pdf?1786970723
2026-16808,Combined Notice of Filings #2,Notice,Published,Energy Department | Federal Energy Regulatory Commission,2026-08-18,,,,91 FR 53407,,,https://www.federalregister.gov/documents/2026/08/18/2026-16808/combined-notice-of-filings-2,https://www.govinfo.gov/content/pkg/FR-2026-08-18/pdf/2026-16808.pdf,https://public-inspection.federalregister.gov/2026-16808.pdf?1786970723
2026-16803,"Notice of Availability, Notice of Public Comment Period and Request for Comment on the Draft Environmental Assessment for Reditus Space ENOS Reentries in the Gulf of America",Notice,Published,Transportation Department | Federal Aviation Administration,2026-08-18,,2026-08-28,,91 FR 53478,,"In accordance with the National Environmental Policy Act of 1969, as amended (NEPA) and FAA Order 1050.1G, FAA National Environmental Policy Act Implementing Procedures, the FAA is announcing the availability of and requesting comment on the Draft Environmental Assessment for Reditus Space ENOS Reentries in the Gulf of America (Draft EA).",https://www.federalregister.gov/documents/2026/08/18/2026-16803/notice-of-availability-notice-of-public-comment-period-and-request-for-comment-on-the-draft,https://www.govinfo.gov/content/pkg/FR-2026-08-18/pdf/2026-16803.pdf,https://public-inspection.federalregister.gov/2026-16803.pdf?1786970722
2026-16793,Submission for Office of Management and Budget Review; ACF-700 Tribal Annual Report,Notice,Published,Health and Human Services Department | Children and Families Administration,2026-08-18,,2026-09-17,,91 FR 53416,Office of Management and Budget #: 0970-0430,The Administration for Children and Families (ACF) is requesting to reinstate approval of the ACF-700: Tribal Annual Report (Office of Management and Budget (OMB) #: 0970-0430) with proposed revisions. ACF requests changes to the form that reduce annual burden hours.,https://www.federalregister.gov/documents/2026/08/18/2026-16793/submission-for-office-of-management-and-budget-review-acf-700-tribal-annual-report,https://www.govinfo.gov/content/pkg/FR-2026-08-18/pdf/2026-16793.pdf,https://public-inspection.federalregister.gov/2026-16793.pdf?1786970721
2026-16791,"Agency Information Collection Activities; Submission to the Office of Management and Budget (OMB) for Review and Approval; Comment Request; State and Local Government Finance Collections, and Public Employment & Payroll Collections",Notice,Published,Commerce Department | Census Bureau,2026-08-18,,2026-10-19,,91 FR 53400,,"The Department of Commerce, in accordance with the Paperwork Reduction Act (PRA) of 1995, invites the general public and other Federal agencies to comment on proposed and continuing information collections, which helps us assess the impact of our information collection requirements and minimize the public's reporting burden. The purpose of this notice is to allow for 60 days of public comment on the proposed revisions to the State and Local Government Finance Collections, and Public Employment & Payroll Collections, prior to the submission of the information collection request (ICR) to OMB for approval.",https://www.federalregister.gov/documents/2026/08/18/2026-16791/agency-information-collection-activities-submission-to-the-office-of-management-and-budget-omb-for,https://www.govinfo.gov/content/pkg/FR-2026-08-18/pdf/2026-16791.pdf,https://public-inspection.federalregister.gov/2026-16791.pdf?1786970721
2026-16776,America's Great Corridors of Commerce; Request for Information,Notice,Published,Transportation Department,2026-08-18,,2026-09-12,,91 FR 53479,Docket No.: DOT-OST- 2026-3269,"Significant and immediate investment in linear utility infrastructure is essential to meet the surging energy needs of critical manufacturing and emerging technologies that drive America's security, prosperity, and global leadership. Highway and rail transportation assets represent significant linear rights-of-way (ROWs) that have traditionally been reserved solely for transportation needs. The U.S. Department of Transportation (DOT or the Department), through the Build America Bureau, created the America's Great Corridors of Commerce (AGCC) initiative to unleash opportunities for both highway and rail ROW owners to generate revenue streams through utility colocation that can fund transportation improvement projects, while simultaneously delivering significant economic development to these areas. AGCC is a voluntary, applicant- driven process in which ROW owners propose corridors for strategic colocation of utility infrastructure in the transportation ROW through an innovative public-private partnership (P3) model. Selected corridors receive concierge technical assistance and enhanced collaboration from a team of experts from relevant Federal agencies. In this RFI, DOT seeks comments from the public and interested parties on the AGCC model and the proposed elements of DOT's anticipated AGCC designation process.",https://www.federalregister.gov/documents/2026/08/18/2026-16776/americas-great-corridors-of-commerce-request-for-information,https://www.govinfo.gov/content/pkg/FR-2026-08-18/pdf/2026-16776.pdf,https://public-inspection.federalregister.gov/2026-16776.pdf?1786970716
2026-16766,Agency Information Collection Request; 30-Day Public Comment Request; Submission for Office of Management and Budget Review; Generic Clearance for the Trusted Exchange Framework and Common Agreement (TEFCA) Monitoring Activities,Notice,Published,Health and Human Services Department,2026-08-17,,2026-09-16,,91 FR 53272,,"The Office of the National Coordinator for Health IT (ONC), Office of the Secretary (OS), Department of Health and Human Services, is seeking a three-year generic clearance to collect routine customer feedback on agency service delivery and program performance related to TEFCA.",https://www.federalregister.gov/documents/2026/08/17/2026-16766/agency-information-collection-request-30-day-public-comment-request-submission-for-office-of,https://www.govinfo.gov/content/pkg/FR-2026-08-17/pdf/2026-16766.pdf,https://public-inspection.federalregister.gov/2026-16766.pdf?1786711520
2026-16761,Proposed Collection: 30-Day Comment Request; Specimen Resource Locator (National Cancer Institute),Notice,Published,Health and Human Services Department | National Institutes of Health,2026-08-17,,,2026-09-16,91 FR 53274,,"In compliance with the requirement of the Paperwork Reduction Act of 1995 to provide an opportunity for public comment on proposed data collection projects, the National Institutes of Health, National Cancer Institute (NCI) will publish periodic summaries of proposed projects to be submitted to the Office of Management and Budget (OMB) for review and approval.",https://www.federalregister.gov/documents/2026/08/17/2026-16761/proposed-collection-30-day-comment-request-specimen-resource-locator-national-cancer-institute,https://www.govinfo.gov/content/pkg/FR-2026-08-17/pdf/2026-16761.pdf,https://public-inspection.federalregister.gov/2026-16761.pdf?1786711519
2026-16758,"Takes of Marine Mammals Incidental to Specified Activities; Taking Marine Mammals Incidental to Ferndale Pier Maintenance Activities in Ferndale, Washington",Notice,Published,Commerce Department | National Oceanic and Atmospheric Administration,2026-08-17,,,,91 FR 53227,RTID 0648-XF936,"In accordance with the regulations implementing the Marine Mammal Protection Act (MMPA), as amended, notification is hereby given that NMFS has issued a renewal incidental harassment authorization (IHA) to Petrogas Pacific, LLC (Petrogas) to harass marine mammals incidental to Ferndale Pier Maintenance Activities in Ferndale, Washington.",https://www.federalregister.gov/documents/2026/08/17/2026-16758/takes-of-marine-mammals-incidental-to-specified-activities-taking-marine-mammals-incidental-to,https://www.govinfo.gov/content/pkg/FR-2026-08-17/pdf/2026-16758.pdf,https://public-inspection.federalregister.gov/2026-16758.pdf?1786711518
2026-16756,Notice of Intent To Prepare an Environmental Analysis Assessing Potential Modifications to the Atlantic Large Whale Take Reduction Plan To Reduce Mortality and Serious Injury of Large Whales in Commercial Trap/Pot and Gillnet Fisheries Along the U.S. East Coast,Notice,Published,Commerce Department | National Oceanic and Atmospheric Administration,2026-08-17,,2026-10-16,,91 FR 53231,RTID 0648-XE886,"NMFS intends to prepare an environmental analysis in accordance with the National Environmental Policy Act (NEPA) to analyze the impacts of alternatives to amend the Atlantic Large Whale Take Reduction Plan (Plan) if determined to be necessary to reduce mortalities and serious injuries of North Atlantic right whales (Eubalaena glacialis) and other large whales caused by entanglement in commercial trap/pot and gillnet fisheries along the U.S. East Coast. This notice of intent informs the public of an upcoming scoping period to solicit input on potential efforts to reduce the risk of entanglement to right, humpback (Megaptera novaeangliae), and fin whales (Balaenoptera physalus) in U.S. East Coast commercial trap/pot and gillnet fishing gear while stabilizing the economic viability of the U.S. commercial fishing industry, protecting coastal community heritage, and minimizing regulatory burdens to meet statutory requirements under the Marine Mammal Protection Act (MMPA) and other laws as well as administration priorities. A complete list of fisheries regulated by the Plan is included below. This Notice of Intent (NOI) initiates the scoping process, an early and open step designed to determine the scope of issues to be addressed in depth within the environmental analysis. This document is not a notice of proposed rulemaking.",https://www.federalregister.gov/documents/2026/08/17/2026-16756/notice-of-intent-to-prepare-an-environmental-analysis-assessing-potential-modifications-to-the,https://www.govinfo.gov/content/pkg/FR-2026-08-17/pdf/2026-16756.pdf,https://public-inspection.federalregister.gov/2026-16756.pdf?1786711518
2026-16754,Agency Information Collection Activities: Requests for Comments; Clearance for Renewal of Information Collection: Privacy International Civil Aviation Organization (ICAO) Address,Notice,Published,Transportation Department | Federal Aviation Administration,2026-08-17,,2026-08-25,,91 FR 53335,Docket No. FAA-2026-7360,"In accordance with the Paperwork Reduction Act of 1995, FAA invites public comments about our intention to request the Office of Management and Budget (OMB) approval for an information collection renewal. The collection involves an aircraft operator's request for a privacy ICAO address through a web-based application process. The information to be collected is necessary to qualify for the authorized use of the privacy ICAO address services and for monitoring to support continued airworthiness and enforcement activities.",https://www.federalregister.gov/documents/2026/08/17/2026-16754/agency-information-collection-activities-requests-for-comments-clearance-for-renewal-of-information,https://www.govinfo.gov/content/pkg/FR-2026-08-17/pdf/2026-16754.pdf,https://public-inspection.federalregister.gov/2026-16754.pdf?1786711518
2026-16749,"Denial of Motor Vehicle Defect Petition, DP26002",Notice,Published,Transportation Department | National Highway Traffic Safety Administration,2026-08-17,,,,91 FR 53338,Docket No. NHTSA-2026-1750,"This notice sets forth the reasons for the denial of a defect petition (DP26002) submitted by Mr. Bhupinder Dhadda. The petition requested that the Agency initiate a safety defect investigation into wheel fastening practices on heavy-duty vehicles and vehicles utilizing 10-285.75 mm bolt circle wheels, with the focus of the investigation being the absence of a redundant mechanical wheel fastener mechanism. After conducting a technical review of the petition and other information, NHTSA's Office of Defects Investigation has concluded that the issues raised by the petition do not warrant a defect investigation at this time. Accordingly, the Agency has denied the petition.",https://www.federalregister.gov/documents/2026/08/17/2026-16749/denial-of-motor-vehicle-defect-petition-dp26002,https://www.govinfo.gov/content/pkg/FR-2026-08-17/pdf/2026-16749.pdf,https://public-inspection.federalregister.gov/2026-16749.pdf?1786711517
2026-16739,"Venture Global CP2 LNG, LLC, Venture Global CP Express, LLC; Notice of Scoping Period Requesting Comments on Environmental Issues for the Proposed CP2 LNG Expansion Project, and Notice of Public Scoping Sessions",Notice,Published,Energy Department | Federal Energy Regulatory Commission,2026-08-17,,,,91 FR 53239,Docket Nos. CP26-530-000 | CP26-533-000,,https://www.federalregister.gov/documents/2026/08/17/2026-16739/venture-global-cp2-lng-llc-venture-global-cp-express-llc-notice-of-scoping-period-requesting,https://www.govinfo.gov/content/pkg/FR-2026-08-17/pdf/2026-16739.pdf,https://public-inspection.federalregister.gov/2026-16739.pdf?1786711516
2026-16738,Combined Notice of Filings,Notice,Published,Energy Department | Federal Energy Regulatory Commission,2026-08-17,,,,91 FR 53245,,,https://www.federalregister.gov/documents/2026/08/17/2026-16738/combined-notice-of-filings,https://www.govinfo.gov/content/pkg/FR-2026-08-17/pdf/2026-16738.pdf,https://public-inspection.federalregister.gov/2026-16738.pdf?1786711516
2026-16737,Combined Notice of Filings #2,Notice,Published,Energy Department | Federal Energy Regulatory Commission,2026-08-17,,,,91 FR 53244,,,https://www.federalregister.gov/documents/2026/08/17/2026-16737/combined-notice-of-filings-2,https://www.govinfo.gov/content/pkg/FR-2026-08-17/pdf/2026-16737.pdf,https://public-inspection.federalregister.gov/2026-16737.pdf?1786711516
2026-16736,Combined Notice of Filings #1,Notice,Published,Energy Department | Federal Energy Regulatory Commission,2026-08-17,,,,91 FR 53242,,,https://www.federalregister.gov/documents/2026/08/17/2026-16736/combined-notice-of-filings-1,https://www.govinfo.gov/content/pkg/FR-2026-08-17/pdf/2026-16736.pdf,https://public-inspection.federalregister.gov/2026-16736.pdf?1786711516
2026-16735,New Car Assessment Program (NCAP); Removal of Dynamic Rollover Resistance Test and Side Air Bag Out-of-Position Testing; Updates to NCAP's 10-Year Roadmap,Notice,Published,Transportation Department | National Highway Traffic Safety Administration,2026-08-17,,2026-10-16,,91 FR 53339,Docket No. NHTSA-2026-1651,"The National Highway Traffic Safety Administration (NHTSA) is requesting public comment on a proposal to remove two legacy test procedures from its signature consumer information program, the New Car Assessment Program (NCAP): the Dynamic Rollover Resistance Test (specifically, the ""Fishhook"" maneuver) and the Side Air Bag Out-of- Position (SAB-OOP) testing protocols. The Agency believes these program elements have achieved their original safety goals. This notice also proposes updates to both the mid- and long-term components of the 10- year roadmap established for future NCAP upgrades. These proposed changes are intended to modernize NCAP, focus resources on crash scenarios and technologies with the greatest potential for injury reduction, and ensure the program continues to provide the most impactful safety information to the public.",https://www.federalregister.gov/documents/2026/08/17/2026-16735/new-car-assessment-program-ncap-removal-of-dynamic-rollover-resistance-test-and-side-air-bag,https://www.govinfo.gov/content/pkg/FR-2026-08-17/pdf/2026-16735.pdf,https://public-inspection.federalregister.gov/2026-16735.pdf?1786711516
2026-16722,"Notice of Intent To Prepare an Environmental Impact Statement for the Proposed Issuance of an Exploration License to The Metals Company USA, LLC for “USA-B” (EISX-006-48-2CM-1779948024)",Notice,Published,Commerce Department | National Oceanic and Atmospheric Administration,2026-08-17,,2026-09-16,,91 FR 53235,Docket No. 260707-0164,"NOAA announces its intent to prepare an Environmental Impact Statement (EIS) to evaluate the environmental impacts of issuing an exploration license to The Metals Company USA, LLC (TMC-USA) under the Deep Seabed Hard Mineral Resources Act (DSHMRA or ""the Act"") for the application area designated by TMC-USA as ""USA-B."" The proposed license, if issued, would authorize TMC-USA to conduct seabed mining exploration activities (e.g., vessel and autonomous vehicle operation, sonar use, and deployment of box corers) within the seabed area beyond national jurisdiction for a period of ten years subject to terms, conditions, and restrictions. This notice announces the beginning of the scoping process under the National Environmental Policy Act (NEPA) to solicit public comments and identify relevant issues with respect to the proposed agency action. Additionally, this notice seeks public comment and input under the National Historic Preservation Act (NHPA) and its implementing regulations.",https://www.federalregister.gov/documents/2026/08/17/2026-16722/notice-of-intent-to-prepare-an-environmental-impact-statement-for-the-proposed-issuance-of-an,https://www.govinfo.gov/content/pkg/FR-2026-08-17/pdf/2026-16722.pdf,https://public-inspection.federalregister.gov/2026-16722.pdf?1786711514
2026-16716,Agency Information Collection Activities; Announcement of Office of Management and Budget Approvals,Notice,Published,Health and Human Services Department | Food and Drug Administration,2026-08-17,,,,91 FR 53268,Docket Nos. FDA-2025-N-1560 | FDA-2021-N-1351 | FDA-2025-N-2549 | FDA-2025-N-0426 | FDA-2026-N-0746 | FDA-2026-N-0497 | FDA-2025-N-0953 | FDA-2024-N-4467 | FDA-2025-N-4942 | FDA-2025-N-2195 | FDA-2025-N-0354 | FDA-2025-N-3215 | FDA-2025-N-1108 | FDA-2025-N-0419 | FDA-2025-N-1210 | FDA-2025-N-0414 | FDA-2025-N-1115 | FDA-2025-N-1109 | FDA-2025-N-1330 | FDA-2024-N-5943 | FDA-2025-N-0351 | FDA-2025-N-3656 | FDA-2025-N-2220 | FDA-2024-N-5890 | FDA-2012-D-0429 | FDA-2025-N-0348 | FDA-2025-N-1812 | FDA-2025-N-2548 | FDA-2025-N-4348 | FDA-2024-N-1055 | FDA-2025-N-0615 | FDA-2024-N-3762 | FDA-2023-N-0894 | FDA-2025-N-0308 | FDA-2024-N-0668 | FDA-2025-N-1732,The Food and Drug Administration (FDA) is publishing a list of information collections that have been approved by the Office of Management and Budget (OMB) under the Paperwork Reduction Act of 1995.,https://www.federalregister.gov/documents/2026/08/17/2026-16716/agency-information-collection-activities-announcement-of-office-of-management-and-budget-approvals,https://www.govinfo.gov/content/pkg/FR-2026-08-17/pdf/2026-16716.pdf,https://public-inspection.federalregister.gov/2026-16716.pdf?1786711513
2026-16715,Agency Information Collection Activities; Proposed Collection; Comment Request; Investigational New Drug Application Requirements,Notice,Published,Health and Human Services Department | Food and Drug Administration,2026-08-17,,2026-09-16,,91 FR 53262,Docket No. FDA-2026-N-1736,The Food and Drug Administration (FDA) is announcing that a proposed collection of information has been submitted to the Office of Management and Budget (OMB) for review and clearance under the Paperwork Reduction Act of 1995.,https://www.federalregister.gov/documents/2026/08/17/2026-16715/agency-information-collection-activities-proposed-collection-comment-request-investigational-new,https://www.govinfo.gov/content/pkg/FR-2026-08-17/pdf/2026-16715.pdf,https://public-inspection.federalregister.gov/2026-16715.pdf?1786711513
2026-16714,Agency Information Collection Activities; Proposed Collection; Comment Request; Third Party Disclosure and Recordkeeping Requirements for Reportable Food,Notice,Published,Health and Human Services Department | Food and Drug Administration,2026-08-17,,2026-10-16,,91 FR 53269,Docket No. FDA-2026-N-7757,"The Food and Drug Administration (FDA or the Agency) is announcing an opportunity for public comment on the proposed collection of certain information by the Agency. Under the Paperwork Reduction Act of 1995 (PRA), Federal Agencies are required to publish notice in the Federal Register concerning each proposed collection of information, including each proposed extension of an existing collection of information, and to allow 60 days for public comment in response to the notice. This notice solicits comments on the information collection provisions of FDA's third-party disclosure and recordkeeping requirements for reportable food.",https://www.federalregister.gov/documents/2026/08/17/2026-16714/agency-information-collection-activities-proposed-collection-comment-request-third-party-disclosure,https://www.govinfo.gov/content/pkg/FR-2026-08-17/pdf/2026-16714.pdf,https://public-inspection.federalregister.gov/2026-16714.pdf?1786711513
2026-16713,Determination of Regulatory Review Period for Purposes of Patent Extension; BIZENGRI,Notice,Published,Health and Human Services Department | Food and Drug Administration,2026-08-17,,2026-10-16,,91 FR 53261,Docket Nos. FDA-2025-E-0485 | FDA-2025-E-0486 | FDA-2025-E-0488 | FDA-2025-E-0489 | and FDA-2025-E-0490,"The Food and Drug Administration (FDA or the Agency) has determined the regulatory review period for BIZENGRI and is publishing this notice of that determination as required by law. FDA has made the determination because of the submission of an application to the Director of the U.S. Patent and Trademark Office (USPTO), Department of Commerce, for the extension of a patent which claims that human biological product.",https://www.federalregister.gov/documents/2026/08/17/2026-16713/determination-of-regulatory-review-period-for-purposes-of-patent-extension-bizengri,https://www.govinfo.gov/content/pkg/FR-2026-08-17/pdf/2026-16713.pdf,https://public-inspection.federalregister.gov/2026-16713.pdf?1786711513
2026-16712,Agency Information Collection Activities; Proposed Collection; Comment Request; Imports and Electronic Import Entries,Notice,Published,Health and Human Services Department | Food and Drug Administration,2026-08-17,,2026-10-16,,91 FR 53259,Docket No. FDA-2026-N-8328,"The Food and Drug Administration (FDA, Agency, or we) is announcing an opportunity for public comment on the proposed collection of information by the Agency. Under the Paperwork Reduction Act of 1995 (PRA), Federal Agencies are required to publish notice in the Federal Register concerning each proposed collection of information, including each proposed extension of an existing collection of information, and to allow 60 days for public comment in response to the notice. This notice solicits comments on information collections associated with our imports program.",https://www.federalregister.gov/documents/2026/08/17/2026-16712/agency-information-collection-activities-proposed-collection-comment-request-imports-and-electronic,https://www.govinfo.gov/content/pkg/FR-2026-08-17/pdf/2026-16712.pdf,https://public-inspection.federalregister.gov/2026-16712.pdf?1786711513
2026-16711,Type VII Veterinary Master File for Research and Development and Risk Reviews; Guidance for Industry; Availability,Notice,Published,Health and Human Services Department | Food and Drug Administration,2026-08-17,,,,91 FR 53257,Docket No. FDA-2024-D-5376,"The Food and Drug Administration (FDA, Agency, or we) is announcing the availability of a final guidance for industry (GFI) #260 entitled ""Type VII Veterinary Master File for Research and Development and Risk Reviews."" This guidance describes FDA's current thinking regarding the use of Type VII Veterinary Master Files (Type VII VMFs). Type VII VMFs are appropriate for research and development of animal cells, tissues, and cell- and tissue-based products (ACTPs), gene therapies, and heritable intentional genomic alterations (IGAs) in animals.",https://www.federalregister.gov/documents/2026/08/17/2026-16711/type-vii-veterinary-master-file-for-research-and-development-and-risk-reviews-guidance-for-industry,https://www.govinfo.gov/content/pkg/FR-2026-08-17/pdf/2026-16711.pdf,https://public-inspection.federalregister.gov/2026-16711.pdf?1786711513
2026-16706,Order Under Sections 362 and 365 of the Public Health Service Act Continuing the Suspension of the Right To Introduce Certain Persons From Countries Where a Quarantinable Communicable Disease Exists,Notice,Published,Health and Human Services Department | Centers for Disease Control and Prevention,2026-08-17,,2026-09-01,2026-08-12,91 FR 53252,Docket No. CDC-2026-0892,"The Centers for Disease Control and Prevention (CDC), a component of the Department of Health and Human Services (HHS), announces it is issuing an Order under Section 362 and 365 of the Public Health Service Act, and associated implementing regulations, continuing the suspension of the right to introduce certain persons from countries where an outbreak of a quarantinable communicable disease exists. This Order was issued on August 12, 2026, and shall remain in effect through 4:59 p.m. Eastern Daylight Time (EDT) on Friday, September 11, 2026. This Order may be amended or rescinded prior to that time at the discretion of the Director.",https://www.federalregister.gov/documents/2026/08/17/2026-16706/order-under-sections-362-and-365-of-the-public-health-service-act-continuing-the-suspension-of-the,https://www.govinfo.gov/content/pkg/FR-2026-08-17/pdf/2026-16706.pdf,https://public-inspection.federalregister.gov/2026-16706.pdf?1786711512
2026-16703,South Atlantic Fishery Management Council; Public Meeting,Notice,Published,Commerce Department | National Oceanic and Atmospheric Administration,2026-08-17,,,,91 FR 53226,RTID 0648-XF932,"The South Atlantic Fishery Management Council (Council) will hold meetings of the Habitat and Ecosystem Committee; the Southeast Data, Assessment and Review Catch Advice and Data Committee; and the Snapper Grouper Committee. The meeting week will also include a formal public comment session and closed and open meetings of the Full Council.",https://www.federalregister.gov/documents/2026/08/17/2026-16703/south-atlantic-fishery-management-council-public-meeting,https://www.govinfo.gov/content/pkg/FR-2026-08-17/pdf/2026-16703.pdf,https://public-inspection.federalregister.gov/2026-16703.pdf?1786711512
2026-16683,Proposed Collection; 60-Day Comment Request; Data Use Certification for the NIH National Institute on Drug Abuse Data Share Site,Notice,Published,Health and Human Services Department | National Institutes of Health,2026-08-17,,,,91 FR 53273,,"The purpose of this notice is to inform the public of the information collection requirement for the NIDA Data Share, the data use terms and conditions, and to request a progress report statement at the time of renewal. In compliance with the requirement of the Paperwork Reduction Act of 1995 to provide opportunity for public comment on proposed data collection projects, the National Institute on Drug Abuse (NIDA) will publish periodic summaries of proposed projects to be submitted to the Office of Management and Budget (OMB) for review and approval.",https://www.federalregister.gov/documents/2026/08/17/2026-16683/proposed-collection-60-day-comment-request-data-use-certification-for-the-nih-national-institute-on,https://www.govinfo.gov/content/pkg/FR-2026-08-17/pdf/2026-16683.pdf,https://public-inspection.federalregister.gov/2026-16683.pdf?1786711509
2026-16682,"Information Collection Requirement; Defense Federal Acquisition Regulation Supplement (DFARS), DoD Mentor-Protégé Program",Notice,Published,Defense Department | Defense Acquisition Regulations System,2026-08-17,,2026-10-16,,91 FR 53239,Docket Number DARS-2026-0364 | OMB Control Number 0704-0332,"In compliance with the Paperwork Reduction Act of 1995, DoD announces the proposed extension of a public information collection requirement and seeks public comment on the provisions thereof. DoD invites comments on: whether the proposed collection of information is necessary for the proper performance of the functions of DoD, including whether the information will have practical utility; the accuracy of DoD's estimate of the burden of the proposed information collection; ways to enhance the quality, utility, and clarity of the information to be collected; and ways to minimize the burden of the information collection on respondents, including through the use of automated collection techniques or other forms of information technology. The Office of Management and Budget (OMB) has approved this information collection for use under Control Number 0704-0332 through November 30, 2026. DoD proposes that OMB approve an extension of the information collection requirement, to expire three years after the approval date.",https://www.federalregister.gov/documents/2026/08/17/2026-16682/information-collection-requirement-defense-federal-acquisition-regulation-supplement-dfars-dod,https://www.govinfo.gov/content/pkg/FR-2026-08-17/pdf/2026-16682.pdf,https://public-inspection.federalregister.gov/2026-16682.pdf?1786711509
2026-16681,Submission for OMB Review; Prohibition on Contracting With Entities Using Certain Telecommunications and Video Surveillance Services or Equipment,Notice,Published,Management and Budget Office | Federal Procurement Policy Office | Defense Department | General Services Administration | National Aeronautics and Space Administration,2026-08-14,,2026-09-14,,91 FR 52692,OMB Control No. 9000-0199 | Docket No. 2026-0103 | Sequence No. 1,"Under the provisions of the Paperwork Reduction Act, the Regulatory Secretariat Division has submitted to OMB a request to review and approve an extension of a previously approved information collection requirement regarding the prohibition on contracting with entities using certain telecommunications and video surveillance services.",https://www.federalregister.gov/documents/2026/08/14/2026-16681/submission-for-omb-review-prohibition-on-contracting-with-entities-using-certain-telecommunications,https://www.govinfo.gov/content/pkg/FR-2026-08-14/pdf/2026-16681.pdf,https://public-inspection.federalregister.gov/2026-16681.pdf?1786625123
2026-16680,Submission for OMB Review; Privacy Training,Notice,Published,Management and Budget Office | Federal Procurement Policy Office | Defense Department | General Services Administration | National Aeronautics and Space Administration,2026-08-14,,2026-09-14,,91 FR 52694,OMB Control No. 9000-0182 | Docket No. 2026-0167 | Sequence No. 1,"Under the provisions of the Paperwork Reduction Act, the Regulatory Secretariat Division has submitted to OMB a request to review and approve an extension of a previously approved information collection requirement regarding privacy training.",https://www.federalregister.gov/documents/2026/08/14/2026-16680/submission-for-omb-review-privacy-training,https://www.govinfo.gov/content/pkg/FR-2026-08-14/pdf/2026-16680.pdf,https://public-inspection.federalregister.gov/2026-16680.pdf?1786625123
2026-16679,Submission for OMB Review; Architect-Engineer Qualifications (SF-330),Notice,Published,Management and Budget Office | Federal Procurement Policy Office | Defense Department | General Services Administration | National Aeronautics and Space Administration,2026-08-14,,2026-09-14,,91 FR 52693,OMB Control No. 9000-0157 | Docket No. 2026-0168 | Sequence No. 1,"Under the provisions of the Paperwork Reduction Act, the Regulatory Secretariat Division has submitted to OMB a request to review and approve an extension of a previously approved information collection requirement regarding architect-engineer qualifications (Standard Form (SF) 330).",https://www.federalregister.gov/documents/2026/08/14/2026-16679/submission-for-omb-review-architect-engineer-qualifications-sf-330,https://www.govinfo.gov/content/pkg/FR-2026-08-14/pdf/2026-16679.pdf,https://public-inspection.federalregister.gov/2026-16679.pdf?1786625123
2026-16678,Submission for OMB Review; Contract Financing,Notice,Published,Management and Budget Office | Federal Procurement Policy Office | Defense Department | General Services Administration | National Aeronautics and Space Administration,2026-08-14,,2026-09-14,,91 FR 52695,OMB Control No. 9000-0138 | Docket No. 2026-0100 | Sequence No. 1,"Under the provisions of the Paperwork Reduction Act, the Regulatory Secretariat Division has submitted to OMB a request to review and approve an extension of a previously approved information collection requirement regarding contract financing.",https://www.federalregister.gov/documents/2026/08/14/2026-16678/submission-for-omb-review-contract-financing,https://www.govinfo.gov/content/pkg/FR-2026-08-14/pdf/2026-16678.pdf,https://public-inspection.federalregister.gov/2026-16678.pdf?1786625123
2026-16677,Submission for OMB Review; Prospective Subcontractor Requests for Bonds,Notice,Published,Management and Budget Office | Federal Procurement Policy Office | Defense Department | General Services Administration | National Aeronautics and Space Administration,2026-08-14,,2026-09-14,,91 FR 52696,OMB Control No. 9000-0135 | Docket No. 2026-0102 | Sequence No. 1,"Under the provisions of the Paperwork Reduction Act, the Regulatory Secretariat Division has submitted to OMB a request to review and approve an extension of a previously approved information collection requirement regarding prospective subcontractor requests for bonds.",https://www.federalregister.gov/documents/2026/08/14/2026-16677/submission-for-omb-review-prospective-subcontractor-requests-for-bonds,https://www.govinfo.gov/content/pkg/FR-2026-08-14/pdf/2026-16677.pdf,https://public-inspection.federalregister.gov/2026-16677.pdf?1786625123
2026-16666,"Determination That ANSAID (Flurbiprofen) Tablets, 50 Milligrams and 100 Milligrams, Were Not Withdrawn From Sale for Reasons of Safety or Effectiveness",Notice,Published,Health and Human Services Department | Food and Drug Administration,2026-08-14,,,,91 FR 52708,Docket No. FDA-2026-P-3166,"The Food and Drug Administration (FDA, Agency, or we) has determined that ANSAID (flurbiprofen) tablets, 50 milligrams (mg) and 100 mg, were not withdrawn from sale for reasons of safety or effectiveness. This determination will allow FDA to approve abbreviated new drug applications (ANDAs) for flurbiprofen tablets, 50 mg and 100 mg, if all other legal and regulatory requirements are met.",https://www.federalregister.gov/documents/2026/08/14/2026-16666/determination-that-ansaid-flurbiprofen-tablets-50-milligrams-and-100-milligrams-were-not-withdrawn,https://www.govinfo.gov/content/pkg/FR-2026-08-14/pdf/2026-16666.pdf,https://public-inspection.federalregister.gov/2026-16666.pdf?1786625121
2026-16654,"Boralex Hydro Operations, Inc.; Notice of Scoping Period Requesting Comments on Environmental Issues for the Proposed Warrensburg Hydroelectric Project",Notice,Published,Energy Department | Federal Energy Regulatory Commission,2026-08-14,,,,91 FR 52681,Project No. 9074-054,,https://www.federalregister.gov/documents/2026/08/14/2026-16654/boralex-hydro-operations-inc-notice-of-scoping-period-requesting-comments-on-environmental-issues,https://www.govinfo.gov/content/pkg/FR-2026-08-14/pdf/2026-16654.pdf,https://public-inspection.federalregister.gov/2026-16654.pdf?1786625120
2026-16653,Commission Information Collection Activities (Ferc-511) Comment Request; Extension,Notice,Published,Energy Department | Federal Energy Regulatory Commission,2026-08-14,,2026-10-13,,91 FR 52684,Docket No. IC26-35-000,"In compliance with the requirements of the Paperwork Reduction Act of 1995, the Federal Energy Regulatory Commission (Commission or FERC) is submitting its currently approved information collection, FERC-511: Transfer of Hydropower License (OMB No 1902-0069) to the Office of Management and Budget (OMB) for review of the information collection requirements. There are no proposed changes to the reporting requirements.",https://www.federalregister.gov/documents/2026/08/14/2026-16653/commission-information-collection-activities-ferc-511-comment-request-extension,https://www.govinfo.gov/content/pkg/FR-2026-08-14/pdf/2026-16653.pdf,https://public-inspection.federalregister.gov/2026-16653.pdf?1786625120
2026-16652,"City of Chignik, Alaska; Notice of Availability of Environmental Assessment",Notice,Published,Energy Department | Federal Energy Regulatory Commission,2026-08-14,,,,91 FR 52683,Project No. 620-025,,https://www.federalregister.gov/documents/2026/08/14/2026-16652/city-of-chignik-alaska-notice-of-availability-of-environmental-assessment,https://www.govinfo.gov/content/pkg/FR-2026-08-14/pdf/2026-16652.pdf,https://public-inspection.federalregister.gov/2026-16652.pdf?1786625120
2026-16651,"Wiscons8, LLC; Notice of Availability of Environmental Assessment",Notice,Published,Energy Department | Federal Energy Regulatory Commission,2026-08-14,,,,91 FR 52684,Project No. 9784-004,,https://www.federalregister.gov/documents/2026/08/14/2026-16651/wiscons8-llc-notice-of-availability-of-environmental-assessment,https://www.govinfo.gov/content/pkg/FR-2026-08-14/pdf/2026-16651.pdf,https://public-inspection.federalregister.gov/2026-16651.pdf?1786625120
2026-16650,Reauthorization of the Prescription Drug User Fee Act; Public Meeting; Request for Comments,Notice,Published,Health and Human Services Department | Food and Drug Administration,2026-08-14,,,,91 FR 52702,Docket No. FDA-2026-N-8163,"The Food and Drug Administration (FDA, the Agency, or we) is hosting a public meeting to discuss proposed recommendations for the reauthorization of the Prescription Drug User Fee Act (PDUFA) for fiscal years (FYs) 2028 through 2032. PDUFA authorizes FDA to collect user fees to support the process for the review of human drug applications. The current legislative authority for PDUFA expires in September 2027. At that time, new legislation will be required for FDA to continue collecting prescription drug user fees in future fiscal years. Following discussions with the regulated industry and periodic consultations with public stakeholders, the Federal Food, Drug, and Cosmetic Act (the FD&C Act) directs FDA to publish the recommendations for the reauthorized program in the Federal Register, hold a meeting at which the public may present its views on such recommendations, and provide for a period of 30 days for the public to provide written comments on such recommendations. FDA will then consider such public views and comments and revise such recommendations, as necessary.",https://www.federalregister.gov/documents/2026/08/14/2026-16650/reauthorization-of-the-prescription-drug-user-fee-act-public-meeting-request-for-comments,https://www.govinfo.gov/content/pkg/FR-2026-08-14/pdf/2026-16650.pdf,https://public-inspection.federalregister.gov/2026-16650.pdf?1786625120
2026-16649,New England Fishery Management Council; Public Meeting,Notice,Published,Commerce Department | National Oceanic and Atmospheric Administration,2026-08-14,,,,91 FR 52676,RTID 0648-XF929,"The New England Fishery Management Council (Council) is scheduling a public meeting of its Transboundary Management Guidance Committee to consider actions affecting New England fisheries in the exclusive economic zone (EEZ). Recommendations from this group will be brought to the full Council for formal consideration and action, if appropriate.",https://www.federalregister.gov/documents/2026/08/14/2026-16649/new-england-fishery-management-council-public-meeting,https://www.govinfo.gov/content/pkg/FR-2026-08-14/pdf/2026-16649.pdf,https://public-inspection.federalregister.gov/2026-16649.pdf?1786625120
2026-16648,"Determination That LASIX (Furosemide) Tablets, 20 Milligrams, 40 Milligrams, and 80 Milligrams, Were Not Withdrawn From Sale for Reasons of Safety or Effectiveness",Notice,Published,Health and Human Services Department | Food and Drug Administration,2026-08-14,,,,91 FR 52702,Docket No. FDA-2026-P-4698,"The Food and Drug Administration (FDA, Agency, or we) has determined that LASIX (furosemide) tablets, 20 milligrams (mg), 40 mg, and 80 mg, were not withdrawn from sale for reasons of safety or effectiveness. This determination means that FDA will not begin procedures to withdraw approval of abbreviated new drug applications (ANDAs) that refer to this drug product, and it will allow FDA to continue to approve ANDAs that refer to the product as long as they meet relevant legal and regulatory requirements.",https://www.federalregister.gov/documents/2026/08/14/2026-16648/determination-that-lasix-furosemide-tablets-20-milligrams-40-milligrams-and-80-milligrams-were-not,https://www.govinfo.gov/content/pkg/FR-2026-08-14/pdf/2026-16648.pdf,https://public-inspection.federalregister.gov/2026-16648.pdf?1786625119
2026-16646,Notice of Intent To Exchange of Air Force Real Property for Non-Air Force Real Property,Notice,Published,Defense Department | Air Force Department,2026-08-14,,,,91 FR 52678,,"The Department of the Air Force is publishing this Notice to identify Federal real property that it intends to exchange land with the Charleston Regional Aviation Authority (CRAA) who proposes to grant Joint Base Charleston (JB CHS) 5.1 acres of CRAA owned land within the Runway 33 clear zone as shown in Figure 2, in exchange for 5.1 acres of JB CHS property located between Taxiway Charlie and the CHS apron to facilitate the construction of the new Remain Over Night (RON) location.",https://www.federalregister.gov/documents/2026/08/14/2026-16646/notice-of-intent-to-exchange-of-air-force-real-property-for-non-air-force-real-property,https://www.govinfo.gov/content/pkg/FR-2026-08-14/pdf/2026-16646.pdf,https://public-inspection.federalregister.gov/2026-16646.pdf?1786625119
2026-16642,"Takes of Marine Mammals Incidental to Specified Activities; Taking Marine Mammals Incidental to Ferry Berth Construction in Tongass Narrows in Ketchikan, Alaska",Notice,Published,Commerce Department | National Oceanic and Atmospheric Administration,2026-08-14,,,2026-09-01,91 FR 52675,RTID 0648-XF908,"NMFS has received a request from the Alaska Department of Transportation and Public Facilities (ADOT&PF) for the re-issuance of a previously issued incidental harassment authorization (IHA). The initial IHA authorized take of 11 species of marine mammals, by harassment only, incidental to construction associated with the Ferry Berth in Ketchikan, Alaska.",https://www.federalregister.gov/documents/2026/08/14/2026-16642/takes-of-marine-mammals-incidental-to-specified-activities-taking-marine-mammals-incidental-to-ferry,https://www.govinfo.gov/content/pkg/FR-2026-08-14/pdf/2026-16642.pdf,https://public-inspection.federalregister.gov/2026-16642.pdf?1786625119
2026-16638,Container Closure Systems for Human Drugs and Biological Products; Draft Guidance for Industry; Availability,Notice,Published,Health and Human Services Department | Food and Drug Administration,2026-08-14,,2026-10-13,,91 FR 52700,Docket No. FDA-2026-D-7957,"The Food and Drug Administration (FDA, Agency, or we) is announcing the availability of a draft guidance for industry entitled ""Container Closure Systems for Human Drugs and Biological Products."" This document provides guiding principles for evaluating the quality of container closure systems (CCSs) used to package drugs and biological products, for human use. This includes CCSs that are also device constituent parts of combination products and CCSs used to package the drug or biological product constituent parts of combination products.",https://www.federalregister.gov/documents/2026/08/14/2026-16638/container-closure-systems-for-human-drugs-and-biological-products-draft-guidance-for-industry,https://www.govinfo.gov/content/pkg/FR-2026-08-14/pdf/2026-16638.pdf,https://public-inspection.federalregister.gov/2026-16638.pdf?1786625118
2026-16637,Combined Notice of Filings,Notice,Published,Energy Department | Federal Energy Regulatory Commission,2026-08-14,,,,91 FR 52682,,,https://www.federalregister.gov/documents/2026/08/14/2026-16637/combined-notice-of-filings,https://www.govinfo.gov/content/pkg/FR-2026-08-14/pdf/2026-16637.pdf,https://public-inspection.federalregister.gov/2026-16637.pdf?1786625118
2026-16635,Combined Notice of Filings #2,Notice,Published,Energy Department | Federal Energy Regulatory Commission,2026-08-14,,,,91 FR 52686,,,https://www.federalregister.gov/documents/2026/08/14/2026-16635/combined-notice-of-filings-2,https://www.govinfo.gov/content/pkg/FR-2026-08-14/pdf/2026-16635.pdf,https://public-inspection.federalregister.gov/2026-16635.pdf?1786625118
2026-16633,"Columbia Gulf Transmission, LLC; Notice of Availability of the Environmental Assessment for the Proposed Maysville Project",Notice,Published,Energy Department | Federal Energy Regulatory Commission,2026-08-14,,,,91 FR 52685,Docket No. CP26-25-000,,https://www.federalregister.gov/documents/2026/08/14/2026-16633/columbia-gulf-transmission-llc-notice-of-availability-of-the-environmental-assessment-for-the,https://www.govinfo.gov/content/pkg/FR-2026-08-14/pdf/2026-16633.pdf,https://public-inspection.federalregister.gov/2026-16633.pdf?1786625118
2026-16632,Combined Notice of Filings #1,Notice,Published,Energy Department | Federal Energy Regulatory Commission,2026-08-14,,,,91 FR 52678,,,https://www.federalregister.gov/documents/2026/08/14/2026-16632/combined-notice-of-filings-1,https://www.govinfo.gov/content/pkg/FR-2026-08-14/pdf/2026-16632.pdf,https://public-inspection.federalregister.gov/2026-16632.pdf?1786625118
2026-16616,Regulatory Agenda,Notice,Published,Energy Department | Federal Energy Regulatory Commission,2026-08-14,,,,91 FR 53150,,"We are publishing our regulatory agenda (the Agenda) in accordance with Public Law 96-354, ""The Regulatory Flexibility Act,"" and Executive Order 12866, ""Regulatory Planning and Review."" FERC's complete Agenda, available on OMB's website at https://www.reginfo.gov, is a compilation of all rulemaking activities on which we have recently completed action or have proposed or are considering action. Our last Agenda was provided in May 2025 and in this current agenda, we have listed 42 rulemaking activities. We also note that the Agency has one inactive rulemaking that is not listed in this Agenda. This issuance of our Agenda contains ten (10) Pre-Rules, eleven (11) Notice of Proposed Rules, eight (8) Final Rules, and thirteen (13) Completed activities. Four (4) rulemakings are Section 3(f)(1) Significant; two (2) are Other Significant; one (1) is a routine rulemaking activity; two (2) are administrative, and thirty-two (32) are Substantive, Nonsignificant rulemaking activities.",https://www.federalregister.gov/documents/2026/08/14/2026-16616/regulatory-agenda,https://www.govinfo.gov/content/pkg/FR-2026-08-14/pdf/2026-16616.pdf,https://public-inspection.federalregister.gov/2026-16616.pdf?1786625115
2026-16607,Department Regulatory and Deregulatory Agenda; Summary,Notice,Published,Transportation Department,2026-08-14,,,,91 FR 53028,DOT-OST-1999-5129-0035,"The Regulatory Agenda of the Department of Transportation (Department) is a summary of current, projected, and completed rulemakings, as well as reviews of existing regulations. The Regulatory Agenda provides the public with information about the Department's planned regulatory activity for the next 12 months. This information enables the public to participate in the Department's regulatory process more effectively. The public is encouraged to submit comments on any aspect of this Regulatory Agenda.",https://www.federalregister.gov/documents/2026/08/14/2026-16607/department-regulatory-and-deregulatory-agenda-summary,https://www.govinfo.gov/content/pkg/FR-2026-08-14/pdf/2026-16607.pdf,https://public-inspection.federalregister.gov/2026-16607.pdf?1786625114
2026-16605,Unified Agenda of Federal Regulatory and Deregulatory Actions,Notice,Published,Homeland Security Department,2026-08-14,,,,91 FR 53004,DHS Docket No. OGC-RP-04-001,"This regulatory agenda is a summary of projected regulations, existing regulations, and completed actions of the Department of Homeland Security (DHS) and its components. This agenda provides the public with information about DHS's regulatory and deregulatory activity. DHS expects that this information will enable the public to be more aware of, and effectively participate in, the Department's regulatory and deregulatory activity. DHS invites the public to submit comments on any aspect of this agenda.",https://www.federalregister.gov/documents/2026/08/14/2026-16605/unified-agenda-of-federal-regulatory-and-deregulatory-actions,https://www.govinfo.gov/content/pkg/FR-2026-08-14/pdf/2026-16605.pdf,https://public-inspection.federalregister.gov/2026-16605.pdf?1786625114
2026-16595,"Takes of Marine Mammals Incidental to Specified Activities; Taking Marine Mammals Incidental to the City of Hoonah's Cargo Dock Project, Hoonah, Alaska",Notice,Published,Commerce Department | National Oceanic and Atmospheric Administration,2026-08-14,,,2026-09-01,91 FR 52673,RTID 0648-XF840,"NMFS has received a request from the City of Hoonah (Hoonah) for the re-issuance of a previously issued incidental harassment authorization (IHA) with the only change being effective dates. The initial IHA authorized take of 8 species (12 stocks) of marine mammals, by harassment only, incidental to construction associated with the Cargo Dock Project in Hoonah, Alaska. The project has been delayed and none of the work covered in the initial IHA has been conducted. The scope of the activities and anticipated effects remain the same, authorized take numbers are not changed, and the required mitigation, monitoring, and reporting remains the same as included in the initial IHA. NMFS is, therefore, issuing a second identical IHA to cover the incidental take analyzed and authorized in the initial IHA.",https://www.federalregister.gov/documents/2026/08/14/2026-16595/takes-of-marine-mammals-incidental-to-specified-activities-taking-marine-mammals-incidental-to-the,https://www.govinfo.gov/content/pkg/FR-2026-08-14/pdf/2026-16595.pdf,https://public-inspection.federalregister.gov/2026-16595.pdf?1786625112
2026-16594,Proposed Data Collections Submitted for Public Comment and Recommendations,Notice,Published,Health and Human Services Department | Centers for Disease Control and Prevention,2026-08-14,,2026-10-13,,91 FR 52697,60 Day-26-0943 | Docket No. CDC-2026-1354,"The Centers for Disease Control and Prevention (CDC), as part of its continuing efforts to reduce public burden and maximize the utility of government information, invites the general public and other Federal agencies to take this opportunity to comment on a continuing information collection, as required by the Paperwork Reduction Act of 1995. This notice invites comment on a proposed information collection project titled Data Collection for the Residential Care Community and Adult Day Services Center Components of the National Post-Acute and Long-Term Care Study. The purpose is to collect data for the residential care community and adult day services center components for the 2027 wave of the National Post-Acute and Long-Term Care Study.",https://www.federalregister.gov/documents/2026/08/14/2026-16594/proposed-data-collections-submitted-for-public-comment-and-recommendations,https://www.govinfo.gov/content/pkg/FR-2026-08-14/pdf/2026-16594.pdf,https://public-inspection.federalregister.gov/2026-16594.pdf?1786625112
2026-16593,Proposed Agency Information Collection Activities; Comment Request,Notice,Published,Transportation Department | Federal Railroad Administration,2026-08-14,,2026-10-13,,91 FR 52778,Docket No. FRA-2026-1585,"Under the Paperwork Reduction Act of 1995 (PRA) and its implementing regulations, FRA seeks approval of the Information Collection Request (ICR) summarized below. Before submitting this ICR to the Office of Management and Budget (OMB) for approval, FRA is soliciting public comment on specific aspects of the activities identified in the ICR.",https://www.federalregister.gov/documents/2026/08/14/2026-16593/proposed-agency-information-collection-activities-comment-request,https://www.govinfo.gov/content/pkg/FR-2026-08-14/pdf/2026-16593.pdf,https://public-inspection.federalregister.gov/2026-16593.pdf?1786625112
2026-16592,Proposed Agency Information Collection Activities; Comment Request,Notice,Published,Transportation Department | Federal Railroad Administration,2026-08-14,,2026-10-13,,91 FR 52776,Docket No. FRA-2026-0039,"Under the Paperwork Reduction Act of 1995 (PRA) and its implementing regulations, FRA seeks approval of the Information Collection Request (ICR) summarized below. Before submitting this ICR to the Office of Management and Budget (OMB) for approval, FRA is soliciting public comment on specific aspects of the activities identified in the ICR.",https://www.federalregister.gov/documents/2026/08/14/2026-16592/proposed-agency-information-collection-activities-comment-request,https://www.govinfo.gov/content/pkg/FR-2026-08-14/pdf/2026-16592.pdf,https://public-inspection.federalregister.gov/2026-16592.pdf?1786625112
2026-16583,Submission for Office of Management and Budget Review; Administration for Children and Families Generic for Information Collections Related to Gatherings,Notice,Published,Health and Human Services Department | Children and Families Administration,2026-08-14,,,,91 FR 52698,Office of Management and Budget #: 0970-0617,"The Administration for Children and Families (ACF) at the U.S. Department of Health and Human Services intends to request approval from the Office of Management and Budget (OMB) for extension of an approved generic clearance to request information from potential participants at ACF gatherings, such as meetings or conferences. The current expiration date is September 30, 2026. Burden estimates have been updated to reflect agency plans over the next three years.",https://www.federalregister.gov/documents/2026/08/14/2026-16583/submission-for-office-of-management-and-budget-review-administration-for-children-and-families,https://www.govinfo.gov/content/pkg/FR-2026-08-14/pdf/2026-16583.pdf,https://public-inspection.federalregister.gov/2026-16583.pdf?1786625111
2026-16552,Taking and Importing Marine Mammals; Taking Marine Mammals Incidental to Geophysical Surveys Related to Oil and Gas Activities in the Gulf of America,Notice,Published,Commerce Department | National Oceanic and Atmospheric Administration,2026-08-13,,,2026-08-11,91 FR 52290,RTID 0648-XF914,"In accordance with the Marine Mammal Protection Act (MMPA), as amended, its implementing regulations, and NMFS' MMPA regulations for taking marine mammals incidental to geophysical surveys related to oil and gas activities in the Gulf of America (GOA), notification is hereby given that a Letter of Authorization (LOA) has been issued to WesternGeco, LLC (WesternGeco) for the take of marine mammals incidental to geophysical survey activity in the GOA.",https://www.federalregister.gov/documents/2026/08/13/2026-16552/taking-and-importing-marine-mammals-taking-marine-mammals-incidental-to-geophysical-surveys-related,https://www.govinfo.gov/content/pkg/FR-2026-08-13/pdf/2026-16552.pdf,https://public-inspection.federalregister.gov/2026-16552.pdf?1786538719
2026-16536,"Kremers Urban Pharmaceuticals, Inc.; Grant of Hearing Request Regarding a Proposal To Withdraw Approval of an Abbreviated New Drug Application for Extended-Release Methylphenidate Tablets",Notice,Published,Health and Human Services Department | Food and Drug Administration,2026-08-13,,,,91 FR 52307,Docket No. FDA-2016-N-3120,"The Food and Drug Administration (FDA or the Agency) is announcing a formal evidentiary public hearing on the proposal to withdraw approval of the abbreviated new drug application (ANDA) 091695, submitted by Kremers Urban Pharmaceuticals, Inc. (Kremers) for methylphenidate hydrochloride extended-release tablets. On October 18, 2016, the Director of FDA's Center for Drug Evaluation and Research (CDER) published a notice of opportunity for hearing on a proposal to withdraw approval of ANDA 091695. Kremers submitted a timely request for hearing on that proposal. This notice of hearing provides factual and legal information concerning CDER's proposal to withdraw approval of ANDA 091695 and identifies the factual issues that will be the subject of the evidentiary hearing.",https://www.federalregister.gov/documents/2026/08/13/2026-16536/kremers-urban-pharmaceuticals-inc-grant-of-hearing-request-regarding-a-proposal-to-withdraw-approval,https://www.govinfo.gov/content/pkg/FR-2026-08-13/pdf/2026-16536.pdf,https://public-inspection.federalregister.gov/2026-16536.pdf?1786538718
2026-16533,Demonstration Project on Reimbursement for the Cryopreservation and Storage of Gametes of Certain Members of the Armed Forces; Department of Defense (DoD),Notice,Published,Defense Department,2026-08-13,,,,91 FR 52295,,"The Assistant Secretary of War for Health Affairs issues this notice announcing implementation of a three-year demonstration project to provide reimbursement for cryopreservation of gametes for certain eligible servicemembers in accordance with Section 709 of the Servicemember Quality of Life Improvement and National Defense Authorization Act (NDAA) for Fiscal Year (FY) 2025, (Pub. L. 118-159). This demonstration project is intended to evaluate the utility, feasibility and cost of providing reimbursement for retrieval, cryopreservation, shipping and storage of gametes for eligible covered members. For purposes of this demonstration program, a covered member means a member of the Army, Navy, Marine Corps, Air Force, or Space Force serving on active duty who has either received orders (including deployment orders) for duty for which the member may receive hazardous duty pay; whom the Secretary determines is likely to receive such orders in the next 120 days; or who will, under orders, be geographically separated from a spouse, domestic partner, or dating partner for a period of not less than 180 days, including sea duty.",https://www.federalregister.gov/documents/2026/08/13/2026-16533/demonstration-project-on-reimbursement-for-the-cryopreservation-and-storage-of-gametes-of-certain,https://www.govinfo.gov/content/pkg/FR-2026-08-13/pdf/2026-16533.pdf,https://public-inspection.federalregister.gov/2026-16533.pdf?1786538717
2026-16531,Agency Information Collection Activities: Proposed Collection; Public Comment Request: Information Collection Request Title: SAMHSA Data Security Requirements for Accessing Confidential Data (OMB No. 0930-0396),Notice,Published,Health and Human Services Department | Substance Abuse and Mental Health Services Administration,2026-08-13,,2026-10-13,,91 FR 52312,,"Substance Abuse and Mental Health Services (SAMHSA), within the Department of Health and Human Services, has submitted the following information collection requirement to the Office of Management and Budget (OMB) for review and clearance under the Paperwork Reduction Act of 1995. This is the first notice for public comment. SAMHSA will forward the proposed Data Security Requirements for Accessing Confidential Data information collection to the OMB for clearance simultaneously with the publication of the second notice, following the expiration of this first notice. The full submission may be found at: http://www.reginfo.gov/public/do/PRAMain.",https://www.federalregister.gov/documents/2026/08/13/2026-16531/agency-information-collection-activities-proposed-collection-public-comment-request-information,https://www.govinfo.gov/content/pkg/FR-2026-08-13/pdf/2026-16531.pdf,https://public-inspection.federalregister.gov/2026-16531.pdf?1786538717
2026-16530,Proposed Collection; Comment Request,Notice,Published,Defense Department | Army Department,2026-08-13,,2026-10-13,,91 FR 52295,Docket ID: USA-2026-HQ-0562,"In compliance with the Paperwork Reduction Act of 1995, the Army Research Institute (ARI) for the Behavioral and Social Sciences announces a proposed public information collection and seeks public comment on the provisions thereof. Comments are invited on: whether the proposed collection of information is necessary for the proper performance of the functions of the agency, including whether the information shall have practical utility; the accuracy of the agency's estimate of the burden of the proposed information collection; ways to enhance the quality, utility, and clarity of the information to be collected; and ways to minimize the burden of the information collection on respondents, including through the use of automated collection techniques or other forms of information technology.",https://www.federalregister.gov/documents/2026/08/13/2026-16530/proposed-collection-comment-request,https://www.govinfo.gov/content/pkg/FR-2026-08-13/pdf/2026-16530.pdf,https://public-inspection.federalregister.gov/2026-16530.pdf?1786538717
2026-16529,Submission for OMB Review; Comment Request,Notice,Published,Defense Department,2026-08-13,,2026-09-14,,91 FR 52297,Docket ID: DOD-2026-OS-0826,"The DoD (referred to herein as ""the Department"", ""Department of War"" or ""DoW"") has submitted to the Office of Management and Budget (OMB) for clearance the following proposal for collection of information under the provisions of the Paperwork Reduction Act.",https://www.federalregister.gov/documents/2026/08/13/2026-16529/submission-for-omb-review-comment-request,https://www.govinfo.gov/content/pkg/FR-2026-08-13/pdf/2026-16529.pdf,https://public-inspection.federalregister.gov/2026-16529.pdf?1786538717
2026-16525,Combined Notice of Filings,Notice,Published,Energy Department | Federal Energy Regulatory Commission,2026-08-13,,,,91 FR 52302,,,https://www.federalregister.gov/documents/2026/08/13/2026-16525/combined-notice-of-filings,https://www.govinfo.gov/content/pkg/FR-2026-08-13/pdf/2026-16525.pdf,https://public-inspection.federalregister.gov/2026-16525.pdf?1786538716
2026-16524,Combined Notice of Filings #1,Notice,Published,Energy Department | Federal Energy Regulatory Commission,2026-08-13,,,,91 FR 52299,,,https://www.federalregister.gov/documents/2026/08/13/2026-16524/combined-notice-of-filings-1,https://www.govinfo.gov/content/pkg/FR-2026-08-13/pdf/2026-16524.pdf,https://public-inspection.federalregister.gov/2026-16524.pdf?1786538716
2026-16523,Blue Earth County; Notice of Availability of Environmental Assessment,Notice,Published,Energy Department | Federal Energy Regulatory Commission,2026-08-13,,,,91 FR 52302,Project No. 3071-008,,https://www.federalregister.gov/documents/2026/08/13/2026-16523/blue-earth-county-notice-of-availability-of-environmental-assessment,https://www.govinfo.gov/content/pkg/FR-2026-08-13/pdf/2026-16523.pdf,https://public-inspection.federalregister.gov/2026-16523.pdf?1786538716
2026-16522,PJM Governance and Stakeholder Reforms; Notice Regarding Dispute Resolution Procedures,Notice,Published,Energy Department | Federal Energy Regulatory Commission,2026-08-13,,,,91 FR 52301,Docket No. AD26-7-000,,https://www.federalregister.gov/documents/2026/08/13/2026-16522/pjm-governance-and-stakeholder-reforms-notice-regarding-dispute-resolution-procedures,https://www.govinfo.gov/content/pkg/FR-2026-08-13/pdf/2026-16522.pdf,https://public-inspection.federalregister.gov/2026-16522.pdf?1786538716
2026-16517,Collection of Information Under Review by Office of Management and Budget; OMB Control Number: 1625-0016,Notice,Published,Homeland Security Department | Coast Guard,2026-08-13,,2026-09-14,,91 FR 52313,Docket No. USCG-2025-0196,"In compliance with the Paperwork Reduction Act of 1995 the U.S. Coast Guard is forwarding an Information Collection Request (ICR), abstracted below, to the Office of Management and Budget (OMB), Office of Information and Regulatory Affairs (OIRA), requesting an extension of its approval for the following collection of information: 1625-0016, Welding and Hot Work Permits; Posting of Warning Signs; without change. Our ICR describes the information we seek to collect from the public. Review and comments by OIRA ensure we only impose paperwork burdens commensurate with our performance of duties.",https://www.federalregister.gov/documents/2026/08/13/2026-16517/collection-of-information-under-review-by-office-of-management-and-budget-omb-control-number,https://www.govinfo.gov/content/pkg/FR-2026-08-13/pdf/2026-16517.pdf,https://public-inspection.federalregister.gov/2026-16517.pdf?1786538716
2026-16472,Medicare Program; Alternative Payment Model (APM) Incentive Payment Advisory for Clinicians-Request for Current Billing Information for Qualifying APM Participants,Notice,Published,Health and Human Services Department | Centers for Medicare & Medicaid Services,2026-08-13,,,,91 FR 52305,CMS-5547-N,This advisory is to alert certain clinicians who are Qualifying Alternative Payment Model (APM) participants (QPs) and eligible to receive an APM Incentive Payment that the Centers for Medicare & Medicaid Services (CMS) does not have the current billing information needed to disburse the payment. This advisory provides information to these clinicians on how to update their billing information to receive this payment for the 2026 payment year.,https://www.federalregister.gov/documents/2026/08/13/2026-16472/medicare-program-alternative-payment-model-apm-incentive-payment-advisory-for-clinicians-request-for,https://www.govinfo.gov/content/pkg/FR-2026-08-13/pdf/2026-16472.pdf,https://public-inspection.federalregister.gov/2026-16472.pdf?1786538710
2026-16455,Agency Information Collection Activities: Proposed Collection; Comment Request,Notice,Published,Health and Human Services Department | Centers for Medicare & Medicaid Services,2026-08-13,,2026-10-13,,91 FR 52303,Document Identifier: CMS-10346 and CMS-10453,"The Centers for Medicare & Medicaid Services (CMS) is announcing an opportunity for the public to comment on CMS' intention to collect information from the public. Under the Paperwork Reduction Act of 1995 (PRA), federal agencies are required to publish notice in the Federal Register concerning each proposed collection of information (including each proposed extension or reinstatement of an existing collection of information) and to allow 60 days for public comment on the proposed action. Interested persons are invited to send comments regarding our burden estimates or any other aspect of this collection of information, including the necessity and utility of the proposed information collection for the proper performance of the agency's functions, the accuracy of the estimated burden, ways to enhance the quality, utility, and clarity of the information to be collected, and the use of automated collection techniques or other forms of information technology to minimize the information collection burden.",https://www.federalregister.gov/documents/2026/08/13/2026-16455/agency-information-collection-activities-proposed-collection-comment-request,https://www.govinfo.gov/content/pkg/FR-2026-08-13/pdf/2026-16455.pdf,https://public-inspection.federalregister.gov/2026-16455.pdf?1786538708
2026-16453,Southern California Edison Company; Notice of Intent To Prepare an Environmental Assessment,Notice,Published,Energy Department | Federal Energy Regulatory Commission,2026-08-13,,,,91 FR 52301,Project No. 1388-082,,https://www.federalregister.gov/documents/2026/08/13/2026-16453/southern-california-edison-company-notice-of-intent-to-prepare-an-environmental-assessment,https://www.govinfo.gov/content/pkg/FR-2026-08-13/pdf/2026-16453.pdf,https://public-inspection.federalregister.gov/2026-16453.pdf?1786538707
2026-16452,Formal Meetings Between the Food and Drug Administration and Sponsors or Applicants of Prescription Drug User Fee Act Products; Guidance for Industry; Availability,Notice,Published,Health and Human Services Department | Food and Drug Administration,2026-08-13,,,,91 FR 52305,Docket No. FDA-2017-D-6530,"The Food and Drug Administration (FDA or Agency) is announcing the availability of a final guidance for industry titled ""Formal Meetings Between the FDA and Sponsors or Applicants of PDUFA Products."" This guidance outlines the recommendations to industry on formal meetings between FDA and sponsors or applicants relating to the development and review of new drug or biological products regulated by the Center for Drug Evaluation and Research (CDER) and the Center for Biologics Evaluation and Research (CBER). This guidance finalizes the draft guidance of the same title issued on September 22, 2023.",https://www.federalregister.gov/documents/2026/08/13/2026-16452/formal-meetings-between-the-food-and-drug-administration-and-sponsors-or-applicants-of-prescription,https://www.govinfo.gov/content/pkg/FR-2026-08-13/pdf/2026-16452.pdf,https://public-inspection.federalregister.gov/2026-16452.pdf?1786538707
2026-16444,Prospective Grant of an Exclusive Patent License: Development and Commercialization of BL-760 Dye for Intraoperative Fluorescence Imaging,Notice,Published,Health and Human Services Department | National Institutes of Health,2026-08-12,,2026-08-27,,91 FR 52061,,"The National Cancer Institute, an institute of the National Institutes of Health, Department of Health and Human Services, is contemplating the grant of an Exclusive Patent License to practice the inventions embodied in the patents and patent applications listed in the Supplementary Information section of this notice to OptoSurgical LLC (""OptoSurgical""), a company located in Columbia, Maryland, the United States of America.",https://www.federalregister.gov/documents/2026/08/12/2026-16444/prospective-grant-of-an-exclusive-patent-license-development-and-commercialization-of-bl-760-dye-for,https://www.govinfo.gov/content/pkg/FR-2026-08-12/pdf/2026-16444.pdf,https://public-inspection.federalregister.gov/2026-16444.pdf?1786452318
2026-16436,Dauphin Island Gathering Partners; Notice of Application and Establishing Intervention Deadline,Notice,Published,Energy Department | Federal Energy Regulatory Commission,2026-08-12,,,,91 FR 52052,Docket No. CP26-560-000,,https://www.federalregister.gov/documents/2026/08/12/2026-16436/dauphin-island-gathering-partners-notice-of-application-and-establishing-intervention-deadline,https://www.govinfo.gov/content/pkg/FR-2026-08-12/pdf/2026-16436.pdf,https://public-inspection.federalregister.gov/2026-16436.pdf?1786452317
2026-16435,"Mountain Valley Pipeline, LLC; Notice of Availability of the Environmental Assessment for the Proposed Mountain Valley Pipeline Boost Project",Notice,Published,Energy Department | Federal Energy Regulatory Commission,2026-08-12,,,,91 FR 52048,Docket No. CP26-14-000,,https://www.federalregister.gov/documents/2026/08/12/2026-16435/mountain-valley-pipeline-llc-notice-of-availability-of-the-environmental-assessment-for-the-proposed,https://www.govinfo.gov/content/pkg/FR-2026-08-12/pdf/2026-16435.pdf,https://public-inspection.federalregister.gov/2026-16435.pdf?1786452317
2026-16430,Belt Railway Company of Chicago's Request To Amend Its Positive Train Control Safety Plan,Notice,Published,Transportation Department | Federal Railroad Administration,2026-08-12,,2026-09-01,,91 FR 52109,Docket Number FRA-2010-0062,"This document provides the public with notice that, on August 6, 2026, the Belt Railway Company of Chicago (BRC) submitted a request for amendment (RFA) to its FRA-certified positive train control safety plan (PTCSP) to perform necessary maintenance and optimization of its operational technology network during September and October 2026. To complete this maintenance, BRC is requesting four planned windows during which work will be performed on the network infrastructure, and during which unplanned positive train control (PTC) system outages may occur. As this RFA involves a request for FRA's approval of proposed material modifications to an FRA-certified PTC system, FRA is publishing this notice and inviting public comment on BRC's RFA to its PTCSP.",https://www.federalregister.gov/documents/2026/08/12/2026-16430/belt-railway-company-of-chicagos-request-to-amend-its-positive-train-control-safety-plan,https://www.govinfo.gov/content/pkg/FR-2026-08-12/pdf/2026-16430.pdf,https://public-inspection.federalregister.gov/2026-16430.pdf?1786452316
2026-16421,Pacific Gas and Electric Company; Notice of Availability of Environmental Assessment,Notice,Published,Energy Department | Federal Energy Regulatory Commission,2026-08-12,,,,91 FR 52052,Project No. 2735-104,,https://www.federalregister.gov/documents/2026/08/12/2026-16421/pacific-gas-and-electric-company-notice-of-availability-of-environmental-assessment,https://www.govinfo.gov/content/pkg/FR-2026-08-12/pdf/2026-16421.pdf,https://public-inspection.federalregister.gov/2026-16421.pdf?1786452315
2026-16418,NorthWestern Corporation; Notice of Institution of Section 206 Proceeding and Refund Effective Date,Notice,Published,Energy Department | Federal Energy Regulatory Commission,2026-08-12,,,,91 FR 52056,Docket No. EL26-89-000,,https://www.federalregister.gov/documents/2026/08/12/2026-16418/northwestern-corporation-notice-of-institution-of-section-206-proceeding-and-refund-effective-date,https://www.govinfo.gov/content/pkg/FR-2026-08-12/pdf/2026-16418.pdf,https://public-inspection.federalregister.gov/2026-16418.pdf?1786452315
2026-16417,Combined Notice of Filings #2,Notice,Published,Energy Department | Federal Energy Regulatory Commission,2026-08-12,,,,91 FR 52049,,,https://www.federalregister.gov/documents/2026/08/12/2026-16417/combined-notice-of-filings-2,https://www.govinfo.gov/content/pkg/FR-2026-08-12/pdf/2026-16417.pdf,https://public-inspection.federalregister.gov/2026-16417.pdf?1786452315
2026-16416,Combined Notice of Filings #1,Notice,Published,Energy Department | Federal Energy Regulatory Commission,2026-08-12,,,,91 FR 52054,,,https://www.federalregister.gov/documents/2026/08/12/2026-16416/combined-notice-of-filings-1,https://www.govinfo.gov/content/pkg/FR-2026-08-12/pdf/2026-16416.pdf,https://public-inspection.federalregister.gov/2026-16416.pdf?1786452314
2026-16415,Agency Information Collection Activities: Request for Comments for a New Information Collection,Notice,Published,Transportation Department | Federal Highway Administration,2026-08-12,,2026-10-13,,91 FR 52108,Docket No. FHWA-2026-0859,"The FHWA invites public comments about our intention to request the Office of Management and Budget's (OMB) approval for a new information collection, which is summarized below under SUPPLEMENTARY INFORMATION. We are required to publish this notice in the Federal Register by the Paperwork Reduction Act of 1995.",https://www.federalregister.gov/documents/2026/08/12/2026-16415/agency-information-collection-activities-request-for-comments-for-a-new-information-collection,https://www.govinfo.gov/content/pkg/FR-2026-08-12/pdf/2026-16415.pdf,https://public-inspection.federalregister.gov/2026-16415.pdf?1786452315
2026-16402,Information Collection; Generic Clearance for NASA Citizen Science and Crowdsourcing Projects.,Notice,Published,National Aeronautics and Space Administration,2026-08-12,,2026-10-13,,91 FR 52085,NASA Document Number: 26-044 | NASA Docket Number: NASA-2026-0397,"NASA, as part of its continuing effort to reduce paperwork and respondent burden, invites the general public and other Federal agencies to take this opportunity to comment on proposed and/or continuing information collections, as required by the Paperwork Reduction Act (PRA) of 1995.",https://www.federalregister.gov/documents/2026/08/12/2026-16402/information-collection-generic-clearance-for-nasa-citizen-science-and-crowdsourcing-projects,https://www.govinfo.gov/content/pkg/FR-2026-08-12/pdf/2026-16402.pdf,https://public-inspection.federalregister.gov/2026-16402.pdf?1786452313
2026-16395,Agency Information Collection Activities; Submission to the Office of Management and Budget (OMB) for Review and Approval; Comment Request; Implementation of Vessel Speed Restrictions To Reduce the Threat of Ship Collisions With North Atlantic Right Whales,Notice,Published,Commerce Department | National Oceanic and Atmospheric Administration,2026-08-12,,2026-10-13,,91 FR 52045,,"The Department of Commerce, in accordance with the Paperwork Reduction Act of 1995 (PRA), invites the general public and other Federal agencies to comment on proposed, and continuing information collections, which helps us assess the impact of our information collection requirements and minimize the public's reporting burden. The purpose of this notice is to allow for 60 days of public comment preceding submission of the collection to OMB.",https://www.federalregister.gov/documents/2026/08/12/2026-16395/agency-information-collection-activities-submission-to-the-office-of-management-and-budget-omb-for,https://www.govinfo.gov/content/pkg/FR-2026-08-12/pdf/2026-16395.pdf,https://public-inspection.federalregister.gov/2026-16395.pdf?1786452312
2026-16394,Agency Information Collection Activities; Submission to the Office of Management and Budget (OMB) for Review and Approval; Comment Request; NOAA Diving Program,Notice,Published,Commerce Department | National Oceanic and Atmospheric Administration,2026-08-12,,2026-10-13,,91 FR 52046,,"The Department of Commerce, in accordance with the Paperwork Reduction Act of 1995 (PRA), invites the general public and other Federal agencies to comment on proposed, and continuing information collections, which helps us assess the impact of our information collection requirements and minimize the public's reporting burden. The purpose of this notice is to allow for 60 days of public comment preceding submission of the collection to OMB.",https://www.federalregister.gov/documents/2026/08/12/2026-16394/agency-information-collection-activities-submission-to-the-office-of-management-and-budget-omb-for,https://www.govinfo.gov/content/pkg/FR-2026-08-12/pdf/2026-16394.pdf,https://public-inspection.federalregister.gov/2026-16394.pdf?1786452311
2026-16386,Agency Information Collection Activities: Proposed Collection; Comment Request,Notice,Published,Health and Human Services Department | Centers for Medicare & Medicaid Services,2026-08-12,,2026-10-13,,91 FR 52057,Document Identifier: CMS-588,"The Centers for Medicare & Medicaid Services (CMS) is announcing an opportunity for the public to comment on CMS' intention to collect information from the public. Under the Paperwork Reduction Act of 1995 (PRA), federal agencies are required to publish notice in the Federal Register concerning each proposed collection of information (including each proposed extension or reinstatement of an existing collection of information) and to allow 60 days for public comment on the proposed action. Interested persons are invited to send comments regarding our burden estimates or any other aspect of this collection of information, including the necessity and utility of the proposed information collection for the proper performance of the agency's functions, the accuracy of the estimated burden, ways to enhance the quality, utility, and clarity of the information to be collected, and the use of automated collection techniques or other forms of information technology to minimize the information collection burden.",https://www.federalregister.gov/documents/2026/08/12/2026-16386/agency-information-collection-activities-proposed-collection-comment-request,https://www.govinfo.gov/content/pkg/FR-2026-08-12/pdf/2026-16386.pdf,https://public-inspection.federalregister.gov/2026-16386.pdf?1786452310
2026-16371,Request for Information (RFI) on Modernizing the National Vulnerability Database in the Age of Artificial Intelligence,Notice,Published,Commerce Department | National Institute of Standards and Technology,2026-08-12,,2026-10-13,,91 FR 52042,Docket Number: 260805-0401,"The National Institute of Standards and Technology (NIST) established and operates the National Vulnerability Database (NVD), which provides the U.S. government repository of standards-based vulnerability management data. NIST seeks stakeholder input on opportunities, challenges, and priorities for modernizing the NVD in an evolving cybersecurity landscape increasingly shaped by artificial intelligence (AI) and machine-consumable security data. NIST's goal is to improve the NVD's scalability, automation, interoperability, transparency, and utility.",https://www.federalregister.gov/documents/2026/08/12/2026-16371/request-for-information-rfi-on-modernizing-the-national-vulnerability-database-in-the-age-of,https://www.govinfo.gov/content/pkg/FR-2026-08-12/pdf/2026-16371.pdf,https://public-inspection.federalregister.gov/2026-16371.pdf?1786452307
2026-16368,Medicare Program; Regulatory Alignment for Predictable and Immediate Device (RAPID) Coverage Pathway,Notice,Published,Health and Human Services Department | Centers for Medicare & Medicaid Services,2026-08-11,,2026-10-13,,91 FR 51710,CMS-3487-NC,This notice with comment period provides information to the public on the process CMS will use to provide accelerated Medicare coverage through the Regulatory Alignment for Predictable and Immediate Device (RAPID) coverage pathway for new innovative technologies. The RAPID coverage pathway leverages existing processes to provide expedited national Medicare coverage for eligible technologies. This notice with comment period solicits public comment on the proposed RAPID coverage pathway.,https://www.federalregister.gov/documents/2026/08/11/2026-16368/medicare-program-regulatory-alignment-for-predictable-and-immediate-device-rapid-coverage-pathway,https://www.govinfo.gov/content/pkg/FR-2026-08-11/pdf/2026-16368.pdf,https://public-inspection.federalregister.gov/2026-16368.pdf?1786133707
2026-16366,Privacy Act of 1974; System of Records,Notice,Published,Transportation Department,2026-08-11,,2026-09-10,2026-09-10,91 FR 51828,DOT-OST-2026-2443,"In accordance with the Privacy Act of 1974, the Department of Transportation (DOT) proposes a new system of records titled ""DOT/ FMCSA 016, Customer Relationship Records (CRR)."" This system of records allows DOT to collect and maintain both written and verbal correspondence from Agency customers who contact the FMCSA (1-800-832- 5660 toll free number, by email, or chat). The information in the system enables the Agency to receive, respond to, and refer customer inquiries regarding Agency services.",https://www.federalregister.gov/documents/2026/08/11/2026-16366/privacy-act-of-1974-system-of-records,https://www.govinfo.gov/content/pkg/FR-2026-08-11/pdf/2026-16366.pdf,https://public-inspection.federalregister.gov/2026-16366.pdf?1786365919
2026-16353,Reauthorization of the Generic Drug User Fee Amendments; Public Meeting; Request for Comments,Notice,Published,Health and Human Services Department | Food and Drug Administration,2026-08-11,,2026-10-17,,91 FR 51718,Docket No. FDA-2025-N-0873,"The Food and Drug Administration (FDA, the Agency, or we) is hosting a public meeting to discuss proposed recommendations for the reauthorization of the Generic Drug User Fee Amendments (GDUFA) for fiscal years (FYs) 2028 to 2032. GDUFA amended the Federal Food, Drug, and Cosmetic Act (FD&C Act) to authorize FDA to assess and collect fees to support human generic drug activities. The current legislative authority for GDUFA expires at the end of September 2027. At that time, new legislation will be required for FDA to continue to assess and collect generic drug user fees for future fiscal years. The FD&C Act directs FDA, following negotiations with the regulated industry and periodic consultations with other stakeholders, to present recommendations for reauthorization of the GDUFA program to the relevant Congressional committees, publish the recommendations in the Federal Register, provide for a period of 30 days for the public to provide written comments on such recommendations, and hold a meeting at which the public may present its views on such recommendations. FDA will then consider such public views and comments and revise such recommendations as necessary.",https://www.federalregister.gov/documents/2026/08/11/2026-16353/reauthorization-of-the-generic-drug-user-fee-amendments-public-meeting-request-for-comments,https://www.govinfo.gov/content/pkg/FR-2026-08-11/pdf/2026-16353.pdf,https://public-inspection.federalregister.gov/2026-16353.pdf?1786365918
2026-16348,Notice of Availability of Final Health Center Program Scope of Project Policy Manual Guidance,Notice,Published,Health and Human Services Department | Health Resources and Services Administration,2026-08-11,,,,91 FR 51722,,The Health Center Program Scope of Project Policy Manual (Scope Manual) is program guidance to assist health centers in understanding what constitutes the Health Center Program scope of project under section 330 of the Public Health Service (PHS) Act.,https://www.federalregister.gov/documents/2026/08/11/2026-16348/notice-of-availability-of-final-health-center-program-scope-of-project-policy-manual-guidance,https://www.govinfo.gov/content/pkg/FR-2026-08-11/pdf/2026-16348.pdf,https://public-inspection.federalregister.gov/2026-16348.pdf?1786365917
2026-16347,Notice of Petition for Modification of Waiver of Compliance,Notice,Published,Transportation Department | Federal Railroad Administration,2026-08-11,,2026-10-13,,91 FR 51827,Docket Number FRA-2025-0588,This document provides the public notice that Long Island Rail Road (LIRR) petitioned FRA for a modification of the existing waiver from certain regulations concerning video and audio recording system on passenger cars.,https://www.federalregister.gov/documents/2026/08/11/2026-16347/notice-of-petition-for-modification-of-waiver-of-compliance,https://www.govinfo.gov/content/pkg/FR-2026-08-11/pdf/2026-16347.pdf,https://public-inspection.federalregister.gov/2026-16347.pdf?1786365917
2026-16343,Pacific Fishery Management Council; Public Meeting,Notice,Published,Commerce Department | National Oceanic and Atmospheric Administration,2026-08-11,,,,91 FR 51670,RTID 0648-XF948,"The Pacific Fishery Management Council's (Pacific Council) Groundfish Advisory Subpanel (GAP), Groundfish Management Team (GMT), Ecosystem Workgroup (EWG), Ecosystem Advisory Subpanel (EAS), Highly Migratory Species Advisory Subpanel (HMSAS), Highly Migratory Species Management Team (HMSMT), Salmon Technical Team (STT), and Salmon Advisory Subpanel (SAS) will hold online meetings to discuss items on the Pacific Council's September 2026 meeting agenda as detailed in the Supplementary Information section below. These meetings are open to the public.",https://www.federalregister.gov/documents/2026/08/11/2026-16343/pacific-fishery-management-council-public-meeting,https://www.govinfo.gov/content/pkg/FR-2026-08-11/pdf/2026-16343.pdf,https://public-inspection.federalregister.gov/2026-16343.pdf?1786365917
2026-16342,New England Fishery Management Council; Public Meeting,Notice,Published,Commerce Department | National Oceanic and Atmospheric Administration,2026-08-11,,,,91 FR 51695,RTID 0648-XF928,"The New England Fishery Management Council (Council) is scheduling a public meeting of its Groundfish Committee to consider actions affecting New England fisheries in the exclusive economic zone (EEZ). Recommendations from this group will be brought to the full Council for formal consideration and action, if appropriate.",https://www.federalregister.gov/documents/2026/08/11/2026-16342/new-england-fishery-management-council-public-meeting,https://www.govinfo.gov/content/pkg/FR-2026-08-11/pdf/2026-16342.pdf,https://public-inspection.federalregister.gov/2026-16342.pdf?1786365917
2026-16323,Combined Notice of Filings,Notice,Published,Energy Department | Federal Energy Regulatory Commission,2026-08-11,,,,91 FR 51700,,,https://www.federalregister.gov/documents/2026/08/11/2026-16323/combined-notice-of-filings,https://www.govinfo.gov/content/pkg/FR-2026-08-11/pdf/2026-16323.pdf,https://public-inspection.federalregister.gov/2026-16323.pdf?1786365914
2026-16322,Combined Notice of Filings #2,Notice,Published,Energy Department | Federal Energy Regulatory Commission,2026-08-11,,,,91 FR 51698,,,https://www.federalregister.gov/documents/2026/08/11/2026-16322/combined-notice-of-filings-2,https://www.govinfo.gov/content/pkg/FR-2026-08-11/pdf/2026-16322.pdf,https://public-inspection.federalregister.gov/2026-16322.pdf?1786365914
2026-16321,Combined Notice of Filings #1,Notice,Published,Energy Department | Federal Energy Regulatory Commission,2026-08-11,,,,91 FR 51697,,,https://www.federalregister.gov/documents/2026/08/11/2026-16321/combined-notice-of-filings-1,https://www.govinfo.gov/content/pkg/FR-2026-08-11/pdf/2026-16321.pdf,https://public-inspection.federalregister.gov/2026-16321.pdf?1786365914
2026-16316,"Takes of Marine Mammals Incidental To Specified Activities; Taking Marine Mammals Incidental to the North Barge Expansion Project at Dutch Harbor, Alaska",Notice,Published,Commerce Department | National Oceanic and Atmospheric Administration,2026-08-11,,2026-09-10,,91 FR 51671,RTID 0648-XF617,"NMFS has received a request from the Qawalangin Tribe of Unalaska (QTU) for authorization to take marine mammals incidental to the North Barge Expansion Project at Dutch Harbor, Alaska. Pursuant to the Marine Mammal Protection Act (MMPA), NMFS is requesting comments on its proposal to issue an incidental harassment authorization (IHA) to take marine mammals incidental to the specified activities. NMFS is also requesting comments on a possible one-time, 1-year renewal that could be issued under certain circumstances and if all requirements are met, as described in the Request for Public Comments section at the end of this notice. NMFS will consider public comments prior to making any final decision on the issuance of the requested MMPA authorization.",https://www.federalregister.gov/documents/2026/08/11/2026-16316/takes-of-marine-mammals-incidental-to-specified-activities-taking-marine-mammals-incidental-to-the,https://www.govinfo.gov/content/pkg/FR-2026-08-11/pdf/2026-16316.pdf,https://public-inspection.federalregister.gov/2026-16316.pdf?1786365913
2026-16300,"Proposed Collection; 60-Day Comment Request Generic Clearance for the Collection of Customer Participation and Performance Management With NIH Programs, Products, and Services (Office of the Director)",Notice,Published,Health and Human Services Department | National Institutes of Health,2026-08-11,,,2026-09-07,91 FR 51723,,"In compliance with the requirement of the Paperwork Reduction Act of 1995 to provide an opportunity for public comment on proposed data collection projects, the National Institutes of Health, National Cancer Institute (NCI) will publish periodic summaries of proposed projects to be submitted to the Office of Management and Budget (OMB) for review and approval.",https://www.federalregister.gov/documents/2026/08/11/2026-16300/proposed-collection-60-day-comment-request-generic-clearance-for-the-collection-of-customer,https://www.govinfo.gov/content/pkg/FR-2026-08-11/pdf/2026-16300.pdf,https://public-inspection.federalregister.gov/2026-16300.pdf?1786365911
2026-16270,"Infrastructure Security Division, Cybersecurity and Infrastructure Security Agency, Information Collection Activities; Submission to the Office of Management and Budget for Review and Approval; Comment Request; Cybersecurity and Infrastructure Security Agency Vulnerability Assessments",Notice,Published,Homeland Security Department,2026-08-11,,2026-09-10,,91 FR 51724,Docket No. CISA-2026-0133,"The Infrastructure Security Division, an office within Cybersecurity and Infrastructure Security Agency submits the following information collection request) to the Office of Management and Budget for review and clearance. The is an extension of a previously cleared information collection request on November 15, 2023, with an expiration date of November 30, 2026. The purpose of this notice is to allow additional 60 days for public comments.",https://www.federalregister.gov/documents/2026/08/11/2026-16270/infrastructure-security-division-cybersecurity-and-infrastructure-security-agency-information,https://www.govinfo.gov/content/pkg/FR-2026-08-11/pdf/2026-16270.pdf,https://public-inspection.federalregister.gov/2026-16270.pdf?1786365908
2026-16257,"Office of the Director, Notice of Charter Renewal",Notice,Published,Health and Human Services Department | National Institutes of Health,2026-08-10,,,,91 FR 51499,,,https://www.federalregister.gov/documents/2026/08/10/2026-16257/office-of-the-director-notice-of-charter-renewal,https://www.govinfo.gov/content/pkg/FR-2026-08-10/pdf/2026-16257.pdf,https://public-inspection.federalregister.gov/2026-16257.pdf?1786106715
2026-16253,Collection of Information Under Review by Office of Management and Budget; OMB Control Number: 1625-0009,Notice,Published,Homeland Security Department | Coast Guard,2026-08-10,,2026-09-09,,91 FR 51503,Docket No. USCG-2026-0045,"In compliance with the Paperwork Reduction Act of 1995 the U.S. Coast Guard is forwarding an Information Collection Request (ICR), abstracted below, to the Office of Management and Budget (OMB), Office of Information and Regulatory Affairs (OIRA), requesting an extension of its approval for the following collection of information: 1625-0009, Oil Record Book for Ships; without change. Our ICR describes the information we seek to collect from the public. Review and comments by OIRA ensure we only impose paperwork burdens commensurate with our performance of duties.",https://www.federalregister.gov/documents/2026/08/10/2026-16253/collection-of-information-under-review-by-office-of-management-and-budget-omb-control-number,https://www.govinfo.gov/content/pkg/FR-2026-08-10/pdf/2026-16253.pdf,https://public-inspection.federalregister.gov/2026-16253.pdf?1786106714
2026-16248,"Determination That OZOBAX (Baclofen) Oral Solution, 5 Milligrams/5 Milliliters Was Not Withdrawn From Sale for Reasons of Safety or Effectiveness",Notice,Published,Health and Human Services Department | Food and Drug Administration,2026-08-10,,,,91 FR 51492,Docket No. FDA-2026-P-6298,"The Food and Drug Administration (FDA, Agency, or we) has determined that OZOBAX (baclofen) oral solution, 5 milligrams (mg)/5 milliliters (mL), was not withdrawn from sale for reasons of safety or effectiveness. This determination means that FDA will not begin procedures to withdraw approval of abbreviated new drug applications (ANDAs) that refer to this drug product, and it will allow FDA to continue to approve ANDAs that refer to the product as long as they meet relevant legal and regulatory requirements.",https://www.federalregister.gov/documents/2026/08/10/2026-16248/determination-that-ozobax-baclofen-oral-solution-5-milligrams5-milliliters-was-not-withdrawn-from,https://www.govinfo.gov/content/pkg/FR-2026-08-10/pdf/2026-16248.pdf,https://public-inspection.federalregister.gov/2026-16248.pdf?1786106714
2026-16247,Determination of Regulatory Review Period for Purposes of Patent Extension; BRINSUPRI,Notice,Published,Health and Human Services Department | Food and Drug Administration,2026-08-10,,2027-02-08,,91 FR 51493,Docket No. FDA-2025-E-5206,"The Food and Drug Administration (FDA or the Agency) has determined the regulatory review period for BRINSUPRI and is publishing this notice of that determination as required by law. FDA has made the determination because of the submission of an application to the Director of the U.S. Patent and Trademark Office (USPTO), Department of Commerce, for the extension of a patent which claims that human drug product.",https://www.federalregister.gov/documents/2026/08/10/2026-16247/determination-of-regulatory-review-period-for-purposes-of-patent-extension-brinsupri,https://www.govinfo.gov/content/pkg/FR-2026-08-10/pdf/2026-16247.pdf,https://public-inspection.federalregister.gov/2026-16247.pdf?1786106714
2026-16246,Determination of Regulatory Review Period for Purposes of Patent Extension; DAYVIGO,Notice,Published,Health and Human Services Department | Food and Drug Administration,2026-08-10,,2027-02-08,,91 FR 51494,Docket No. FDA-2025-E-0707,"The Food and Drug Administration (FDA or the Agency) has determined the regulatory review period for DAYVIGO and is publishing this notice of that determination as required by law. FDA has made the determination because of the submission of an application to the Director of the U.S. Patent and Trademark Office (USPTO), Department of Commerce, for the extension of a patent which claims that human drug product.",https://www.federalregister.gov/documents/2026/08/10/2026-16246/determination-of-regulatory-review-period-for-purposes-of-patent-extension-dayvigo,https://www.govinfo.gov/content/pkg/FR-2026-08-10/pdf/2026-16246.pdf,https://public-inspection.federalregister.gov/2026-16246.pdf?1786106714
2026-16245,"Molecular and Clinical Genetics Panel of the Medical Devices Advisory Committee; Notice of Meeting; Establishment of a Public Docket; Request for Comments-GRAIL, Inc. Galleri",Notice,Published,Health and Human Services Department | Food and Drug Administration,2026-08-10,,,,91 FR 51496,Docket No. FDA-2026-N-8004,The Food and Drug Administration (FDA) announces a forthcoming public advisory committee meeting of the Molecular and Clinical Genetics Panel of the Medical Devices Advisory Committee (the Committee). The general function of the Committee is to provide advice and recommendations to FDA. The meeting will be open to the public. FDA is establishing a docket for public comment.,https://www.federalregister.gov/documents/2026/08/10/2026-16245/molecular-and-clinical-genetics-panel-of-the-medical-devices-advisory-committee-notice-of-meeting,https://www.govinfo.gov/content/pkg/FR-2026-08-10/pdf/2026-16245.pdf,https://public-inspection.federalregister.gov/2026-16245.pdf?1786106713
2026-16240,Combined Notice of Filings,Notice,Published,Energy Department | Federal Energy Regulatory Commission,2026-08-10,,,,91 FR 51485,,,https://www.federalregister.gov/documents/2026/08/10/2026-16240/combined-notice-of-filings,https://www.govinfo.gov/content/pkg/FR-2026-08-10/pdf/2026-16240.pdf,https://public-inspection.federalregister.gov/2026-16240.pdf?1786106713
2026-16238,Request for Comments on the Renewal of a Previously Approved Information Collection: Mariner Survey Pretest,Notice,Published,Transportation Department | Maritime Administration,2026-08-10,,,,91 FR 51524,Docket No. MARAD-2026-1262,"MARAD invites public comments on its intention to request Office of Management and Budget (OMB) approval to renew an information collection in accordance with the Paperwork Reduction Act of 1995. The proposed collection OMB 2133-0555 titled ""Mariner Survey Pretest"" is being renamed ""Mariner Survey"" to reflect the transition from a pretest survey to a full voluntary survey of merchant mariners. Collected information will be used to determine the number of qualified mariners who are available and willing to serve during a period of national need. Since the implementation of this survey, the total respondents, responses, and burden hours increased from 690, 690, and 247 hours to 5,162, 5,162, and 1,721 hours respectively. Additionally, there were minor changes to clarify some of the survey questions, while the Cognitive Interview instrument was eliminated. MARAD is required to publish this notice in the Federal Register to obtain comments from the public and affected agencies.",https://www.federalregister.gov/documents/2026/08/10/2026-16238/request-for-comments-on-the-renewal-of-a-previously-approved-information-collection-mariner-survey,https://www.govinfo.gov/content/pkg/FR-2026-08-10/pdf/2026-16238.pdf,https://public-inspection.federalregister.gov/2026-16238.pdf?1786106712
2026-16237,"El Paso Natural Gas Company, L.L.C.; Notice of Request Under Blanket Authorization and Establishing Intervention and Protest Deadline",Notice,Published,Energy Department | Federal Energy Regulatory Commission,2026-08-10,,,,91 FR 51487,Docket No. CP26-558-000,,https://www.federalregister.gov/documents/2026/08/10/2026-16237/el-paso-natural-gas-company-llc-notice-of-request-under-blanket-authorization-and-establishing,https://www.govinfo.gov/content/pkg/FR-2026-08-10/pdf/2026-16237.pdf,https://public-inspection.federalregister.gov/2026-16237.pdf?1786106712
2026-16236,National Fuel Gas Supply Corporation; Notice of Request Under Blanket Authorization and Establishing Intervention and Protest Deadline,Notice,Published,Energy Department | Federal Energy Regulatory Commission,2026-08-10,,,,91 FR 51483,Docket No. CP26-559-000,,https://www.federalregister.gov/documents/2026/08/10/2026-16236/national-fuel-gas-supply-corporation-notice-of-request-under-blanket-authorization-and-establishing,https://www.govinfo.gov/content/pkg/FR-2026-08-10/pdf/2026-16236.pdf,https://public-inspection.federalregister.gov/2026-16236.pdf?1786106712
2026-16235,Combined Notice of Filings #1,Notice,Published,Energy Department | Federal Energy Regulatory Commission,2026-08-10,,,,91 FR 51485,,,https://www.federalregister.gov/documents/2026/08/10/2026-16235/combined-notice-of-filings-1,https://www.govinfo.gov/content/pkg/FR-2026-08-10/pdf/2026-16235.pdf,https://public-inspection.federalregister.gov/2026-16235.pdf?1786106712
2026-16232,Collection of Information Under Review by Office of Management and Budget; OMB Control Number: 1625-0001,Notice,Published,Homeland Security Department | Coast Guard,2026-08-10,,2026-09-09,,91 FR 51504,Docket No. USCG-2025-0298,"In compliance with the Paperwork Reduction Act of 1995 the U.S. Coast Guard is forwarding an Information Collection Request (ICR), abstracted below, to the Office of Management and Budget (OMB), Office of Information and Regulatory Affairs (OIRA), requesting an extension of its approval for the following collection of information: 1625-0001, Report of Marine Casualty & Chemical Testing of Commercial Vessel Personnel; without change. Our ICR describes the information we seek to collect from the public. Review and comments by OIRA ensure we only impose paperwork burdens commensurate with our performance of duties.",https://www.federalregister.gov/documents/2026/08/10/2026-16232/collection-of-information-under-review-by-office-of-management-and-budget-omb-control-number,https://www.govinfo.gov/content/pkg/FR-2026-08-10/pdf/2026-16232.pdf,https://public-inspection.federalregister.gov/2026-16232.pdf?1786106712
2026-16227,Agency Information Collection Activities: Submission to OMB for Review and Approval; Public Comment Request; Transforming Pediatrics for Early Childhood Program Performance Measures,Notice,Published,Health and Human Services Department | Health Resources and Services Administration,2026-08-10,,2026-09-09,,91 FR 51498,,"In compliance with the Paperwork Reduction Act of 1995, HRSA submitted an Information Collection Request (ICR) to the Office of Management and Budget (OMB) for review and approval. Comments submitted during the first public review of this ICR will be provided to OMB. OMB will accept further comments from the public during the review and approval period. OMB may act on HRSA's ICR only after the 30-day comment period for this notice has closed.",https://www.federalregister.gov/documents/2026/08/10/2026-16227/agency-information-collection-activities-submission-to-omb-for-review-and-approval-public-comment,https://www.govinfo.gov/content/pkg/FR-2026-08-10/pdf/2026-16227.pdf,https://public-inspection.federalregister.gov/2026-16227.pdf?1786106711
2026-16226,Plan of Action Under the Defense Production Act (Material Sufficiency Committee),Notice,Published,Energy Department,2026-08-10,,,,91 FR 51477,DOE-HQ-2026-1024,"On October 23, 2025, the Department of Energy held a public meeting to discuss the development of voluntary agreements and plans of action under the Defense Production Act. As part of that meeting, a draft voluntary agreement was released to the accompanying docket and published in the Federal Register for comment. This notice publishes the plan of action for the Material Sufficiency Committee under the ""Nuclear Fuel Cycle Consortium"" Voluntary Agreement, approved by the Secretary of Energy, after consultation by the Attorney General and Chairman of the Federal Trade Commission.",https://www.federalregister.gov/documents/2026/08/10/2026-16226/plan-of-action-under-the-defense-production-act-material-sufficiency-committee,https://www.govinfo.gov/content/pkg/FR-2026-08-10/pdf/2026-16226.pdf,https://public-inspection.federalregister.gov/2026-16226.pdf?1786106711
2026-16221,Agency Information Collection Activities: Requests for Comments; Clearance of Renewed Approval of Information Collection: Airman Knowledge Test Registration Collection,Notice,Published,Transportation Department | Federal Aviation Administration,2026-08-10,,2026-09-09,,91 FR 51521,Docket No. FAA-2026-3853,"In accordance with the Paperwork Reduction Act of 1995, FAA invites public comments about our intention to request the Office of Management and Budget (OMB) approval to renew an information collection. The Federal Register Notice with a 60-day comment period soliciting comments on the following collection of information was published on April 10, 2026. The collection involves the voluntary submission of information for registration of an Airman Knowledge Test as part of the FAA Airman Certification Process. The information collected is necessary to ensure compliance and proper registration of an individual for the necessary knowledge test for the certification or rating pursued by the individual.",https://www.federalregister.gov/documents/2026/08/10/2026-16221/agency-information-collection-activities-requests-for-comments-clearance-of-renewed-approval-of,https://www.govinfo.gov/content/pkg/FR-2026-08-10/pdf/2026-16221.pdf,https://public-inspection.federalregister.gov/2026-16221.pdf?1786106711
2026-16220,"Request Notice: Use of Foreign-Built Small Passenger Vessel in United States Coastwise Trade, M/V NOMAD",Notice,Published,Transportation Department | Maritime Administration,2026-08-10,,2026-09-09,,91 FR 51523,Docket No. MARAD-2026-1261,"The Secretary of Transportation, as represented by MARAD, is authorized to make determinations regarding the coastwise use of foreign built; certain U.S. built; and U.S. and foreign rebuilt vessels that solely carry no more than twelve passengers for hire. MARAD has received such a determination request and is publishing this notice to solicit comments to assist with determining whether the proposed use of the vessel set forth in the request would have an adverse effect on U.S. vessel builders or U.S. coastwise trade businesses that use U.S.- built vessels in those businesses. Information about the requestor's vessel, including a description of the proposed service, is in the SUPPLEMENTARY INFORMATION section below.",https://www.federalregister.gov/documents/2026/08/10/2026-16220/request-notice-use-of-foreign-built-small-passenger-vessel-in-united-states-coastwise-trade-mv-nomad,https://www.govinfo.gov/content/pkg/FR-2026-08-10/pdf/2026-16220.pdf,https://public-inspection.federalregister.gov/2026-16220.pdf?1786106710
2026-16219,"Request Notice: Use of Foreign-Built Small Passenger Vessel in United States Coastwise Trade, M/V ELBOW GREASE",Notice,Published,Transportation Department | Maritime Administration,2026-08-10,,2026-09-09,,91 FR 51525,Docket No. MARAD-2026-1260,"The Secretary of Transportation, as represented by MARAD, is authorized to make determinations regarding the coastwise use of foreign built; certain U.S. built; and U.S. and foreign rebuilt vessels that solely carry no more than twelve passengers for hire. MARAD has received such a determination request and is publishing this notice to solicit comments to assist with determining whether the proposed use of the vessel set forth in the request would have an adverse effect on U.S. vessel builders or U.S. coastwise trade businesses that use U.S.-built vessels in those businesses. Information about the requestor's vessel, including a description of the proposed service, is in the SUPPLEMENTARY INFORMATION section below.",https://www.federalregister.gov/documents/2026/08/10/2026-16219/request-notice-use-of-foreign-built-small-passenger-vessel-in-united-states-coastwise-trade-mv-elbow,https://www.govinfo.gov/content/pkg/FR-2026-08-10/pdf/2026-16219.pdf,https://public-inspection.federalregister.gov/2026-16219.pdf?1786106710
2026-16218,"Request Notice: Use of Foreign-Built Small Passenger Vessel in United States Coastwise Trade, S/V MYSTIC PEARL",Notice,Published,Transportation Department | Maritime Administration,2026-08-10,,2026-09-09,,91 FR 51522,Docket No. MARAD-2026-1258,"The Secretary of Transportation, as represented by MARAD, is authorized to make determinations regarding the coastwise use of foreign built; certain U.S. built; and U.S. and foreign rebuilt vessels that solely carry no more than twelve passengers for hire. MARAD has received such a determination request and is publishing this notice to solicit comments to assist with determining whether the proposed use of the vessel set forth in the request would have an adverse effect on U.S. vessel builders or U.S. coastwise trade businesses that use U.S.- built vessels in those businesses. Information about the requestor's vessel, including a description of the proposed service, is in the SUPPLEMENTARY INFORMATION section below.",https://www.federalregister.gov/documents/2026/08/10/2026-16218/request-notice-use-of-foreign-built-small-passenger-vessel-in-united-states-coastwise-trade-sv,https://www.govinfo.gov/content/pkg/FR-2026-08-10/pdf/2026-16218.pdf,https://public-inspection.federalregister.gov/2026-16218.pdf?1786106710
2026-16217,"Request Notice: Use of Foreign-Built Small Passenger Vessel in United States Coastwise Trade, M/V HAIDA EXPLORER",Notice,Published,Transportation Department | Maritime Administration,2026-08-10,,2026-09-09,,91 FR 51527,Docket No. MARAD-2026-1259,"The Secretary of Transportation, as represented by MARAD, is authorized to make determinations regarding the coastwise use of foreign built; certain U.S. built; and U.S. and foreign rebuilt vessels that solely carry no more than twelve passengers for hire. MARAD has received such a determination request and is publishing this notice to solicit comments to assist with determining whether the proposed use of the vessel set forth in the request would have an adverse effect on U.S. vessel builders or U.S. coastwise trade businesses that use U.S.- built vessels in those businesses. Information about the requestor's vessel, including a description of the proposed service, is in the SUPPLEMENTARY INFORMATION section below.",https://www.federalregister.gov/documents/2026/08/10/2026-16217/request-notice-use-of-foreign-built-small-passenger-vessel-in-united-states-coastwise-trade-mv-haida,https://www.govinfo.gov/content/pkg/FR-2026-08-10/pdf/2026-16217.pdf,https://public-inspection.federalregister.gov/2026-16217.pdf?1786106710
2026-16216,"Request Notice: Use of Foreign-Built Small Passenger Vessel in United States Coastwise Trade, S/V NOVA",Notice,Published,Transportation Department | Maritime Administration,2026-08-10,,2026-09-09,,91 FR 51526,Docket No. MARAD-2026-1257,"The Secretary of Transportation, as represented by MARAD, is authorized to make determinations regarding the coastwise use of foreign built; certain U.S. built; and U.S. and foreign rebuilt vessels that solely carry no more than twelve passengers for hire. MARAD has received such a determination request and is publishing this notice to solicit comments to assist with determining whether the proposed use of the vessel set forth in the request would have an adverse effect on U.S. vessel builders or U.S. coastwise trade businesses that use U.S.- built vessels in those businesses. Information about the requestor's vessel, including a description of the proposed service, is in the SUPPLEMENTARY INFORMATION section below.",https://www.federalregister.gov/documents/2026/08/10/2026-16216/request-notice-use-of-foreign-built-small-passenger-vessel-in-united-states-coastwise-trade-sv-nova,https://www.govinfo.gov/content/pkg/FR-2026-08-10/pdf/2026-16216.pdf,https://public-inspection.federalregister.gov/2026-16216.pdf?1786106710
2026-16215,"Request Notice: Use of Foreign-Built Small Passenger Vessel in United States Coastwise Trade, M/V SILENT RUNNING",Notice,Published,Transportation Department | Maritime Administration,2026-08-10,,2026-09-09,,91 FR 51528,Docket No. MARAD-2026-1256,"The Secretary of Transportation, as represented by MARAD, is authorized to make determinations regarding the coastwise use of foreign built; certain U.S. built; and U.S. and foreign rebuilt vessels that solely carry no more than twelve passengers for hire. MARAD has received such a determination request and is publishing this notice to solicit comments to assist with determining whether the proposed use of the vessel set forth in the request would have an adverse effect on U.S. vessel builders or U.S. coastwise trade businesses that use U.S.- built vessels in those businesses. Information about the requestor's vessel, including a description of the proposed service, is in the SUPPLEMENTARY INFORMATION section below.",https://www.federalregister.gov/documents/2026/08/10/2026-16215/request-notice-use-of-foreign-built-small-passenger-vessel-in-united-states-coastwise-trade-mv,https://www.govinfo.gov/content/pkg/FR-2026-08-10/pdf/2026-16215.pdf,https://public-inspection.federalregister.gov/2026-16215.pdf?1786106710
2026-16214,"Request Notice: Use of Foreign-Built Small Passenger Vessel in United States Coastwise Trade, M/V NIT WITS",Notice,Published,Transportation Department | Maritime Administration,2026-08-10,,2026-09-09,,91 FR 51529,Docket No. MARAD-2026-1255,"The Secretary of Transportation, as represented by MARAD, is authorized to make determinations regarding the coastwise use of foreign built; certain U.S. built; and U.S. and foreign rebuilt vessels that solely carry no more than twelve passengers for hire. MARAD has received such a determination request and is publishing this notice to solicit comments to assist with determining whether the proposed use of the vessel set forth in the request would have an adverse effect on U.S. vessel builders or U.S. coastwise trade businesses that use U.S.- built vessels in those businesses. Information about the requestor's vessel, including a description of the proposed service, is in the SUPPLEMENTARY INFORMATION section below.",https://www.federalregister.gov/documents/2026/08/10/2026-16214/request-notice-use-of-foreign-built-small-passenger-vessel-in-united-states-coastwise-trade-mv-nit,https://www.govinfo.gov/content/pkg/FR-2026-08-10/pdf/2026-16214.pdf,https://public-inspection.federalregister.gov/2026-16214.pdf?1786106710
2026-16213,"Request Notice: Use of Foreign-Built Small Passenger Vessel in United States Coastwise Trade, M/V RIVER TALES",Notice,Published,Transportation Department | Maritime Administration,2026-08-10,,2026-09-09,,91 FR 51524,Docket No. MARAD-2026-1222,"The Secretary of Transportation, as represented by MARAD, is authorized to make determinations regarding the coastwise use of foreign built; certain U.S. built; and U.S. and foreign rebuilt vessels that solely carry no more than twelve passengers for hire. MARAD has received such a determination request and is publishing this notice to solicit comments to assist with determining whether the proposed use of the vessel set forth in the request would have an adverse effect on U.S. vessel builders or U.S. coastwise trade businesses that use U.S.- built vessels in those businesses. Information about the requestor's vessel, including a description of the proposed service, is in the SUPPLEMENTARY INFORMATION section below.",https://www.federalregister.gov/documents/2026/08/10/2026-16213/request-notice-use-of-foreign-built-small-passenger-vessel-in-united-states-coastwise-trade-mv-river,https://www.govinfo.gov/content/pkg/FR-2026-08-10/pdf/2026-16213.pdf,https://public-inspection.federalregister.gov/2026-16213.pdf?1786106710
2026-16208,Agency Information Collection Activities: Requests for Comments; Clearance of Renewed Approval of Information Collection: Medical Standards and Certification,Notice,Published,Transportation Department | Federal Aviation Administration,2026-08-10,,2026-09-09,,91 FR 51520,Docket No. FAA-2026-4787,"In accordance with the Paperwork Reduction Act of 1995, FAA invites public comments about our intention to request the Office of Management and Budget (OMB) approval to renew information collection. The Federal Register Notice with a 60-day comment period soliciting comments on the following collection of information was published on June 4, 2026. The information to be collected will be used to evaluate an applicant's medical fitness. The information to be collected will be used to and/or is necessary because individuals are required to obtain an FAA medical certificate per 14 CFR . Sec. 61.3(c) and Sec. 67.4.",https://www.federalregister.gov/documents/2026/08/10/2026-16208/agency-information-collection-activities-requests-for-comments-clearance-of-renewed-approval-of,https://www.govinfo.gov/content/pkg/FR-2026-08-10/pdf/2026-16208.pdf,https://public-inspection.federalregister.gov/2026-16208.pdf?1786106709
2026-16192,Snapper-Grouper Fishery of the South Atlantic; Requests for Exempted Fishing Permits,Notice,Published,Commerce Department | National Oceanic and Atmospheric Administration,2026-08-10,,2026-08-25,,91 FR 51467,RTID 0648-XF938,"NMFS announces the receipt of three applications for exempted fishing permits (EFP) from the Florida Fish and Wildlife Conservation Commission (FWC), Georgia Department of Natural Resources (GADNR), and South Carolina Department of Natural Resources (SCDNR). If issued by NMFS, each EFP would exempt the applicable state agency and participating fishermen from specific Federal regulations applicable to the recreational harvest of red snapper in the South Atlantic. The applicants each propose to pilot test state data collection and management strategies for the recreational harvest of red snapper in 2026. The outcomes of the 2026 EFPs would inform the need and refinement of future EFP applications. The purposes of these EFPs are to improve data on recreational fishing effort, catch, and discards of red snapper in the South Atlantic and to inform the development of a long-term state-led management strategy for the recreational harvest of red snapper.",https://www.federalregister.gov/documents/2026/08/10/2026-16192/snapper-grouper-fishery-of-the-south-atlantic-requests-for-exempted-fishing-permits,https://www.govinfo.gov/content/pkg/FR-2026-08-10/pdf/2026-16192.pdf,https://public-inspection.federalregister.gov/2026-16192.pdf?1786106707
2026-16190,Agency Information Collection Activities: Proposed Collection; Comment Request,Notice,Published,Health and Human Services Department | Substance Abuse and Mental Health Services Administration,2026-08-10,,,,91 FR 51502,,,https://www.federalregister.gov/documents/2026/08/10/2026-16190/agency-information-collection-activities-proposed-collection-comment-request,https://www.govinfo.gov/content/pkg/FR-2026-08-10/pdf/2026-16190.pdf,https://public-inspection.federalregister.gov/2026-16190.pdf?1786106707
2026-17219,Establishment of the United States Coast Guard Academy Board of Visitors,Notice,Published,Homeland Security Department,2026-08-24,,,,91 FR 54730,Docket No. DHS-2026-0430,"The Secretary of Department of Homeland Security, through the U.S. Coast Guard, is establishing the U.S. Coast Guard Academy Board of Visitors (Board) as a federal advisory committee. The Board shall review and make recommendations on the operation of the U.S. Coast Guard Academy.",https://www.federalregister.gov/documents/2026/08/24/2026-17219/establishment-of-the-united-states-coast-guard-academy-board-of-visitors,https://www.govinfo.gov/content/pkg/FR-2026-08-24/pdf/2026-17219.pdf,https://public-inspection.federalregister.gov/2026-17219.pdf?1787316317
2026-17156,Center for Scientific Review; Notice of Closed Meetings,Notice,Published,Health and Human Services Department | National Institutes of Health,2026-08-21,,,,91 FR 54337,,,https://www.federalregister.gov/documents/2026/08/21/2026-17156/center-for-scientific-review-notice-of-closed-meetings,https://www.govinfo.gov/content/pkg/FR-2026-08-21/pdf/2026-17156.pdf,https://public-inspection.federalregister.gov/2026-17156.pdf?1787229922
2026-17065,Renewal of Department of Defense Federal Advisory Committee-Reserve Forces Policy Board,Notice,Published,Defense Department,2026-08-21,,,,91 FR 54314,,"The DoD (referred to herein as ""the Department,"" ""Department of War"" or ""DoW"") is publishing this notice to announce that it is renewing the Reserve Forces Policy Board (RFPB) as a non- discretionary Federal advisory committee.",https://www.federalregister.gov/documents/2026/08/21/2026-17065/renewal-of-department-of-defense-federal-advisory-committee-reserve-forces-policy-board,https://www.govinfo.gov/content/pkg/FR-2026-08-21/pdf/2026-17065.pdf,https://public-inspection.federalregister.gov/2026-17065.pdf?1787229910
2026-17017,Center for Scientific Review; Notice of Closed Meetings,Notice,Published,Health and Human Services Department | National Institutes of Health,2026-08-20,,,,91 FR 53887,,,https://www.federalregister.gov/documents/2026/08/20/2026-17017/center-for-scientific-review-notice-of-closed-meetings,https://www.govinfo.gov/content/pkg/FR-2026-08-20/pdf/2026-17017.pdf,https://public-inspection.federalregister.gov/2026-17017.pdf?1787143525
2026-16999,Advisory Committee; Cardiovascular and Renal Drugs Advisory Committee; Renewal,Notice,Published,Health and Human Services Department | Food and Drug Administration,2026-08-20,,,,91 FR 53882,Docket No. FDA-2026-N-0008,"The Food and Drug Administration (FDA) is announcing the renewal of the Cardiovascular and Renal Drugs Advisory Committee by the Commissioner of Food and Drugs (the Commissioner). The Commissioner has determined that it is in the public interest to renew the Cardiovascular and Renal Drugs Advisory Committee for an additional 2 years beyond the charter expiration date. The new charter will be in effect until the August 27, 2028, expiration date.",https://www.federalregister.gov/documents/2026/08/20/2026-16999/advisory-committee-cardiovascular-and-renal-drugs-advisory-committee-renewal,https://www.govinfo.gov/content/pkg/FR-2026-08-20/pdf/2026-16999.pdf,https://public-inspection.federalregister.gov/2026-16999.pdf?1787143523
2026-16958,Center or Scientific Review; Notice of Closed Meetings,Notice,Published,Health and Human Services Department | National Institutes of Health,2026-08-20,,,,91 FR 53886,,,https://www.federalregister.gov/documents/2026/08/20/2026-16958/center-or-scientific-review-notice-of-closed-meetings,https://www.govinfo.gov/content/pkg/FR-2026-08-20/pdf/2026-16958.pdf,https://public-inspection.federalregister.gov/2026-16958.pdf?1787143517
2026-16957,Center for Scientific Review; Notice of Closed Meetings,Notice,Published,Health and Human Services Department | National Institutes of Health,2026-08-20,,,,91 FR 53885,,,https://www.federalregister.gov/documents/2026/08/20/2026-16957/center-for-scientific-review-notice-of-closed-meetings,https://www.govinfo.gov/content/pkg/FR-2026-08-20/pdf/2026-16957.pdf,https://public-inspection.federalregister.gov/2026-16957.pdf?1787143517
2026-16908,Solicitation of Nominations for Membership on the NOAA Science Advisory Board (SAB),Notice,Published,Commerce Department | National Oceanic and Atmospheric Administration,2026-08-19,,,,91 FR 53605,,"The NOAA Science Advisory Board (SAB) is the only Federal Advisory Committee with responsibility to advise the Under Secretary of Commerce for Oceans and Atmosphere on long- and short-range strategies for research, education and the application of science to resource management and environmental assessment and prediction. The Science Advisory Board is called upon to provide advice to NOAA on a wide variety of topics important to the agency. Because of the breadth of subject matter that the group addresses, they frequently consult with additional experts on specific topics. Certain topics are deemed to be of long-term interest for NOAA and the standing working groups (WGs) were established under the SAB to consult on a regular basis. The SAB WGs consist of experts with whom the SAB consults on a regular basis to address NOAA scientific priorities.",https://www.federalregister.gov/documents/2026/08/19/2026-16908/solicitation-of-nominations-for-membership-on-the-noaa-science-advisory-board-sab,https://www.govinfo.gov/content/pkg/FR-2026-08-19/pdf/2026-16908.pdf,https://public-inspection.federalregister.gov/2026-16908.pdf?1787057117
2026-16884,Solicitation of Nominations for Membership on the NOAA Science Advisory Board (SAB),Notice,Published,Commerce Department | National Oceanic and Atmospheric Administration,2026-08-19,,,,91 FR 53607,,"The NOAA Science Advisory Board (SAB) is the only Federal Advisory Committee with responsibility to advise the Under Secretary of Commerce for Oceans and Atmosphere on long- and short-range strategies for research, education and the application of science to resource management and environmental assessment and prediction. NOAA seeks candidates with expertise in areas relevant to its mission, including Federal, State, and local government; social and behavioral sciences; artificial intelligence and machine learning; high performance computing; data management, including open access and accessibility; uncrewed systems; whale research and conservation; aircraft systems and modernization; and economic analysis, including cost-benefit evaluation of observing systems. NOAA also encourages nominations of qualified mid-career scientists and engineers.",https://www.federalregister.gov/documents/2026/08/19/2026-16884/solicitation-of-nominations-for-membership-on-the-noaa-science-advisory-board-sab,https://www.govinfo.gov/content/pkg/FR-2026-08-19/pdf/2026-16884.pdf,https://public-inspection.federalregister.gov/2026-16884.pdf?1787057114
2026-16801,Secretary of Energy Advisory Board,Notice,Published,Energy Department,2026-08-18,,,,91 FR 53406,,"Pursuant to the Federal Advisory Committee Act and following consultation with the Committee Management Secretariat, General Services Administration, notice is hereby given that the Secretary of Energy Advisory Board (SEAB) will be renewed for a two-year period beginning on August 26, 2026. The Committee provides advice and recommendations to the Secretary of Energy on energy policies; the Department's basic and applied research and developmental activities; economic and national security policy; and on any other activities and operations of the Department of Energy.",https://www.federalregister.gov/documents/2026/08/18/2026-16801/secretary-of-energy-advisory-board,https://www.govinfo.gov/content/pkg/FR-2026-08-18/pdf/2026-16801.pdf,https://public-inspection.federalregister.gov/2026-16801.pdf?1786970722
2026-16794,Astronomy and Astrophysics Advisory Committee; Notice of Meeting,Notice,Published,National Science Foundation,2026-08-18,,,,91 FR 53427,,,https://www.federalregister.gov/documents/2026/08/18/2026-16794/astronomy-and-astrophysics-advisory-committee-notice-of-meeting,https://www.govinfo.gov/content/pkg/FR-2026-08-18/pdf/2026-16794.pdf,https://public-inspection.federalregister.gov/2026-16794.pdf?1786970721
2026-16779,National Institute of Allergy and Infectious Diseases; Amended Notice of Meeting,Notice,Published,Health and Human Services Department | National Institutes of Health,2026-08-18,,,,91 FR 53420,,,https://www.federalregister.gov/documents/2026/08/18/2026-16779/national-institute-of-allergy-and-infectious-diseases-amended-notice-of-meeting,https://www.govinfo.gov/content/pkg/FR-2026-08-18/pdf/2026-16779.pdf,https://public-inspection.federalregister.gov/2026-16779.pdf?1786970718
2026-16778,National Institute of Neurological Disorders and Stroke; Notice of Partially Closed Meeting,Notice,Published,Health and Human Services Department | National Institutes of Health,2026-08-18,,,,91 FR 53420,,,https://www.federalregister.gov/documents/2026/08/18/2026-16778/national-institute-of-neurological-disorders-and-stroke-notice-of-partially-closed-meeting,https://www.govinfo.gov/content/pkg/FR-2026-08-18/pdf/2026-16778.pdf,https://public-inspection.federalregister.gov/2026-16778.pdf?1786970717
2026-16675,National Institute on Alcohol Abuse and Alcoholism; Notice of Partially Closed Meeting,Notice,Published,Health and Human Services Department | National Institutes of Health,2026-08-14,,,,91 FR 52709,,,https://www.federalregister.gov/documents/2026/08/14/2026-16675/national-institute-on-alcohol-abuse-and-alcoholism-notice-of-partially-closed-meeting,https://www.govinfo.gov/content/pkg/FR-2026-08-14/pdf/2026-16675.pdf,https://public-inspection.federalregister.gov/2026-16675.pdf?1786625122
2026-16538,National Eye Institute; Notice of Meeting,Notice,Published,Health and Human Services Department | National Institutes of Health,2026-08-13,,,,91 FR 52310,,,https://www.federalregister.gov/documents/2026/08/13/2026-16538/national-eye-institute-notice-of-meeting,https://www.govinfo.gov/content/pkg/FR-2026-08-13/pdf/2026-16538.pdf,https://public-inspection.federalregister.gov/2026-16538.pdf?1786538718
2026-16518,"Environmental Management Site-Specific Advisory Board, Paducah; Correction",Notice,Published,Energy Department,2026-08-13,,,,91 FR 52299,,"On July 21, 2026, the Department of Energy published a notice of open meeting announcing a meeting on August 20, 2026, of the Environmental Management Site-Specific Advisory Board (EM SSAB), Paducah. This document makes a location correction to that notice. The meeting will be held virtually rather than in person.",https://www.federalregister.gov/documents/2026/08/13/2026-16518/environmental-management-site-specific-advisory-board-paducah-correction,https://www.govinfo.gov/content/pkg/FR-2026-08-13/pdf/2026-16518.pdf,https://public-inspection.federalregister.gov/2026-16518.pdf?1786538716
2026-16468,Center For Scientific Review; Notice of Closed Meetings,Notice,Published,Health and Human Services Department | National Institutes of Health,2026-08-13,,,,91 FR 52311,,,https://www.federalregister.gov/documents/2026/08/13/2026-16468/center-for-scientific-review-notice-of-closed-meetings,https://www.govinfo.gov/content/pkg/FR-2026-08-13/pdf/2026-16468.pdf,https://public-inspection.federalregister.gov/2026-16468.pdf?1786538710
2026-16399,Solicitation of Nominations for Membership on the National Vaccine Advisory Committee,Notice,Published,Health and Human Services Department,2026-08-12,,,,91 FR 52060,,"The Office of the Assistant Secretary for Health (OASH) is seeking nominations for membership on the National Vaccine Advisory Committee (referred to as NVAC and/or the Committee). The NVAC is a federal advisory committee within the U. S. Department of Health and Human Services (HHS). Management support for the activities of this Committee is the responsibility of the Office of the Assistant Secretary for Health (OASH). The qualified individuals will be nominated by the Assistant Secretary for Health (ASH) of the U.S. Department of Health and Human Services for appointment to the NVAC. The ASH serves as Director of the National Vaccine Program (NVP). Members of the Committee, including the Chair, are appointed by the ASH. Members are invited to serve for overlapping terms of up to four years. The NVAC was established to provide advice and make recommendations to the Director of the NVP on matters related to the Program's responsibilities. The functions of the Committee are solely advisory in nature. A copy of the NVAC charter that describes its structure and functions can be reviewed on the NVAC website at: https:/ /www.hhs.gov/vaccines/nvac/charter/index.html.",https://www.federalregister.gov/documents/2026/08/12/2026-16399/solicitation-of-nominations-for-membership-on-the-national-vaccine-advisory-committee,https://www.govinfo.gov/content/pkg/FR-2026-08-12/pdf/2026-16399.pdf,https://public-inspection.federalregister.gov/2026-16399.pdf?1786452312
2026-16377,Center for Scientific Review; Notice of Closed Meetings,Notice,Published,Health and Human Services Department | National Institutes of Health,2026-08-12,,,,91 FR 52066,,,https://www.federalregister.gov/documents/2026/08/12/2026-16377/center-for-scientific-review-notice-of-closed-meetings,https://www.govinfo.gov/content/pkg/FR-2026-08-12/pdf/2026-16377.pdf,https://public-inspection.federalregister.gov/2026-16377.pdf?1786452307
2026-16224,Plan of Action Under the Defense Production Act (Human Mobilization Committee),Notice,Published,Energy Department,2026-08-10,,,,91 FR 51480,DOE-HQ-2026-0694,"On October 23, 2025, the Department of Energy held a public meeting to discuss the development of voluntary agreements and plans of action under the Defense Production Act. As part of that meeting, a draft voluntary agreement was released to the accompanying docket and published in the Federal Register for comment. This notice publishes the plan of action for the Human Mobilization Committee under the ""Nuclear Fuel Cycle Consortium"" Voluntary Agreement, approved by the Secretary of Energy, after consultation by the Attorney General and Chairman of the Federal Trade Commission.",https://www.federalregister.gov/documents/2026/08/10/2026-16224/plan-of-action-under-the-defense-production-act-human-mobilization-committee,https://www.govinfo.gov/content/pkg/FR-2026-08-10/pdf/2026-16224.pdf,https://public-inspection.federalregister.gov/2026-16224.pdf?1786106711
2026-16205,National Institute on Deafness and Other Communication Disorders; Notice of Meeting,Notice,Published,Health and Human Services Department | National Institutes of Health,2026-08-10,,,,91 FR 51501,,,https://www.federalregister.gov/documents/2026/08/10/2026-16205/national-institute-on-deafness-and-other-communication-disorders-notice-of-meeting,https://www.govinfo.gov/content/pkg/FR-2026-08-10/pdf/2026-16205.pdf,https://public-inspection.federalregister.gov/2026-16205.pdf?1786106709
2026-16204,National Institute on Deafness and Other Communication Disorders; Notice of Closed Meeting,Notice,Published,Health and Human Services Department | National Institutes of Health,2026-08-10,,,,91 FR 51501,,,https://www.federalregister.gov/documents/2026/08/10/2026-16204/national-institute-on-deafness-and-other-communication-disorders-notice-of-closed-meeting,https://www.govinfo.gov/content/pkg/FR-2026-08-10/pdf/2026-16204.pdf,https://public-inspection.federalregister.gov/2026-16204.pdf?1786106708
2026-17192,International Pacific Halibut Commission Appointments,Notice,Published,Commerce Department | National Oceanic and Atmospheric Administration,2026-08-24,,,,91 FR 54700,RTID 0648-XF956,NOAA is soliciting nominations for a resident of Alaska to serve as a United States Commissioner to the International Pacific Halibut Commission (IPHC). This action is necessary to ensure that the interests of the United States and all of its stakeholders in the Pacific halibut fishery are adequately represented. The intended effect of this solicitation is to ensure stakeholder participation in the process of filling a vacant Commissioner position.,https://www.federalregister.gov/documents/2026/08/24/2026-17192/international-pacific-halibut-commission-appointments,https://www.govinfo.gov/content/pkg/FR-2026-08-24/pdf/2026-17192.pdf,https://public-inspection.federalregister.gov/2026-17192.pdf?1787316314
2026-16364,Meetings; Sunshine Act  ,Notice,Public Inspection (Pre-Publication),Nuclear Regulatory Commission,,,,,,,,https://www.federalregister.gov/public-inspection/2026-16364/meetings-sunshine-act,,
2026-16271,"Agency Information Collection Activities; Proposals, Submissions, and Approvals: Ocean Transportation Intermediaries ",Notice,Public Inspection (Pre-Publication),Federal Maritime Commission,,,,,,,,https://www.federalregister.gov/public-inspection/2026-16271/agency-information-collection-activities-proposals-submissions-and-approvals-ocean-transportation,,
2026-16276,"Exemption: Acquisition and Operation; Rapid City, Pierre and Eastern Railroad, Inc, State of South Dakota ",Notice,Public Inspection (Pre-Publication),Surface Transportation Board,,,,,,,,https://www.federalregister.gov/public-inspection/2026-16276/exemption-acquisition-and-operation-rapid-city-pierre-and-eastern-railroad-inc-state-of-south-dakota,,
2026-16273,"Hearings, Meetings, Proceedings, etc.: Consumer Protection and Accessibility Advisory Committee ",Notice,Public Inspection (Pre-Publication),Federal Communications Commission,,,,,,,,https://www.federalregister.gov/public-inspection/2026-16273/hearings-meetings-proceedings-etc-consumer-protection-and-accessibility-advisory-committee,,
2026-16277,"Self-Regulatory Organizations; Proposed Rule Changes: MIAX Sapphire, LLC ",Notice,Public Inspection (Pre-Publication),Securities and Exchange Commission,,,,,,,,https://www.federalregister.gov/public-inspection/2026-16277/self-regulatory-organizations-proposed-rule-changes-miax-sapphire-llc,,
2026-16278,Self-Regulatory Organizations; Proposed Rule Changes: Texas Stock Exchange LLC ,Notice,Public Inspection (Pre-Publication),Securities and Exchange Commission,,,,,,,,https://www.federalregister.gov/public-inspection/2026-16278/self-regulatory-organizations-proposed-rule-changes-texas-stock-exchange-llc,,
2026-16279,Self-Regulatory Organizations; Proposed Rule Changes: Investors Exchange LLC ,Notice,Public Inspection (Pre-Publication),Securities and Exchange Commission,,,,,,,,https://www.federalregister.gov/public-inspection/2026-16279/self-regulatory-organizations-proposed-rule-changes-investors-exchange-llc,,
2026-16280,Self-Regulatory Organizations; Proposed Rule Changes: Fixed Income Clearing Corp. ,Notice,Public Inspection (Pre-Publication),Securities and Exchange Commission,,,,,,,,https://www.federalregister.gov/public-inspection/2026-16280/self-regulatory-organizations-proposed-rule-changes-fixed-income-clearing-corp,,
2026-16281,Self-Regulatory Organizations; Proposed Rule Changes: Fixed Income Clearing Corp. ,Notice,Public Inspection (Pre-Publication),Securities and Exchange Commission,,,,,,,,https://www.federalregister.gov/public-inspection/2026-16281/self-regulatory-organizations-proposed-rule-changes-fixed-income-clearing-corp,,
2026-16282,Self-Regulatory Organizations; Proposed Rule Changes: Fixed Income Clearing Corp. ,Notice,Public Inspection (Pre-Publication),Securities and Exchange Commission,,,,,,,,https://www.federalregister.gov/public-inspection/2026-16282/self-regulatory-organizations-proposed-rule-changes-fixed-income-clearing-corp,,
2026-16283,"Self-Regulatory Organizations; Proposed Rule Changes: MIAX Emerald, LLC ",Notice,Public Inspection (Pre-Publication),Securities and Exchange Commission,,,,,,,,https://www.federalregister.gov/public-inspection/2026-16283/self-regulatory-organizations-proposed-rule-changes-miax-emerald-llc,,
2026-16284,"Self-Regulatory Organizations; Proposed Rule Changes: Miami International Securities Exchange, LLC ",Notice,Public Inspection (Pre-Publication),Securities and Exchange Commission,,,,,,,,https://www.federalregister.gov/public-inspection/2026-16284/self-regulatory-organizations-proposed-rule-changes-miami-international-securities-exchange-llc,,
2026-16285,"Self-Regulatory Organizations; Proposed Rule Changes: Miami International Securities Exchange, LLC ",Notice,Public Inspection (Pre-Publication),Securities and Exchange Commission,,,,,,,,https://www.federalregister.gov/public-inspection/2026-16285/self-regulatory-organizations-proposed-rule-changes-miami-international-securities-exchange-llc,,
2026-16286,"Self-Regulatory Organizations; Proposed Rule Changes: MIAX PEARL, LLC ",Notice,Public Inspection (Pre-Publication),Securities and Exchange Commission,,,,,,,,https://www.federalregister.gov/public-inspection/2026-16286/self-regulatory-organizations-proposed-rule-changes-miax-pearl-llc,,
2026-16287,"Self-Regulatory Organizations; Proposed Rule Changes: Nasdaq GEMX, LLC ",Notice,Public Inspection (Pre-Publication),Securities and Exchange Commission,,,,,,,,https://www.federalregister.gov/public-inspection/2026-16287/self-regulatory-organizations-proposed-rule-changes-nasdaq-gemx-llc,,
2026-16291,"Permits; Applications, Issuances, etc.: Endangered Species ",Notice,Public Inspection (Pre-Publication),Fish and Wildlife Service,,,,,,,,https://www.federalregister.gov/public-inspection/2026-16291/permits-applications-issuances-etc-endangered-species,,
2026-16293,Disaster Declaration: Illinois ,Notice,Public Inspection (Pre-Publication),Small Business Administration,,,,,,,,https://www.federalregister.gov/public-inspection/2026-16293/disaster-declaration-illinois,,
2026-16294,Privacy Act; Systems of Records  ,Notice,Public Inspection (Pre-Publication),Federal Communications Commission,,,,,,,,https://www.federalregister.gov/public-inspection/2026-16294/privacy-act-systems-of-records,,
2026-16295,"Public Land Order: No. 7969; Withdrawal Revocation Calcasieu Radio Beacon Station, Calcasieu, Cameron Parish, LA ",Notice,Public Inspection (Pre-Publication),Land Management Bureau,,,,,,,,https://www.federalregister.gov/public-inspection/2026-16295/public-land-order-no-7969-withdrawal-revocation-calcasieu-radio-beacon-station-calcasieu-cameron,,
2026-16297,"Antidumping or Countervailing Duty Investigations, Orders, or Reviews: Difluoromethane (R-32) from the People's Republic of China ",Notice,Public Inspection (Pre-Publication),International Trade Administration,,,,,,,,https://www.federalregister.gov/public-inspection/2026-16297/antidumping-or-countervailing-duty-investigations-orders-or-reviews-difluoromethane-r-32-from-the,,
2026-16298,"Agency Information Collection Activities; Proposals, Submissions, and Approvals  ",Notice,Public Inspection (Pre-Publication),Federal Communications Commission,,,,,,,,https://www.federalregister.gov/public-inspection/2026-16298/agency-information-collection-activities-proposals-submissions-and-approvals,,
2026-16299,"Agency Information Collection Activities; Proposals, Submissions, and Approvals  ",Notice,Public Inspection (Pre-Publication),Federal Communications Commission,,,,,,,,https://www.federalregister.gov/public-inspection/2026-16299/agency-information-collection-activities-proposals-submissions-and-approvals,,
2026-16301,"Investigations; Determinations, Modifications, and Rulings, etc.: Mattresses from Cambodia, China, Malaysia, Serbia, Thailand, Turkey, and Vietnam ",Notice,Public Inspection (Pre-Publication),International Trade Commission,,,,,,,,https://www.federalregister.gov/public-inspection/2026-16301/investigations-determinations-modifications-and-rulings-etc-mattresses-from-cambodia-china-malaysia,,
2026-16302,"Investigations; Determinations, Modifications, and Rulings, etc.: Large Vertical Shaft Engines from China ",Notice,Public Inspection (Pre-Publication),International Trade Commission,,,,,,,,https://www.federalregister.gov/public-inspection/2026-16302/investigations-determinations-modifications-and-rulings-etc-large-vertical-shaft-engines-from-china,,
2026-16303,"Investigations; Determinations, Modifications, and Rulings, etc.: Certain Pre-Stretched Synthetic Braiding Hair and Packaging Thereof (II) ",Notice,Public Inspection (Pre-Publication),International Trade Commission,,,,,,,,https://www.federalregister.gov/public-inspection/2026-16303/investigations-determinations-modifications-and-rulings-etc-certain-pre-stretched-synthetic-braiding,,
2026-16304,"Investigations; Determinations, Modifications, and Rulings, etc.: Certain Child Car Seats ",Notice,Public Inspection (Pre-Publication),International Trade Commission,,,,,,,,https://www.federalregister.gov/public-inspection/2026-16304/investigations-determinations-modifications-and-rulings-etc-certain-child-car-seats,,
2026-16305,"Investigations; Determinations, Modifications, and Rulings, etc.: Certain Glass Substrates for Liquid Crystal Displays, Products Containing the Same, and Methods for Manufacturing the Same II ",Notice,Public Inspection (Pre-Publication),International Trade Commission,,,,,,,,https://www.federalregister.gov/public-inspection/2026-16305/investigations-determinations-modifications-and-rulings-etc-certain-glass-substrates-for-liquid,,
2026-16306,Midyear Adjustment to the Calendar Year 2026: Privately Owned Vehicle Mileage Reimbursement Rates and Standard Mileage Rate for Moving Purposes (Relocation Allowances) ,Notice,Public Inspection (Pre-Publication),General Services Administration,,,,,,,,https://www.federalregister.gov/public-inspection/2026-16306/midyear-adjustment-to-the-calendar-year-2026-privately-owned-vehicle-mileage-reimbursement-rates-and,,
2026-16307,"Agency Information Collection Activities; Proposals, Submissions, and Approvals: Employee Self-Certification and Ability to Perform in Emergencies Posts, Pre-Deployment Physical Exam Acknowledgement Form ",Notice,Public Inspection (Pre-Publication),State Department,,,,,,,,https://www.federalregister.gov/public-inspection/2026-16307/agency-information-collection-activities-proposals-submissions-and-approvals-employee,,
2026-16308,"Agency Information Collection Activities; Proposals, Submissions, and Approvals: Veteran/Servicemembers Supplemental Application for Assistance in Acquiring Specially Adapted Housing ",Notice,Public Inspection (Pre-Publication),Veterans Affairs Department,,,,,,,,https://www.federalregister.gov/public-inspection/2026-16308/agency-information-collection-activities-proposals-submissions-and-approvals-veteranservicemembers,,
2026-16309,"Facility Operating Licenses: Applications and Amendments Involving Proposed No Significant Hazards Considerations, etc. ",Notice,Public Inspection (Pre-Publication),Nuclear Regulatory Commission,,,,,,,,https://www.federalregister.gov/public-inspection/2026-16309/facility-operating-licenses-applications-and-amendments-involving-proposed-no-significant-hazards,,
2026-16310,"Formations of, Acquisitions by, and Mergers of Bank Holding Companies  ",Notice,Public Inspection (Pre-Publication),Federal Reserve System,,,,,,,,https://www.federalregister.gov/public-inspection/2026-16310/formations-of-acquisitions-by-and-mergers-of-bank-holding-companies,,
2026-16311,"Agency Information Collection Activities; Proposals, Submissions, and Approvals: Generic Clearance for TSCA Section 4 Test Rules, Test Orders, Enforceable Consent Agreements, Voluntary Data Submissions, and Exemptions from Testing Requirement ",Notice,Public Inspection (Pre-Publication),Environmental Protection Agency,,,,,,,,https://www.federalregister.gov/public-inspection/2026-16311/agency-information-collection-activities-proposals-submissions-and-approvals-generic-clearance-for,,
2026-16315,Administrative Updates to the General Requirements Bulletin for Admission to the Examination for Registration to Practice in Patent Cases Before the United States Patent and Trademark Office  ,Notice,Public Inspection (Pre-Publication),Patent and Trademark Office,,,,,,,,https://www.federalregister.gov/public-inspection/2026-16315/administrative-updates-to-the-general-requirements-bulletin-for-admission-to-the-examination-for,,
2026-16320,New Postal Products  ,Notice,Public Inspection (Pre-Publication),Postal Regulatory Commission,,,,,,,,https://www.federalregister.gov/public-inspection/2026-16320/new-postal-products,,
2026-16324,"Application: Appalachian Power Co., Effectiveness of Withdrawal for Amendment to Water Management Plan ",Notice,Public Inspection (Pre-Publication),Federal Energy Regulatory Commission,,,,,,,,https://www.federalregister.gov/public-inspection/2026-16324/application-appalachian-power-co-effectiveness-of-withdrawal-for-amendment-to-water-management-plan,,
2026-16325,"Licenses; Exemptions, Applications, Amendments, etc.: City of Hamilton, OH ",Notice,Public Inspection (Pre-Publication),Federal Energy Regulatory Commission,,,,,,,,https://www.federalregister.gov/public-inspection/2026-16325/licenses-exemptions-applications-amendments-etc-city-of-hamilton-oh,,
2026-16326,"Application: Lyonsdale Associates, LLC, Reasonable Period of Time for Water Quality Certification ",Notice,Public Inspection (Pre-Publication),Federal Energy Regulatory Commission,,,,,,,,https://www.federalregister.gov/public-inspection/2026-16326/application-lyonsdale-associates-llc-reasonable-period-of-time-for-water-quality-certification,,
2026-16327,"Application: Marlow Hydro, LLC, Reasonable Period of Time for Water Quality Certification ",Notice,Public Inspection (Pre-Publication),Federal Energy Regulatory Commission,,,,,,,,https://www.federalregister.gov/public-inspection/2026-16327/application-marlow-hydro-llc-reasonable-period-of-time-for-water-quality-certification,,
2026-16328,"Hearings, Meetings, Proceedings, etc.: Innovation Advisory Committee ",Notice,Public Inspection (Pre-Publication),Commodity Futures Trading Commission,,,,,,,,https://www.federalregister.gov/public-inspection/2026-16328/hearings-meetings-proceedings-etc-innovation-advisory-committee,,
2026-16332,"Investigations; Determinations, Modifications, and Rulings, etc.: Certain Glass Substrates for Liquid Crystal Displays, Products Containing the Same, and Methods for Manufacturing the Same ",Notice,Public Inspection (Pre-Publication),International Trade Commission,,,,,,,,https://www.federalregister.gov/public-inspection/2026-16332/investigations-determinations-modifications-and-rulings-etc-certain-glass-substrates-for-liquid,,
2026-16338,Projects Approved for Consumptive Uses of Water  ,Notice,Public Inspection (Pre-Publication),Susquehanna River Basin Commission,,,,,,,,https://www.federalregister.gov/public-inspection/2026-16338/projects-approved-for-consumptive-uses-of-water,,
2026-16339,"Permits; Applications, Issuances, etc.  ",Notice,Public Inspection (Pre-Publication),Susquehanna River Basin Commission,,,,,,,,https://www.federalregister.gov/public-inspection/2026-16339/permits-applications-issuances-etc,,
2026-16340,Grandfathering Registration  ,Notice,Public Inspection (Pre-Publication),Susquehanna River Basin Commission,,,,,,,,https://www.federalregister.gov/public-inspection/2026-16340/grandfathering-registration,,
2026-16344,Draft Regulatory Guide: Release of Patients Administered Radioactive Material ,Notice,Public Inspection (Pre-Publication),Nuclear Regulatory Commission,,,,,,,,https://www.federalregister.gov/public-inspection/2026-16344/draft-regulatory-guide-release-of-patients-administered-radioactive-material,,
2026-16345,Agreements Filed  ,Notice,Public Inspection (Pre-Publication),Federal Maritime Commission,,,,,,,,https://www.federalregister.gov/public-inspection/2026-16345/agreements-filed,,
2026-16346,"Antidumping or Countervailing Duty Investigations, Orders, or Reviews  ",Notice,Public Inspection (Pre-Publication),International Trade Administration,,,,,,,,https://www.federalregister.gov/public-inspection/2026-16346/antidumping-or-countervailing-duty-investigations-orders-or-reviews,,
2026-16349,Fiscal Year List of Requests from States or Tribes for a Small Business Administration Disaster Declaration  ,Notice,Public Inspection (Pre-Publication),Small Business Administration,,,,,,,,https://www.federalregister.gov/public-inspection/2026-16349/fiscal-year-list-of-requests-from-states-or-tribes-for-a-small-business-administration-disaster,,
2026-16352,"Agency Information Collection Activities; Proposals, Submissions, and Approvals  ",Notice,Public Inspection (Pre-Publication),National Archives and Records Administration,,,,,,,,https://www.federalregister.gov/public-inspection/2026-16352/agency-information-collection-activities-proposals-submissions-and-approvals,,
2026-16355,"Proposed Production Activity: Foxx Development, Inc., Foreign-Trade Zone 153, San Diego, CA; Withdrawal ",Notice,Public Inspection (Pre-Publication),Foreign-Trade Zones Board,,,,,,,,https://www.federalregister.gov/public-inspection/2026-16355/proposed-production-activity-foxx-development-inc-foreign-trade-zone-153-san-diego-ca-withdrawal,,
2026-16356,"Proposed Production Activity: Viatris Pharmaceuticals LLC, Foreign-Trade Zone 61, Vega Baja, PR ",Notice,Public Inspection (Pre-Publication),Foreign-Trade Zones Board,,,,,,,,https://www.federalregister.gov/public-inspection/2026-16356/proposed-production-activity-viatris-pharmaceuticals-llc-foreign-trade-zone-61-vega-baja-pr,,
2026-16358,"Antidumping or Countervailing Duty Investigations, Orders, or Reviews: Common Alloy Aluminum Sheet from the People's Republic of China, Bahrain, et al. ",Notice,Public Inspection (Pre-Publication),International Trade Administration,,,,,,,,https://www.federalregister.gov/public-inspection/2026-16358/antidumping-or-countervailing-duty-investigations-orders-or-reviews-common-alloy-aluminum-sheet-from,,
2026-16360,"Antidumping or Countervailing Duty Investigations, Orders, or Reviews: Ripe Olives from Spain ",Notice,Public Inspection (Pre-Publication),International Trade Administration,,,,,,,,https://www.federalregister.gov/public-inspection/2026-16360/antidumping-or-countervailing-duty-investigations-orders-or-reviews-ripe-olives-from-spain,,
2026-16361,"Antidumping or Countervailing Duty Investigations, Orders, or Reviews: Mattresses from Malaysia ",Notice,Public Inspection (Pre-Publication),International Trade Administration,,,,,,,,https://www.federalregister.gov/public-inspection/2026-16361/antidumping-or-countervailing-duty-investigations-orders-or-reviews-mattresses-from-malaysia,,
2026-16362,"Antidumping or Countervailing Duty Investigations, Orders, or Reviews: Aluminum Extrusions from the People's Republic of China ",Notice,Public Inspection (Pre-Publication),International Trade Administration,,,,,,,,https://www.federalregister.gov/public-inspection/2026-16362/antidumping-or-countervailing-duty-investigations-orders-or-reviews-aluminum-extrusions-from-the,,
2026-16363,"Investigations; Determinations, Modifications, and Rulings, etc.: Certain Wi-Fi Routers, Wi-Fi Devices, Mesh Wi-Fi Network Devices and Components Thereof ",Notice,Public Inspection (Pre-Publication),International Trade Commission,,,,,,,,https://www.federalregister.gov/public-inspection/2026-16363/investigations-determinations-modifications-and-rulings-etc-certain-wi-fi-routers-wi-fi-devices-mesh,,
2026-16367,"Taking or Importing of Marine Mammals: Proposed Incidental Harassment Authorization for Southwest Alaska Stock of Northern Sea Otters in Unalaska, AK ",Notice,Public Inspection (Pre-Publication),Fish and Wildlife Service,,,,,,,,https://www.federalregister.gov/public-inspection/2026-16367/taking-or-importing-of-marine-mammals-proposed-incidental-harassment-authorization-for-southwest,,
2026-17244,"Arizona Public Service Company; Palo Verde Nuclear Generating Station, Units 1, 2, and 3; Indirect Transfer of Control of Licenses",Notice,Published,Nuclear Regulatory Commission,2026-08-24,,,,91 FR 54766,"Docket Nos. STN 50-528, STN 50-529, STN-530, and 72-44 | NRC-2026-2575","The U.S. Nuclear Regulatory Commission (NRC, the Commission) is issuing an order approving the application dated April 24, 2026, filed by Arizona Public Service Company (APS), on behalf of Public Service Company of New Mexico (PNM), Troy ParentCo LLC (Troy ParentCo), and their corporate affiliates (together, Applicants). The application sought NRC consent to the indirect transfer of control of PNM's co- ownership of the Renewed Facility Operating License Nos. NPF-41, NPF- 51, and NPF-74 for the Palo Verde Nuclear Generating Station (Palo Verde), Units 1, 2, and 3, respectively, as well as the associated general license for the Palo Verde Independent Spent Fuel Storage Installation (ISFSI) (together, the facility). No physical changes or operational changes to the facility were proposed in the application.",https://www.federalregister.gov/documents/2026/08/24/2026-17244/arizona-public-service-company-palo-verde-nuclear-generating-station-units-1-2-and-3-indirect,https://www.govinfo.gov/content/pkg/FR-2026-08-24/pdf/2026-17244.pdf,https://public-inspection.federalregister.gov/2026-17244.pdf?1787316321
2026-17242,Agency Information Collection Activities; Proposed eCollection eComments Requested; Application To Restore Federal Firearms Rights (Relief From Federal Firearms Disabilities),Notice,Published,Justice Department,2026-08-24,,2026-09-23,,91 FR 54765,OMB Number 1123-0017,"The Department of Justice (DOJ), Office of the Pardon Attorney (PARDON), will be submitting the following information collection request to the Office of Management and Budget (OMB) for review and approval in accordance with the Paperwork Reduction Act of 1995. The final rule responding to those comments was published at Application for Relief from Disabilities Imposed by Federal Laws with Respect to the Acquisition, Receipt, Transfer, Shipment, Transportation, or Possession of Firearms in the Federal Register at 91 FR 54054, August 20, 2026.",https://www.federalregister.gov/documents/2026/08/24/2026-17242/agency-information-collection-activities-proposed-ecollection-ecomments-requested-application-to,https://www.govinfo.gov/content/pkg/FR-2026-08-24/pdf/2026-17242.pdf,https://public-inspection.federalregister.gov/2026-17242.pdf?1787316320
2026-17241,"Foreign-Trade Zone (FTZ) 183, Notification of Proposed Production Activity; Ichor Systems, Inc.; (Semiconductor Equipment); Austin, Texas",Notice,Published,Commerce Department | Foreign-Trade Zones Board,2026-08-24,,,,91 FR 54692,B-104-2026,,https://www.federalregister.gov/documents/2026/08/24/2026-17241/foreign-trade-zone-ftz-183-notification-of-proposed-production-activity-ichor-systems-inc,https://www.govinfo.gov/content/pkg/FR-2026-08-24/pdf/2026-17241.pdf,https://public-inspection.federalregister.gov/2026-17241.pdf?1787316320
2026-17240,"Certain Secondary Cylindrical Batteries, Components Thereof, and Products Containing the Same; Notice of Institution of Investigation",Notice,Published,International Trade Commission,2026-08-24,,,,91 FR 54764,Investigation No. 337-TA-1518,"Notice is hereby given that a complaint was filed with the U.S. International Trade Commission on July 21, 2026, under section 337 of the Tariff Act of 1930, as amended, on behalf of LG Energy Solution Ltd. of Korea and LG Energy Solution Arizona, Inc. of Queen Creek, Arizona. A supplement was filed on August 5, 2026. The complaint, as supplemented, alleges violations of section 337 based upon the importation into the United States, the sale for importation, and the sale within the United States after importation of certain secondary cylindrical batteries, components thereof, and products containing the same by reason of the infringement of certain claims of U.S. Patent No. 8,420,257 (""the '257 patent""); U.S. Patent No, 11,749,866 (""the '866 patent""); U.S. Patent No. 12,412,924 (""the '924 patent""); U.S. Patent No. 12,412,965 (""the '965 patent""); and U.S. Patent No. 12,646,735 (""the '735 patent""). The complaint, as supplemented, further alleges that an industry in the United States is in the process of being established as required by the applicable Federal Statute. The complainants request that the Commission institute an investigation and, after the investigation, issue a limited exclusion order and cease and desist orders.",https://www.federalregister.gov/documents/2026/08/24/2026-17240/certain-secondary-cylindrical-batteries-components-thereof-and-products-containing-the-same-notice,https://www.govinfo.gov/content/pkg/FR-2026-08-24/pdf/2026-17240.pdf,https://public-inspection.federalregister.gov/2026-17240.pdf?1787316320
2026-17235,Tonto Apache Tribe of Arizona Liquor Control Code,Notice,Published,Interior Department | Indian Affairs Bureau,2026-08-24,,,2026-08-24,91 FR 54734,267A2100DD/AAKP300000/A0A501010.000000,"This notice publishes the Tonto Apache Tribe of Arizona Liquor Control Code, which repeals and replaces the previous liquor code published on January 14, 1986.",https://www.federalregister.gov/documents/2026/08/24/2026-17235/tonto-apache-tribe-of-arizona-liquor-control-code,https://www.govinfo.gov/content/pkg/FR-2026-08-24/pdf/2026-17235.pdf,https://public-inspection.federalregister.gov/2026-17235.pdf?1787316319
2026-17226,Agency Information Collection Activities; Proposed Collection; Comment Request; Extension: Form N-54A,Notice,Published,Securities and Exchange Commission,2026-08-24,,,,91 FR 54778,OMB Control No. 3235-0237,,https://www.federalregister.gov/documents/2026/08/24/2026-17226/agency-information-collection-activities-proposed-collection-comment-request-extension-form-n-54a,https://www.govinfo.gov/content/pkg/FR-2026-08-24/pdf/2026-17226.pdf,https://public-inspection.federalregister.gov/2026-17226.pdf?1787316318
2026-17225,Agency Information Collection Activities; Proposed Collection; Comment Request; Extension: Rule 17f-1,Notice,Published,Securities and Exchange Commission,2026-08-24,,,,91 FR 54779,OMB Control No. 3235-0222,,https://www.federalregister.gov/documents/2026/08/24/2026-17225/agency-information-collection-activities-proposed-collection-comment-request-extension-rule-17f-1,https://www.govinfo.gov/content/pkg/FR-2026-08-24/pdf/2026-17225.pdf,https://public-inspection.federalregister.gov/2026-17225.pdf?1787316318
2026-17224,Agency Information Collection Activities; Proposed Collection; Comment Request; Extension: Rule 163,Notice,Published,Securities and Exchange Commission,2026-08-24,,,,91 FR 54779,OMB Control No. 3235-0619,,https://www.federalregister.gov/documents/2026/08/24/2026-17224/agency-information-collection-activities-proposed-collection-comment-request-extension-rule-163,https://www.govinfo.gov/content/pkg/FR-2026-08-24/pdf/2026-17224.pdf,https://public-inspection.federalregister.gov/2026-17224.pdf?1787316318
2026-17223,Agency Information Collection Activities; Proposed Collection; Comment Request; Extension: Rule 433,Notice,Published,Securities and Exchange Commission,2026-08-24,,,,91 FR 54774,OMB Control No. 3235-0617,,https://www.federalregister.gov/documents/2026/08/24/2026-17223/agency-information-collection-activities-proposed-collection-comment-request-extension-rule-433,https://www.govinfo.gov/content/pkg/FR-2026-08-24/pdf/2026-17223.pdf,https://public-inspection.federalregister.gov/2026-17223.pdf?1787316318
2026-17210,60-Day Notice of Proposed Information Collection: Capital Advance Section 811 Grant Application for Supportive Housing for Persons With Disabilities,Notice,Published,Housing and Urban Development Department,2026-08-24,,2026-10-23,,91 FR 54731,Docket No. FR-7110-N-07 | OMB Control No.: 2502-0462,"HUD is seeking approval from the Office of Management and Budget (OMB) for the information collection described below. In accordance with the Paperwork Reduction Act, HUD is requesting comment from all interested parties on the proposed collection of information. The purpose of this notice is to allow for 60 days of public comment.",https://www.federalregister.gov/documents/2026/08/24/2026-17210/60-day-notice-of-proposed-information-collection-capital-advance-section-811-grant-application-for,https://www.govinfo.gov/content/pkg/FR-2026-08-24/pdf/2026-17210.pdf,https://public-inspection.federalregister.gov/2026-17210.pdf?1787316316
2026-17208,Information Collection Being Submitted for Review and Approval to Office of Management and Budget,Notice,Published,Federal Communications Commission,2026-08-24,,2026-09-23,,91 FR 54709,OMB 3060-XXXX | FR ID 363169,"As part of its continuing effort to reduce paperwork burdens, as required by the Paperwork Reduction Act (PRA) of 1995, the Federal Communications Commission (FCC or the Commission) invites the general public and other Federal Agencies to take this opportunity to comment on the following information collection. Pursuant to the Small Business Paperwork Relief Act of 2002, the FCC seeks specific comment on how it might further reduce the information collection burden for small business concerns with fewer than 25 employees. The Commission may not conduct or sponsor a collection of information unless it displays a currently valid Office of Management and Budget (OMB) control number. No person shall be subject to any penalty for failing to comply with a collection of information subject to the PRA that does not display a valid OMB control number.",https://www.federalregister.gov/documents/2026/08/24/2026-17208/information-collection-being-submitted-for-review-and-approval-to-office-of-management-and-budget,https://www.govinfo.gov/content/pkg/FR-2026-08-24/pdf/2026-17208.pdf,https://public-inspection.federalregister.gov/2026-17208.pdf?1787316316
2026-17197,Notice of Public Meeting of the South Carolina Advisory Committee to the U.S. Commission on Civil Rights,Notice,Published,Civil Rights Commission,2026-08-24,,,,91 FR 54692,,"Notice is hereby given, pursuant to the provisions of the rules and regulations of the U.S. Commission on Civil Rights (Commission) and the Federal Advisory Committee Act, that the South Carolina Advisory Committee (Committee) to the U.S. Commission on Civil Rights will hold a public meeting via Zoom. The purpose is to discuss the implementation stage and debrief on the testimony as part of their study on Occupational Licensing.",https://www.federalregister.gov/documents/2026/08/24/2026-17197/notice-of-public-meeting-of-the-south-carolina-advisory-committee-to-the-us-commission-on-civil,https://www.govinfo.gov/content/pkg/FR-2026-08-24/pdf/2026-17197.pdf,https://public-inspection.federalregister.gov/2026-17197.pdf?1787316315
2026-17196,"Certain Wi-Fi Routers, Wi-Fi Devices, Mesh Wi-Fi Network Devices and Components Thereof; Notice of Extension of the Deadline for Submissions on the Public Interest",Notice,Published,International Trade Commission,2026-08-24,,,,91 FR 54763,Investigation No. 337-TA-1454,"Notice is hereby given that on August 19, 2026, the presiding administrative law judge (""ALJ"") issued a Recommended Determination regarding public interest should a violation be found in the above- captioned investigation. The Commission is extending the deadline for submissions on public interest issues should the Commission find a violation that was set in the notice dated August 11, 2026. This notice and the prior notice are soliciting comments from the public and interested government agencies only.",https://www.federalregister.gov/documents/2026/08/24/2026-17196/certain-wi-fi-routers-wi-fi-devices-mesh-wi-fi-network-devices-and-components-thereof-notice-of,https://www.govinfo.gov/content/pkg/FR-2026-08-24/pdf/2026-17196.pdf,https://public-inspection.federalregister.gov/2026-17196.pdf?1787316314
2026-17195,"Foreign-Trade Zone (FTZ) 23, Notification of Proposed Production Activity; Niagara Specialty Metals; (Steel Sheets); Akron, New York",Notice,Published,Commerce Department | Foreign-Trade Zones Board,2026-08-24,,,,91 FR 54696,B-103-2026,,https://www.federalregister.gov/documents/2026/08/24/2026-17195/foreign-trade-zone-ftz-23-notification-of-proposed-production-activity-niagara-specialty-metals,https://www.govinfo.gov/content/pkg/FR-2026-08-24/pdf/2026-17195.pdf,https://public-inspection.federalregister.gov/2026-17195.pdf?1787316314
2026-17193,Comment Sought on Prohibiting the Importation and Marketing of Certain Covered UAS and UAS Critical Components and Equipment Listed in Section 1709 of FY2025 NDAA,Notice,Published,Federal Communications Commission,2026-08-24,,2026-09-23,,91 FR 54713,PSHSB & OET: PS Docket No. 26-184 | DA 26-832 | FR ID 362881,"In this document, the Public Safety and Homeland Security Bureau (PSHSB) and the Office of Engineering and Technology (OET) seek comment on proposing to prohibit the continued importation and marketing of certain previously authorized equipment that has been determined to pose an unacceptable risk to the national security of the United States and to the safety and security of United States persons. Through this Public Notice, PSHSB and OET propose to apply such prohibitions to certain previously-authorized foreign-produced uncrewed aircraft systems (UAS) and UAS critical components, and certain communications and video surveillance equipment listed in section 1709 of the Servicemember Quality of Life Improvement and National Defense Authorization Act for Fiscal Year 2025 (FY2025 NDAA), added to the Covered List in December 2025.",https://www.federalregister.gov/documents/2026/08/24/2026-17193/comment-sought-on-prohibiting-the-importation-and-marketing-of-certain-covered-uas-and-uas-critical,https://www.govinfo.gov/content/pkg/FR-2026-08-24/pdf/2026-17193.pdf,https://public-inspection.federalregister.gov/2026-17193.pdf?1787316314
2026-17191,"Pender Real Estate Credit Fund, et al.",Notice,Published,Securities and Exchange Commission,2026-08-24,,,,91 FR 54782,Investment Company Act Release No. 36307 | File No. 812-15981,,https://www.federalregister.gov/documents/2026/08/24/2026-17191/pender-real-estate-credit-fund-et-al,https://www.govinfo.gov/content/pkg/FR-2026-08-24/pdf/2026-17191.pdf,https://public-inspection.federalregister.gov/2026-17191.pdf?1787316314
2026-17189,Agency Information Collection Activities; Submission for OMB Review; Comment Request; Extension: Rule 31a-4,Notice,Published,Securities and Exchange Commission,2026-08-24,,,,91 FR 54768,OMB Control No. 3235-0783,,https://www.federalregister.gov/documents/2026/08/24/2026-17189/agency-information-collection-activities-submission-for-omb-review-comment-request-extension-rule,https://www.govinfo.gov/content/pkg/FR-2026-08-24/pdf/2026-17189.pdf,https://public-inspection.federalregister.gov/2026-17189.pdf?1787316314
2026-17186,"Notice of Intended Repatriation: American Museum of Natural History, New York, NY",Notice,Published,Interior Department | National Park Service,2026-08-24,,,,91 FR 54751,N7436 | NPS-WASO-NAGPRA-NPS0043539 | PPWOCRADN0-PCU00RP14.R50000,"In accordance with the Native American Graves Protection and Repatriation Act (NAGPRA), the American Museum of Natural History intends to repatriate a certain cultural item that meets the definition of an unassociated funerary object and that has a cultural affiliation with the Indian Tribes or Native Hawaiian organizations in this notice.",https://www.federalregister.gov/documents/2026/08/24/2026-17186/notice-of-intended-repatriation-american-museum-of-natural-history-new-york-ny,https://www.govinfo.gov/content/pkg/FR-2026-08-24/pdf/2026-17186.pdf,https://public-inspection.federalregister.gov/2026-17186.pdf?1787316313
2026-17185,"Notice of Inventory Completion: Beloit College, Logan Museum of Anthropology, Beloit, WI",Notice,Published,Interior Department | National Park Service,2026-08-24,,,,91 FR 54748,N7429 | NPS-WASO-NAGPRA-NPS0043533 | PPWOCRADN0-PCU00RP14.R50000,"In accordance with the Native American Graves Protection and Repatriation Act (NAGPRA), the Beloit College, Logan Museum of Anthropology (LMA) has completed an inventory of human remains and has determined that there is a cultural affiliation between the human remains and Indian Tribes or Native Hawaiian organizations in this notice.",https://www.federalregister.gov/documents/2026/08/24/2026-17185/notice-of-inventory-completion-beloit-college-logan-museum-of-anthropology-beloit-wi,https://www.govinfo.gov/content/pkg/FR-2026-08-24/pdf/2026-17185.pdf,https://public-inspection.federalregister.gov/2026-17185.pdf?1787316313
2026-17184,"Notice of Intended Repatriation: Princeton University Art Museum, Princeton, NJ",Notice,Published,Interior Department | National Park Service,2026-08-24,,,,91 FR 54750,N7421 | NPS-WASO-NAGPRA-NPS0043527 | PPWOCRADN0-PCU00RP14.R50000,"In accordance with the Native American Graves Protection and Repatriation Act (NAGPRA), the Princeton University Art Museum intends to repatriate a certain cultural item that meets the definition of an unassociated funerary object and that has a cultural affiliation with the Indian Tribes or Native Hawaiian organizations in this notice.",https://www.federalregister.gov/documents/2026/08/24/2026-17184/notice-of-intended-repatriation-princeton-university-art-museum-princeton-nj,https://www.govinfo.gov/content/pkg/FR-2026-08-24/pdf/2026-17184.pdf,https://public-inspection.federalregister.gov/2026-17184.pdf?1787316313
2026-17182,"Notice of Inventory Completion: Nassau County Department of Parks, Recreation, and Museums, Garvies Point Museum and Preserve, Glen Cove, NY",Notice,Published,Interior Department | National Park Service,2026-08-24,,,,91 FR 54753,N7435 | NPS-WASO-NAGPRA-NPS0043538 | PPWOCRADN0-PCU00RP14.R50000,"In accordance with the Native American Graves Protection and Repatriation Act (NAGPRA), the Nassau County Department of Parks, Recreation, and Museums--Garvies Point Museum and Preserve has completed an inventory of human remains and has determined that there is a cultural affiliation between the human remains and Indian Tribes or Native Hawaiian organizations in this notice.",https://www.federalregister.gov/documents/2026/08/24/2026-17182/notice-of-inventory-completion-nassau-county-department-of-parks-recreation-and-museums-garvies,https://www.govinfo.gov/content/pkg/FR-2026-08-24/pdf/2026-17182.pdf,https://public-inspection.federalregister.gov/2026-17182.pdf?1787316313
2026-17181,"Notice of Inventory Completion: University of North Dakota, Grand Forks, ND, and State Historical Society of North Dakota, Bismarck, ND",Notice,Published,Interior Department | National Park Service,2026-08-24,,,,91 FR 54759,N7425 | NPS-WASO-NAGPRA-NPS0043531 | PPWOCRADN0-PCU00RP14.R50000,"In accordance with the Native American Graves Protection and Repatriation Act (NAGPRA), the University of North Dakota and the State Historical Society of North Dakota have completed an inventory of human remains and associated funerary objects and has determined that there is a cultural affiliation between the human remains and associated funerary objects and Indian Tribes or Native Hawaiian organizations in this notice.",https://www.federalregister.gov/documents/2026/08/24/2026-17181/notice-of-inventory-completion-university-of-north-dakota-grand-forks-nd-and-state-historical,https://www.govinfo.gov/content/pkg/FR-2026-08-24/pdf/2026-17181.pdf,https://public-inspection.federalregister.gov/2026-17181.pdf?1787316313
2026-17180,"Notice of Intended Repatriation: Boston Children's Museum, Boston, MA",Notice,Published,Interior Department | National Park Service,2026-08-24,,,,91 FR 54754,N7420 | NPS-WASO-NAGPRA-NPS0043526 | PPWOCRADN0-PCU00RP14.R50000,"In accordance with the Native American Graves Protection and Repatriation Act (NAGPRA), Boston Children's Museum intends to repatriate certain cultural items that meet the definition of sacred objects and that have a cultural affiliation with the Indian Tribes or Native Hawaiian organizations in this notice.",https://www.federalregister.gov/documents/2026/08/24/2026-17180/notice-of-intended-repatriation-boston-childrens-museum-boston-ma,https://www.govinfo.gov/content/pkg/FR-2026-08-24/pdf/2026-17180.pdf,https://public-inspection.federalregister.gov/2026-17180.pdf?1787316313
2026-17179,"Notice of Inventory Completion: U.S. Department of the Interior, National Park Service, Cape Cod National Seashore, Wellfleet, MA",Notice,Published,Interior Department | National Park Service,2026-08-24,,,,91 FR 54753,N7438 | NPS-WASO-NAGPRA-NPS0043541 | PPWOCRADN0-PCU00RP14.R50000,"In accordance with the Native American Graves Protection and Repatriation Act (NAGPRA), the U.S. Department of the Interior, National Park Service, Cape Cod National Seashore (CACO) has completed an inventory of human remains and associated funerary objects and has determined that there is a cultural affiliation between the human remains and associated funerary objects and Indian Tribes or Native Hawaiian organizations in this notice.",https://www.federalregister.gov/documents/2026/08/24/2026-17179/notice-of-inventory-completion-us-department-of-the-interior-national-park-service-cape-cod-national,https://www.govinfo.gov/content/pkg/FR-2026-08-24/pdf/2026-17179.pdf,https://public-inspection.federalregister.gov/2026-17179.pdf?1787316313
2026-17178,"Notice of Inventory Completion: Field Museum, Chicago, IL",Notice,Published,Interior Department | National Park Service,2026-08-24,,,,91 FR 54755,N7431 | NPS-WASO-NAGPRA-NPS0043535 | PPWOCRADN0-PCU00RP14.R50000,"In accordance with the Native American Graves Protection and Repatriation Act (NAGPRA), the Field Museum of Natural History has completed an inventory of human remains and has determined that there is a cultural affiliation between the human remains and Indian Tribes or Native Hawaiian organizations in this notice.",https://www.federalregister.gov/documents/2026/08/24/2026-17178/notice-of-inventory-completion-field-museum-chicago-il,https://www.govinfo.gov/content/pkg/FR-2026-08-24/pdf/2026-17178.pdf,https://public-inspection.federalregister.gov/2026-17178.pdf?1787316313
2026-17177,"Notice of Inventory Completion: Iliff School of Theology, Denver, CO",Notice,Published,Interior Department | National Park Service,2026-08-24,,,,91 FR 54758,N7423 | NPS-WASO-NAGPRA-NPS0043529 | PPWOCRADN0-PCU00RP14.R50000,"In accordance with the Native American Graves Protection and Repatriation Act (NAGPRA), the Iliff School of Theology has completed an inventory of human remains and associated funerary objects and has determined that there is a cultural affiliation between the human remains and associated funerary objects and Indian Tribes or Native Hawaiian organizations in this notice.",https://www.federalregister.gov/documents/2026/08/24/2026-17177/notice-of-inventory-completion-iliff-school-of-theology-denver-co,https://www.govinfo.gov/content/pkg/FR-2026-08-24/pdf/2026-17177.pdf,https://public-inspection.federalregister.gov/2026-17177.pdf?1787316313
2026-17176,"Notice of Intended Repatriation: Yager Museum of Art & Culture, Hartwick College, Oneonta, NY",Notice,Published,Interior Department | National Park Service,2026-08-24,,,,91 FR 54761,N7419 | NPS-WASO-NAGPRA-NPS0043525 | PPWOCRADN0-PCU00RP14.R50000,"In accordance with the Native American Graves Protection and Repatriation Act (NAGPRA), the Yager Museum of Art & Culture, Hartwick College (Yager Museum) intends to repatriate certain cultural items that meet the definition of unassociated funerary objects and that have a cultural affiliation with the Indian Tribes or Native Hawaiian organizations in this notice.",https://www.federalregister.gov/documents/2026/08/24/2026-17176/notice-of-intended-repatriation-yager-museum-of-art-and-culture-hartwick-college-oneonta-ny,https://www.govinfo.gov/content/pkg/FR-2026-08-24/pdf/2026-17176.pdf,https://public-inspection.federalregister.gov/2026-17176.pdf?1787316312
2026-17175,"Notice of Inventory Completion: University of Texas at Austin, Texas Archeological Research Laboratory, Austin, TX",Notice,Published,Interior Department | National Park Service,2026-08-24,,,,91 FR 54752,N7441 | NPS-WASO-NAGPRA-NPS0043544 | PPWOCRADN0-PCU00RP14.R50000,"In accordance with the Native American Graves Protection and Repatriation Act (NAGPRA), the University of Texas at Austin, Texas Archeological Research Laboratory (TARL) has completed an inventory of human remains and associated funerary objects and has determined that there is a cultural affiliation between the human remains and associated funerary objects and Indian Tribes or Native Hawaiian organizations in this notice.",https://www.federalregister.gov/documents/2026/08/24/2026-17175/notice-of-inventory-completion-university-of-texas-at-austin-texas-archeological-research-laboratory,https://www.govinfo.gov/content/pkg/FR-2026-08-24/pdf/2026-17175.pdf,https://public-inspection.federalregister.gov/2026-17175.pdf?1787316312
2026-17174,"Notice of Intended Repatriation: New York State Office of Parks, Recreation & Historic Preservation, Waterford, NY",Notice,Published,Interior Department | National Park Service,2026-08-24,,,,91 FR 54760,N7440 | NPS-WASO-NAGPRA-NPS0043543 | PPWOCRADN0-PCU00RP14.R50000,"In accordance with the Native American Graves Protection and Repatriation Act (NAGPRA), the New York State Office of Parks, Recreation & Historic Preservation (NYOPRHP) intends to repatriate certain cultural items that meet the definition of unassociated funerary objects, sacred objects, and/or objects of cultural patrimony and that have a cultural affiliation with the Indian Tribes or Native Hawaiian organizations in this notice.",https://www.federalregister.gov/documents/2026/08/24/2026-17174/notice-of-intended-repatriation-new-york-state-office-of-parks-recreation-and-historic-preservation,https://www.govinfo.gov/content/pkg/FR-2026-08-24/pdf/2026-17174.pdf,https://public-inspection.federalregister.gov/2026-17174.pdf?1787316312
2026-17173,"Notice of Inventory Completion: Office of the State Archaeologist, University of Iowa, Iowa City, IA",Notice,Published,Interior Department | National Park Service,2026-08-24,,,,91 FR 54762,N7430 | NPS-WASO-NAGPRA-NPS0043534 | PPWOCRADN0-PCU00RP14.R50000,"In accordance with the Native American Graves Protection and Repatriation Act (NAGPRA), the Office of the State Archaeologist Bioarchaeology Program (OSA BP) has completed an inventory of human remains and has determined that there is a cultural affiliation between the human remains and Indian Tribes or Native Hawaiian organizations in this notice.",https://www.federalregister.gov/documents/2026/08/24/2026-17173/notice-of-inventory-completion-office-of-the-state-archaeologist-university-of-iowa-iowa-city-ia,https://www.govinfo.gov/content/pkg/FR-2026-08-24/pdf/2026-17173.pdf,https://public-inspection.federalregister.gov/2026-17173.pdf?1787316312
2026-17171,"Notice of Intended Repatriation: Mississippi Department of Archives and History, Jackson, MS",Notice,Published,Interior Department | National Park Service,2026-08-24,,,,91 FR 54757,N7433 | NPS-WASO-NAGPRA-NPS0043536 | PPWOCRADN0-PCU00RP14.R50000,"In accordance with the Native American Graves Protection and Repatriation Act (NAGPRA), the Mississippi Department of Archives and History (MDAH) intends to repatriate certain cultural items that meet the definition of unassociated funerary objects and that have a cultural affiliation with the Indian Tribes or Native Hawaiian organizations in this notice.",https://www.federalregister.gov/documents/2026/08/24/2026-17171/notice-of-intended-repatriation-mississippi-department-of-archives-and-history-jackson-ms,https://www.govinfo.gov/content/pkg/FR-2026-08-24/pdf/2026-17171.pdf,https://public-inspection.federalregister.gov/2026-17171.pdf?1787316312
2026-17170,"Notice of Intended Repatriation: University of North Dakota, Grand Forks, ND",Notice,Published,Interior Department | National Park Service,2026-08-24,,,,91 FR 54750,N7424 | NPS-WASO-NAGPRA-NPS0043530 | PPWOCRADN0-PCU00RP14.R50000,"In accordance with the Native American Graves Protection and Repatriation Act (NAGPRA), the University of North Dakota intends to repatriate certain cultural items that meet the definition of unassociated funerary objects and that have a cultural affiliation with the Indian Tribes or Native Hawaiian organizations in this notice.",https://www.federalregister.gov/documents/2026/08/24/2026-17170/notice-of-intended-repatriation-university-of-north-dakota-grand-forks-nd,https://www.govinfo.gov/content/pkg/FR-2026-08-24/pdf/2026-17170.pdf,https://public-inspection.federalregister.gov/2026-17170.pdf?1787316312
2026-17169,"Notice of Intended Repatriation: Nasher Museum of Art at Duke University, Durham, NC",Notice,Published,Interior Department | National Park Service,2026-08-24,,,,91 FR 54760,N7437 | NPS-WASO-NAGPRA-NPS0043540 | PPWOCRADN0-PCU00RP14.R50000,"In accordance with the Native American Graves Protection and Repatriation Act (NAGPRA), the Nasher Museum of Art at Duke University intends to repatriate certain cultural items that meet the definition of unassociated funerary objects and that have a cultural affiliation with the Indian Tribes or Native Hawaiian organizations in this notice.",https://www.federalregister.gov/documents/2026/08/24/2026-17169/notice-of-intended-repatriation-nasher-museum-of-art-at-duke-university-durham-nc,https://www.govinfo.gov/content/pkg/FR-2026-08-24/pdf/2026-17169.pdf,https://public-inspection.federalregister.gov/2026-17169.pdf?1787316311
2026-17168,"Notice of Intended Repatriation: Sonoma State University, Rohnert Park, CA",Notice,Published,Interior Department | National Park Service,2026-08-24,,,,91 FR 54756,N7428 | NPS-WASO-NAGPRA-NPS0043532 | PPWOCRADN0-PCU00RP14.R50000,"In accordance with the Native American Graves Protection and Repatriation Act (NAGPRA), Sonoma State University intends to repatriate certain cultural items that meet the definition of unassociated funerary objects and that have a cultural affiliation with the Indian Tribes or Native Hawaiian organizations in this notice.",https://www.federalregister.gov/documents/2026/08/24/2026-17168/notice-of-intended-repatriation-sonoma-state-university-rohnert-park-ca,https://www.govinfo.gov/content/pkg/FR-2026-08-24/pdf/2026-17168.pdf,https://public-inspection.federalregister.gov/2026-17168.pdf?1787316311
2026-17166,"Notice of Intended Repatriation: California Department of Parks and Recreation, Sacramento, CA",Notice,Published,Interior Department | National Park Service,2026-08-24,,,,91 FR 54755,N7434 | NPS-WASO-NAGPRA-NPS0043537 | PPWOCRADN0-PCU00RP14.R50000,"In accordance with the Native American Graves Protection and Repatriation Act (NAGPRA), the California Department of Parks and Recreation intends to repatriate certain cultural items that meet the definition of objects of cultural patrimony and that have a cultural affiliation with the Indian Tribes or Native Hawaiian organizations in this notice.",https://www.federalregister.gov/documents/2026/08/24/2026-17166/notice-of-intended-repatriation-california-department-of-parks-and-recreation-sacramento-ca,https://www.govinfo.gov/content/pkg/FR-2026-08-24/pdf/2026-17166.pdf,https://public-inspection.federalregister.gov/2026-17166.pdf?1787316311
2026-17165,"Notice of Inventory Completion: Robert S. Peabody Institute of Archaeology, Andover, MA",Notice,Published,Interior Department | National Park Service,2026-08-24,,,,91 FR 54749,N7422 | NPS-WASO-NAGPRA-NPS0043528 | PPWOCRADN0-PCU00RP14.R50000,"In accordance with the Native American Graves Protection and Repatriation Act (NAGPRA), the Robert S. Peabody Institute of Archaeology (RSPI) has completed an inventory of human remains and has determined that there is a cultural affiliation between the human remains and Indian Tribes or Native Hawaiian organizations in this notice.",https://www.federalregister.gov/documents/2026/08/24/2026-17165/notice-of-inventory-completion-robert-s-peabody-institute-of-archaeology-andover-ma,https://www.govinfo.gov/content/pkg/FR-2026-08-24/pdf/2026-17165.pdf,https://public-inspection.federalregister.gov/2026-17165.pdf?1787316311
2026-17187,Sunshine Act Meetings,Notice,Published,Nuclear Regulatory Commission,2026-08-21,,,,91 FR 54413,NRC-2026-0001,,https://www.federalregister.gov/documents/2026/08/21/2026-17187/sunshine-act-meetings,https://www.govinfo.gov/content/pkg/FR-2026-08-21/pdf/2026-17187.pdf,https://public-inspection.federalregister.gov/2026-17187.pdf?1787170510
2026-17167,"Notice of Inventory Completion: California State University, Chico, CA",Notice,Published,Interior Department | National Park Service,2026-08-21,,,,91 FR 54376,N7442 | NPS-WASO-NAGPRA-NPS0043545 | PPWOCRADN0-PCU00RP14.R50000,"In accordance with the Native American Graves Protection and Repatriation Act (NAGPRA), the California State University, Chico has completed an inventory of human remains and has determined that there is a cultural affiliation between the human remains and Indian Tribes or Native Hawaiian organizations in this notice.",https://www.federalregister.gov/documents/2026/08/21/2026-17167/notice-of-inventory-completion-california-state-university-chico-ca,https://www.govinfo.gov/content/pkg/FR-2026-08-21/pdf/2026-17167.pdf,https://public-inspection.federalregister.gov/2026-17167.pdf?1787229923
2026-17158,Agency Information Collection Activities; Submission to the Office of Management and Budget for Review and Approval; Comment Request; Presidential Cybersecurity Education Award,Notice,Published,Education Department,2026-08-21,,2026-09-21,,91 FR 54317,Docket No.: ED-2026-SCC-2047,"In accordance with the Paperwork Reduction Act (PRA) of 1995, the Department is proposing a reinstatement without change of a previously approved information collection request (ICR).",https://www.federalregister.gov/documents/2026/08/21/2026-17158/agency-information-collection-activities-submission-to-the-office-of-management-and-budget-for,https://www.govinfo.gov/content/pkg/FR-2026-08-21/pdf/2026-17158.pdf,https://public-inspection.federalregister.gov/2026-17158.pdf?1787229922
2026-17155,Agency Information Collection Activities; Submission to the Office of Management and Budget (OMB) for Review and Approval; Comment Request; Procedures for Submissions by Certain Steel and Aluminum Producers Committing to New U.S. Steel or Aluminum Production To Obtain Tariff Adjustments Under Proclamation 10984,Notice,Published,Commerce Department | International Trade Administration,2026-08-21,,,,91 FR 54308,,,https://www.federalregister.gov/documents/2026/08/21/2026-17155/agency-information-collection-activities-submission-to-the-office-of-management-and-budget-omb-for,https://www.govinfo.gov/content/pkg/FR-2026-08-21/pdf/2026-17155.pdf,https://public-inspection.federalregister.gov/2026-17155.pdf?1787229922
2026-17152,"General Conservation Plan for the Alabama beach mouse; Categorical Exclusion; Baldwin County, AL",Notice,Published,Interior Department | Fish and Wildlife Service,2026-08-21,,2026-09-21,,91 FR 54366,Docket No. FWS-R4-ES-2026-2608 | FXES11140400000-267-FF04AL4000,"We, the Fish and Wildlife Service (Service), announce receipt of application from each of Randy G. Carter, James W. Vladuchek, Joseph J. Smith, and Four Mile Marker, LLC (applicant/applicants) for four respective incidental take permits (ITP) pursuant to the Endangered Species Act (ESA) and the National Environmental Policy Act under the Service's approved General Conservation Plan (GCP) and final environmental impact statement for the Alabama beach mouse (ABM). A GCP is a mechanism that meets the definition of a conservation plan in the ESA and enables the programmatic permitting and conservation process to address a defined suite of proposed activities over a defined planning area. Each applicant requests an ITP to take the federally listed ABM incidental to the construction associated with residential development. We request public comment on these applications, which include the applicants' proposed habitat conservation plan, as well as on the Service's preliminary determination that the proposed permitting action may qualify under the terms of the ABM GCP. We certify that each of the applications received are statutorily complete and include the necessary information to enroll in the GCP.",https://www.federalregister.gov/documents/2026/08/21/2026-17152/general-conservation-plan-for-the-alabama-beach-mouse-categorical-exclusion-baldwin-county-al,https://www.govinfo.gov/content/pkg/FR-2026-08-21/pdf/2026-17152.pdf,https://public-inspection.federalregister.gov/2026-17152.pdf?1787229921
2026-17151,Cadmium in General Industry Standard; Extension of the Office of Management and Budget's (OMB) Approval of Information Collection (Paperwork) Requirements,Notice,Published,Labor Department | Occupational Safety and Health Administration,2026-08-21,,2026-10-20,,91 FR 54401,Docket No. OSHA-2012-0005,OSHA solicits public comments concerning the proposal to extend Office of Management and Budget's (OMB) approval of the information collection requirements specified in the Cadmium in General Industry Standard.,https://www.federalregister.gov/documents/2026/08/21/2026-17151/cadmium-in-general-industry-standard-extension-of-the-office-of-management-and-budgets-omb-approval,https://www.govinfo.gov/content/pkg/FR-2026-08-21/pdf/2026-17151.pdf,https://public-inspection.federalregister.gov/2026-17151.pdf?1787229921
2026-17149,"Agency Information Collection Activities; Application To Be Recognized as Qualified To Bid On, Hold, or Operate a Lease or Grant on the OCS in Accordance With the Requirements of 30 CFR 556, Subpart D",Notice,Published,Interior Department | Ocean Energy Management Bureau,2026-08-21,,2026-10-20,,91 FR 54377,OMB Control Number 1010-NEW | Docket ID: BOEM-2026-0958,"In accordance with the Paperwork Reduction Act of 1995, the Bureau of Ocean Energy Management (BOEM) is proposing a new information collection request (ICR).",https://www.federalregister.gov/documents/2026/08/21/2026-17149/agency-information-collection-activities-application-to-be-recognized-as-qualified-to-bid-on-hold-or,https://www.govinfo.gov/content/pkg/FR-2026-08-21/pdf/2026-17149.pdf,https://public-inspection.federalregister.gov/2026-17149.pdf?1787229921
2026-17147,"Duke Energy Progress, LLC; Brunswick Steam Electric Plant, Units 1 and 2, Shearon Harris Nuclear Power Plant, Unit 1, H.B. Robinson Steam Electric Plant, Unit 2, H.B. Robinson Steam Electric Plant, Unit 2 Independent Spent Fuel Storage Installation; Consideration of Approval of Transfer of Licenses and Conforming Amendments",Notice,Published,Nuclear Regulatory Commission,2026-08-21,,2026-09-21,,91 FR 54410,"Docket Nos. 50-325, 50-324, 50-400, 50-261, and 72-3 | NRC-2026-3928","The U.S. Nuclear Regulatory Commission (NRC, the Commission) received and is considering approval of an application filed by Duke Energy Progress, LLC (DEP) and Duke Energy Carolinas, LLC (DEC) on March 20, 2026. The application seeks NRC approval of the direct transfer of Renewed Facility Operating License Nos. DPR-71 and DPR-62 for Brunswick Steam Electric Plant, Units 1 and 2, respectively; Renewed Facility Operating License No. NPF-63 for Shearon Harris Nuclear Power Plant, Unit 1; Subsequent Renewed Facility Operating License No. DPR-23 for H.B. Robinson Steam Electric Plant, Unit 2; and Renewed Materials License No. SNM-2502 for the H.B. Robinson Steam Electric Plant, Unit 2 Independent Spent Fuel Storage Installation, currently held by DEP, to DEC and issuance of conforming license amendments.",https://www.federalregister.gov/documents/2026/08/21/2026-17147/duke-energy-progress-llc-brunswick-steam-electric-plant-units-1-and-2-shearon-harris-nuclear-power,https://www.govinfo.gov/content/pkg/FR-2026-08-21/pdf/2026-17147.pdf,https://public-inspection.federalregister.gov/2026-17147.pdf?1787229921
2026-17144,"Exemption for Certain Prohibited Transactions Involving Mid-America Carpenters Regional Council Apprentice and Training Fund (the Fund or Applicant) Located in St. Louis, Missouri",Notice,Published,Labor Department | Employee Benefits Security Administration,2026-08-21,,,,91 FR 54380,Prohibited Transaction Exemption 2026-06 | Application No. L-12103,"This exemption permits the sale by the Fund of real property to the Mid-America Carpenters Regional Council (the Sale). Without this exemption, the Sale would be prohibited by the Employee Retirement Income Security Act of 1974 (ERISA).",https://www.federalregister.gov/documents/2026/08/21/2026-17144/exemption-for-certain-prohibited-transactions-involving-mid-america-carpenters-regional-council,https://www.govinfo.gov/content/pkg/FR-2026-08-21/pdf/2026-17144.pdf,https://public-inspection.federalregister.gov/2026-17144.pdf?1787229920
2026-17143,"Exemption for Certain Prohibited Transactions Involving Liberty Puerto Rico 401(k) Savings Plan (the Plan or the Applicant) Located in San Juan, Puerto Rico",Notice,Published,Labor Department | Employee Benefits Security Administration,2026-08-21,,,2020-09-10,91 FR 54378,Prohibited Transaction Exemption 2026-07 | Application Number D-12062,"This exemption permits the Plan's prior acquisition, holding, and sale of certain stock rights (the Rights) to purchase shares of stock in Liberty Latin America Ltd. (LLA). Absent an exemption, these transactions would be prohibited by the Employee Retirement Income Security Act of 1974 (ERISA) and/or the Internal Revenue Code of 1986 (the Code).",https://www.federalregister.gov/documents/2026/08/21/2026-17143/exemption-for-certain-prohibited-transactions-involving-liberty-puerto-rico-401k-savings-plan-the,https://www.govinfo.gov/content/pkg/FR-2026-08-21/pdf/2026-17143.pdf,https://public-inspection.federalregister.gov/2026-17143.pdf?1787229920
2026-17142,"Exemption Involving Hawai'i Pacific Health and Its Subsidiary: Straub Clinic & Hospital Located in Honolulu, Hawaii",Notice,Published,Labor Department | Employee Benefits Security Administration,2026-08-21,,,2026-08-21,91 FR 54383,Prohibited Transaction Exemption 2026-05 | Application Number D-12082,"This exemption permits the Hawai[revaps]i Pacific Health Retirement Plan (the Plan) to sell property (the Property) to Straub Clinic & Hospital (Straub) for the greater of $16,247,000 or 110% of the Appraised Value of the Property as of the date of the sale (the Sale). Absent this exemption, the Sale would violate certain prohibited transaction restrictions of the Employee Retirement Income Security Act of 1974 (ERISA) and/or the Internal Revenue Code of 1986 (the Code).",https://www.federalregister.gov/documents/2026/08/21/2026-17142/exemption-involving-hawaii-pacific-health-and-its-subsidiary-straub-clinic-and-hospital-located-in,https://www.govinfo.gov/content/pkg/FR-2026-08-21/pdf/2026-17142.pdf,https://public-inspection.federalregister.gov/2026-17142.pdf?1787229920
2026-17141,"TUV SUD America, Inc.: Application for Expansion of Recognition and Proposed Modification to the NRTL Program's List of Appropriate Test Standards",Notice,Published,Labor Department | Occupational Safety and Health Administration,2026-08-21,,2026-09-08,,91 FR 54392,Docket No. OSHA-2007-0043,"In this notice, OSHA announces the application of TUV SUD America, Inc. (TUVAM), for expansion of the scope of recognition as a Nationally Recognized Testing Laboratory (NRTL) and presents the agency's preliminary finding to grant the application. TUVAM requests the addition of five test standards to the NRTL scope of recognition. Additionally, OSHA proposes to add four test standards to the NRTL Program's List of Appropriate Test Standards.",https://www.federalregister.gov/documents/2026/08/21/2026-17141/tuv-sud-america-inc-application-for-expansion-of-recognition-and-proposed-modification-to-the-nrtl,https://www.govinfo.gov/content/pkg/FR-2026-08-21/pdf/2026-17141.pdf,https://public-inspection.federalregister.gov/2026-17141.pdf?1787229919
2026-17140,"SGS North America, Inc.: Applications for Expansion of Recognition",Notice,Published,Labor Department | Occupational Safety and Health Administration,2026-08-21,,2026-09-08,,91 FR 54402,Docket No. OSHA-2006-0040,"In this notice, OSHA announces the applications of SGS North America, Inc. for expansion of the scope of recognition as a Nationally Recognized Testing Laboratory (NRTL) and presents the agency's preliminary finding to grant the applications.",https://www.federalregister.gov/documents/2026/08/21/2026-17140/sgs-north-america-inc-applications-for-expansion-of-recognition,https://www.govinfo.gov/content/pkg/FR-2026-08-21/pdf/2026-17140.pdf,https://public-inspection.federalregister.gov/2026-17140.pdf?1787229919
2026-17139,UL LLC: Grant of Expansion of Recognition and Modification to the NRTL Program's List of Appropriate Test Standards,Notice,Published,Labor Department | Occupational Safety and Health Administration,2026-08-21,,,2026-08-21,91 FR 54405,Docket No. OSHA-2009-0025,"In this notice, OSHA announces the final decision to expand the scope of recognition for UL LLC, as a Nationally Recognized Testing Laboratory (NRTL). Additionally, OSHA announces the final decision to add one test standard to the NRTL Program's List of Appropriate Test Standards.",https://www.federalregister.gov/documents/2026/08/21/2026-17139/ul-llc-grant-of-expansion-of-recognition-and-modification-to-the-nrtl-programs-list-of-appropriate,https://www.govinfo.gov/content/pkg/FR-2026-08-21/pdf/2026-17139.pdf,https://public-inspection.federalregister.gov/2026-17139.pdf?1787229919
2026-17138,"KBR Wyle Services, LLC; Grant of Permanent Variance",Notice,Published,Labor Department | Occupational Safety and Health Administration,2026-08-21,,,2026-08-21,91 FR 54395,Docket No. OSHA-2022-0010,"In this notice, OSHA grants a permanent variance to KBR Wyle Services, LLC (KBR) from a provision of the OSHA standard that regulates commercial diving operations.",https://www.federalregister.gov/documents/2026/08/21/2026-17138/kbr-wyle-services-llc-grant-of-permanent-variance,https://www.govinfo.gov/content/pkg/FR-2026-08-21/pdf/2026-17138.pdf,https://public-inspection.federalregister.gov/2026-17138.pdf?1787229919
2026-17137,"Intertek Testing Services NA, Inc.: Grant of Expansion of Recognition",Notice,Published,Labor Department | Occupational Safety and Health Administration,2026-08-21,,,2026-08-21,91 FR 54394,Docket No. OSHA-2007-0039,"In this notice, OSHA announces the final decision to expand the scope of recognition for Intertek Testing Services NA, Inc. as a Nationally Recognized Testing Laboratory (NRTL).",https://www.federalregister.gov/documents/2026/08/21/2026-17137/intertek-testing-services-na-inc-grant-of-expansion-of-recognition,https://www.govinfo.gov/content/pkg/FR-2026-08-21/pdf/2026-17137.pdf,https://public-inspection.federalregister.gov/2026-17137.pdf?1787229919
2026-17136,NASA Neutral Buoyancy Laboratory Operations Contract; Grant of Permanent Variance,Notice,Published,Labor Department | Occupational Safety and Health Administration,2026-08-21,,,2026-08-21,91 FR 54387,Docket No. OSHA-2023-0009,"In this notice, OSHA grants a permanent variance to NASA's Neutral Buoyancy Laboratory Operations Contract (NOC or the applicants) from a provision of the OSHA standard that regulates commercial diving operations.",https://www.federalregister.gov/documents/2026/08/21/2026-17136/nasa-neutral-buoyancy-laboratory-operations-contract-grant-of-permanent-variance,https://www.govinfo.gov/content/pkg/FR-2026-08-21/pdf/2026-17136.pdf,https://public-inspection.federalregister.gov/2026-17136.pdf?1787229919
2026-17135,National Advisory Committee on Institutional Quality and Integrity; Notice of Meeting,Notice,Published,Education Department,2026-08-21,,,,91 FR 54315,,"This notice sets forth the agenda, time, and instructions to access or participate in the September 23 & 24, 2026 meeting of NACIQI and provides information to members of the public regarding the meeting, including requesting to make written or oral comments. Committee members will meet in-person. Agency representatives have the option to meet in-person or virtually, and public attendees will participate virtually. The notice of this meeting is required under 5 U.S.C. Chapter 10 (commonly known as the Federal Advisory Committee Act) and Section 114(d)(1)(B) of the Higher Education Act (HEA) of 1965, as amended.",https://www.federalregister.gov/documents/2026/08/21/2026-17135/national-advisory-committee-on-institutional-quality-and-integrity-notice-of-meeting,https://www.govinfo.gov/content/pkg/FR-2026-08-21/pdf/2026-17135.pdf,https://public-inspection.federalregister.gov/2026-17135.pdf?1787229919
2026-17134,"Nemko North America, Inc.: Application for Expansion of Recognition",Notice,Published,Labor Department | Occupational Safety and Health Administration,2026-08-21,,2026-09-08,,91 FR 54404,Docket No. OSHA-2013-0016,"In this notice, OSHA announces the application of Nemko North America, Inc., for expansion of the recognition as a Nationally Recognized Testing Laboratory (NRTL) and presents the agency's preliminary finding to grant the application.",https://www.federalregister.gov/documents/2026/08/21/2026-17134/nemko-north-america-inc-application-for-expansion-of-recognition,https://www.govinfo.gov/content/pkg/FR-2026-08-21/pdf/2026-17134.pdf,https://public-inspection.federalregister.gov/2026-17134.pdf?1787229919
2026-17133,Privacy Act of 1974; Matching Program,Notice,Published,Treasury Department | Internal Revenue Service,2026-08-21,,,2026-09-01,91 FR 54439,,"Pursuant to section 552a(e)(12) of the Privacy Act of 1974, as amended, and the Office of Management and Budget (OMB) Circular No. A- 108, Federal Agency Responsibilities for Review, Reporting, and Publication under the Privacy Act, notice is hereby given of the conduct of the Internal Revenue Service (IRS) Disclosure of Information to Federal, State and Local Agencies (DIFSLA) Computer Matching Program. The Louisiana Department of Health is modifying the Computer Matching Agreement to amend the programs administered, and the Louisiana Department of Children and Families will no longer participate in the DIFSLA Program.",https://www.federalregister.gov/documents/2026/08/21/2026-17133/privacy-act-of-1974-matching-program,https://www.govinfo.gov/content/pkg/FR-2026-08-21/pdf/2026-17133.pdf,https://public-inspection.federalregister.gov/2026-17133.pdf?1787229918
2026-17132,Draft NUREG: Training Review Criteria and Procedures,Notice,Published,Nuclear Regulatory Commission,2026-08-21,,2026-09-21,,91 FR 54407,NRC-2026-1849,"On July 22, 2026, the U.S. Nuclear Regulatory Commission (NRC) solicited comments on draft NUREG-1220, Revision 2, ""Training Review Criteria and Procedures."" The public comment period was originally scheduled to close on August 21, 2026. The NRC has decided to extend the public comment to September 21, 2026, to allow more time for members of the public to prepare and submit their comments.",https://www.federalregister.gov/documents/2026/08/21/2026-17132/draft-nureg-training-review-criteria-and-procedures,https://www.govinfo.gov/content/pkg/FR-2026-08-21/pdf/2026-17132.pdf,https://public-inspection.federalregister.gov/2026-17132.pdf?1787229918
2026-17124,"Foreign-Trade Zone (FTZ) 129, Notification of Proposed Production Activity; Corvus Energy USA Ltd.; (Energy Storage Systems); Bellingham, Washington",Notice,Published,Commerce Department | Foreign-Trade Zones Board,2026-08-21,,,,91 FR 54297,B-102-2026,,https://www.federalregister.gov/documents/2026/08/21/2026-17124/foreign-trade-zone-ftz-129-notification-of-proposed-production-activity-corvus-energy-usa-ltd-energy,https://www.govinfo.gov/content/pkg/FR-2026-08-21/pdf/2026-17124.pdf,https://public-inspection.federalregister.gov/2026-17124.pdf?1787229917
2026-17121,"Fresh Winter Strawberries From Mexico: Preliminary Affirmative Determination of Sales at Less Than Fair Value, Postponement of Final Determination, and Extension of Provisional Measures",Notice,Published,Commerce Department | International Trade Administration,2026-08-21,,,,91 FR 54297,A-201-869,"The U.S. Department of Commerce (Commerce) preliminarily determines that fresh winter strawberries (winter strawberries) from Mexico are being, or are likely to be, sold in the United States at less than fair value (LTFV). The period of investigation (POI) is November 1, 2024, through March 31, 2025. Interested parties are invited to comment on this preliminary determination.",https://www.federalregister.gov/documents/2026/08/21/2026-17121/fresh-winter-strawberries-from-mexico-preliminary-affirmative-determination-of-sales-at-less-than,https://www.govinfo.gov/content/pkg/FR-2026-08-21/pdf/2026-17121.pdf,https://public-inspection.federalregister.gov/2026-17121.pdf?1787229917
2026-17118,"Formations of, Acquisitions by, and Mergers of Bank Holding Companies",Notice,Published,Federal Reserve System,2026-08-21,,,,91 FR 54328,,,https://www.federalregister.gov/documents/2026/08/21/2026-17118/formations-of-acquisitions-by-and-mergers-of-bank-holding-companies,https://www.govinfo.gov/content/pkg/FR-2026-08-21/pdf/2026-17118.pdf,https://public-inspection.federalregister.gov/2026-17118.pdf?1787229917
2026-17110,New Postal Products,Notice,Published,Postal Regulatory Commission,2026-08-21,,2026-08-26,,91 FR 54413,Docket Nos. MC2026-349 and K2026-343 | MC2026-350 and K2026-344,"The Commission is noticing a recent Postal Service filing for the Commission's consideration concerning a negotiated service agreement. This notice informs the public of the filing, invites public comment, and takes other administrative steps.",https://www.federalregister.gov/documents/2026/08/21/2026-17110/new-postal-products,https://www.govinfo.gov/content/pkg/FR-2026-08-21/pdf/2026-17110.pdf,https://public-inspection.federalregister.gov/2026-17110.pdf?1787229916
2026-17096,Agency Information Collection Activities; Proposed Information Collection Request; Comment Request; Information Request for the Underground Injection Control Program,Notice,Published,Environmental Protection Agency,2026-08-21,,2026-10-20,,91 FR 54326,EPA-HQ-OW-2014-0359 | FRL-13348-01-OW,"The Environmental Protection Agency (EPA) is planning to submit an information collection request (ICR), ""Information Request for the Underground Injection Control (UIC) Program"" (EPA ICR No. 0370.28, OMB Control No. 2040-0042) to the Office of Management and Budget (OMB) for review and approval in accordance with the Paperwork Reduction Act (PRA). Before doing so, EPA is soliciting public comments on specific aspects of the proposed information collection as described below. This is a proposed extension of the ICR, which is currently approved through December 31, 2026. This notice allows for 60 days for public comments.",https://www.federalregister.gov/documents/2026/08/21/2026-17096/agency-information-collection-activities-proposed-information-collection-request-comment-request,https://www.govinfo.gov/content/pkg/FR-2026-08-21/pdf/2026-17096.pdf,https://public-inspection.federalregister.gov/2026-17096.pdf?1787229914
2026-17094,Agency Information Collection Activities; Comment Request; Consolidated Annual Report (CAR) for the Carl D. Perkins Career and Technical Education Act of 2006,Notice,Published,Education Department,2026-08-21,,2026-10-20,,91 FR 54317,Docket No.: ED-2026-SCC-2740,"In accordance with the Paperwork Reduction Act (PRA) of 1995, the Department is proposing a revision of a currently approved information collection request (ICR).",https://www.federalregister.gov/documents/2026/08/21/2026-17094/agency-information-collection-activities-comment-request-consolidated-annual-report-car-for-the-carl,https://www.govinfo.gov/content/pkg/FR-2026-08-21/pdf/2026-17094.pdf,https://public-inspection.federalregister.gov/2026-17094.pdf?1787229914
2026-17093,Draft Regulatory Guide: Assessing Public Health Risk Associated With Chemical Hazards of Licensed Material,Notice,Published,Nuclear Regulatory Commission,2026-08-21,,2026-09-21,,91 FR 54406,NRC-2026-3334,"The U.S. Nuclear Regulatory Commission (NRC) is issuing for public comment a draft Regulatory Guide (DG), DG-1444, proposed Regulatory Guide (RG) 1.264, ""Assessing Public Health Risk Associated with Chemical Hazards of Licensed Material."" This DG describes a methodology that is acceptable to the staff of the NRC to meet regulatory requirements assessing public health risk associated with chemical hazards of licensed material.",https://www.federalregister.gov/documents/2026/08/21/2026-17093/draft-regulatory-guide-assessing-public-health-risk-associated-with-chemical-hazards-of-licensed,https://www.govinfo.gov/content/pkg/FR-2026-08-21/pdf/2026-17093.pdf,https://public-inspection.federalregister.gov/2026-17093.pdf?1787229914
2026-17092,Draft Interim Staff Guidance: Evaluations of Risk Assessments for Risk-Informed Decision-Making for Regulatory Applications,Notice,Published,Nuclear Regulatory Commission,2026-08-21,,2026-09-21,,91 FR 54409,NRC-2026-3268,"The U.S. Nuclear Regulatory Commission (NRC) is soliciting public comment on its draft Interim Staff Guidance (ISG), OAR/DARP-ISG- 2026-XX, ""Evaluations of Risk Assessments for Risk-Informed Decision- Making for Regulatory Applications."" If finalized, this ISG will provide guidance to the staff for reviewing systematic risk assessment methods, including probabilistic risk assessments (PRAs) and other systematic risk evaluations (SREs). This ISG will supplement existing guidance to facilitate the staff's understanding of the uses of risk information in regulatory applications and application of principles of risk-informed decision-making.",https://www.federalregister.gov/documents/2026/08/21/2026-17092/draft-interim-staff-guidance-evaluations-of-risk-assessments-for-risk-informed-decision-making-for,https://www.govinfo.gov/content/pkg/FR-2026-08-21/pdf/2026-17092.pdf,https://public-inspection.federalregister.gov/2026-17092.pdf?1787229914
2026-17091,Agency Information Collection Activities; Submission for OMB Review; Comment Request; Renewal Without Change of the Registration of Money Services Businesses Regulation and FinCEN Form 107,Notice,Published,Treasury Department,2026-08-21,,2026-09-21,,91 FR 54440,,"The Department of the Treasury will submit the following information collection request to the Office of Management and Budget (OMB) for review and clearance in accordance with the Paperwork Reduction Act of 1995, on or after the date of publication of this notice. The public is invited to submit comments on this request.",https://www.federalregister.gov/documents/2026/08/21/2026-17091/agency-information-collection-activities-submission-for-omb-review-comment-request-renewal-without,https://www.govinfo.gov/content/pkg/FR-2026-08-21/pdf/2026-17091.pdf,https://public-inspection.federalregister.gov/2026-17091.pdf?1787229914
2026-17086,"Agency Information Collection Activities, Proposed Collection: Request for Comments on Understanding Participant Experiences in SNAP E&T",Notice,Published,Agriculture Department | Food and Nutrition Administration,2026-08-21,,2026-10-20,,91 FR 54296,,"In accordance with the Paperwork Reduction Act of 1995, this notice invites the general public and other public agencies to comment on this proposed information collection for the Understanding Participant Experiences in Supplemental Nutrition Assistance Program (SNAP) Employment and Training (E&T) study. This is a new information collection request. The purpose of this collection is to gather information about how SNAP participants experience SNAP work requirements and the SNAP E&T program, and to identify recommendations to help programs improve their customer service and efficiently connect participants with training and services that meet their needs.",https://www.federalregister.gov/documents/2026/08/21/2026-17086/agency-information-collection-activities-proposed-collection-request-for-comments-on-understanding,https://www.govinfo.gov/content/pkg/FR-2026-08-21/pdf/2026-17086.pdf,https://public-inspection.federalregister.gov/2026-17086.pdf?1787229913
2026-17085,30-Day Notice of Proposed Information Collection: Electronic Line of Credit Control System (eLOCCS) System Access Authorization Form Collection,Notice,Published,Housing and Urban Development Department,2026-08-21,,2026-09-21,,91 FR 54365,Docket No. FR-7107-N-20 | OMB Control No.: 2535-0102,"HUD is seeking approval from the Office of Management and Budget (OMB) for the information collection described below. In accordance with the Paperwork Reduction Act, HUD is requesting comments from all interested parties on the proposed collection of information. The purpose of this notice is to allow for 30 days of public comment.",https://www.federalregister.gov/documents/2026/08/21/2026-17085/30-day-notice-of-proposed-information-collection-electronic-line-of-credit-control-system-eloccs,https://www.govinfo.gov/content/pkg/FR-2026-08-21/pdf/2026-17085.pdf,https://public-inspection.federalregister.gov/2026-17085.pdf?1787229913
2026-17083,30-Day Notice of Proposed Information Collection: Requirements for Designating Housing Projects,Notice,Published,Housing and Urban Development Department,2026-08-21,,2026-09-21,,91 FR 54362,Docket No. FR-7107-N-19 | OMB Control No.: 2577-0192,"HUD is seeking approval from the Office of Management and Budget (OMB) for the information collection described below. In accordance with the Paperwork Reduction Act, HUD is requesting comments from all interested parties on the proposed collection of information. The purpose of this notice is to allow for 30 days of public comment.",https://www.federalregister.gov/documents/2026/08/21/2026-17083/30-day-notice-of-proposed-information-collection-requirements-for-designating-housing-projects,https://www.govinfo.gov/content/pkg/FR-2026-08-21/pdf/2026-17083.pdf,https://public-inspection.federalregister.gov/2026-17083.pdf?1787229913
2026-17081,Agency Information Collection Activities; Comment Request; Higher Education Act (HEA) Title II Report Cards on State Teacher Credentialing and Preparation,Notice,Published,Education Department,2026-08-21,,2026-10-20,,91 FR 54318,Docket No.: ED-2026-SCC-2707,"In accordance with the Paperwork Reduction Act (PRA) of 1995, the Department is proposing an extension without change of a currently approved information collection request (ICR).",https://www.federalregister.gov/documents/2026/08/21/2026-17081/agency-information-collection-activities-comment-request-higher-education-act-hea-title-ii-report,https://www.govinfo.gov/content/pkg/FR-2026-08-21/pdf/2026-17081.pdf,https://public-inspection.federalregister.gov/2026-17081.pdf?1787229912
2026-17067,Agency Information Collection Activities; Submission for OMB Review; Comment Request; Extension: Form ADV,Notice,Published,Securities and Exchange Commission,2026-08-21,,,,91 FR 54421,OMB Control No. 3235-0049,,https://www.federalregister.gov/documents/2026/08/21/2026-17067/agency-information-collection-activities-submission-for-omb-review-comment-request-extension-form,https://www.govinfo.gov/content/pkg/FR-2026-08-21/pdf/2026-17067.pdf,https://public-inspection.federalregister.gov/2026-17067.pdf?1787229911
2026-17063,Self-Regulatory Organizations; MEMX LLC; Notice of Filing and Immediate Effectiveness of a Proposal To Amend Rule 20.6 (Nullification and Adjustment of Options Transactions Including Obvious Errors) Regarding the Roster Requirements for the Obvious Error Panel,Notice,Published,Securities and Exchange Commission,2026-08-21,,,,91 FR 54422,Release No. 34-106157 | File No. SR-MEMX-2026-27,,https://www.federalregister.gov/documents/2026/08/21/2026-17063/self-regulatory-organizations-memx-llc-notice-of-filing-and-immediate-effectiveness-of-a-proposal-to,https://www.govinfo.gov/content/pkg/FR-2026-08-21/pdf/2026-17063.pdf,https://public-inspection.federalregister.gov/2026-17063.pdf?1787229910
2026-17062,Self-Regulatory Organizations; MEMX LLC; Notice of Filing and Immediate Effectiveness of a Proposed Rule Change To Amend Rule 13.4(a) To Reflect the Operation of TXSE Exchange,Notice,Published,Securities and Exchange Commission,2026-08-21,,,,91 FR 54414,Release No. 34-106156 | File No. SR-MEMX-2026-26,,https://www.federalregister.gov/documents/2026/08/21/2026-17062/self-regulatory-organizations-memx-llc-notice-of-filing-and-immediate-effectiveness-of-a-proposed,https://www.govinfo.gov/content/pkg/FR-2026-08-21/pdf/2026-17062.pdf,https://public-inspection.federalregister.gov/2026-17062.pdf?1787229910
2026-17061,Self-Regulatory Organizations; LCH SA; Order Approving Proposed Rule Change Relating to the LCH SA Liquidity Plan,Notice,Published,Securities and Exchange Commission,2026-08-21,,,,91 FR 54427,Release No. 34-106155 | File No. SR-LCH SA-2026-004,,https://www.federalregister.gov/documents/2026/08/21/2026-17061/self-regulatory-organizations-lch-sa-order-approving-proposed-rule-change-relating-to-the-lch-sa,https://www.govinfo.gov/content/pkg/FR-2026-08-21/pdf/2026-17061.pdf,https://public-inspection.federalregister.gov/2026-17061.pdf?1787229910
2026-17057,Caddo Nation Liquor Control Code,Notice,Published,Interior Department | Indian Affairs Bureau,2026-08-21,,,2026-08-21,91 FR 54369,267A2100DD/AAMM001010/A0A600000.000000,"This notice publishes the Caddo Nation of Oklahoma Liquor Control. The liquor control code is to regulate and control the possession, sale, manufacture and distribution of alcohol in conformity with the laws of the State of Oklahoma for the purpose of generating new Tribal revenues. Enactment of the code will help provide a source of revenue to strengthen Tribal government, provide for the economic viability of Tribal enterprises and improve delivery of Tribal government services.",https://www.federalregister.gov/documents/2026/08/21/2026-17057/caddo-nation-liquor-control-code,https://www.govinfo.gov/content/pkg/FR-2026-08-21/pdf/2026-17057.pdf,https://public-inspection.federalregister.gov/2026-17057.pdf?1787229909
2026-17054,Receipt of Documented Petition for Federal Acknowledgment as an American Indian Tribe,Notice,Published,Interior Department | Indian Affairs Bureau,2026-08-21,,2026-12-21,,91 FR 54367,267A2100DD/AAKC001030/A0A501010.000000,The Department of the Interior (Department) gives notice that the group known as the Amah Mutsun Tribal Band of the Mission San Juan Bautista has filed a documented petition for Federal acknowledgment as an American Indian Tribe with the Assistant Secretary-Indian Affairs. The Department seeks comments and evidence from the public on the petition.,https://www.federalregister.gov/documents/2026/08/21/2026-17054/receipt-of-documented-petition-for-federal-acknowledgment-as-an-american-indian-tribe,https://www.govinfo.gov/content/pkg/FR-2026-08-21/pdf/2026-17054.pdf,https://public-inspection.federalregister.gov/2026-17054.pdf?1787229909
2026-17052,"Proposed Plan of Operations; Joshua Tree National Park, CA",Notice,Published,Interior Department | National Park Service,2026-08-21,,,,91 FR 54376,"NPS-PWR-JOTR-40816 | PPPWJOTRS0, PPMPSPD1Z.YM0000",The National Park Service is giving notice to the public that First Class Miners Inc. has filed a proposed plan to use personal vehicles on two roads within Joshua Tree National Park to reach mining claims located outside the park.,https://www.federalregister.gov/documents/2026/08/21/2026-17052/proposed-plan-of-operations-joshua-tree-national-park-ca,https://www.govinfo.gov/content/pkg/FR-2026-08-21/pdf/2026-17052.pdf,https://public-inspection.federalregister.gov/2026-17052.pdf?1787229909
2026-17050,Silicon Metal From Australia and Norway: Antidumping Duty Orders,Notice,Published,Commerce Department | International Trade Administration,2026-08-21,,,,91 FR 54306,"A-602-813, A-403-806","Based on affirmative final determinations by the U.S. Department of Commerce (Commerce) and the U.S. International Trade Commission (ITC), Commerce is issuing antidumping duty (AD) orders on silicon metal from Australia and Norway.",https://www.federalregister.gov/documents/2026/08/21/2026-17050/silicon-metal-from-australia-and-norway-antidumping-duty-orders,https://www.govinfo.gov/content/pkg/FR-2026-08-21/pdf/2026-17050.pdf,https://public-inspection.federalregister.gov/2026-17050.pdf?1787229908
2026-17049,Silicon Metal From Australia and Norway: Countervailing Duty Orders,Notice,Published,Commerce Department | International Trade Administration,2026-08-21,,,,91 FR 54305,"C-602-814, C-403-807","Based on affirmative final determinations by the U.S. Department of Commerce (Commerce) and the U.S. International Trade Commission (ITC), Commerce is issuing countervailing duty (CVD) orders on silicon metal from Australia and Norway.",https://www.federalregister.gov/documents/2026/08/21/2026-17049/silicon-metal-from-australia-and-norway-countervailing-duty-orders,https://www.govinfo.gov/content/pkg/FR-2026-08-21/pdf/2026-17049.pdf,https://public-inspection.federalregister.gov/2026-17049.pdf?1787229908
2026-17048,"Oleoresin Paprika From India: Final Affirmative Countervailing Duty Determination and Final Affirmative Critical Circumstances Determination, in Part",Notice,Published,Commerce Department | International Trade Administration,2026-08-21,,,,91 FR 54300,C-533-939,"The U.S. Department of Commerce (Commerce) determines that countervailable subsidies are being provided to producers and exporters of oleoresin paprika from India. The period of investigation is April 1, 2024, through March 31, 2025.",https://www.federalregister.gov/documents/2026/08/21/2026-17048/oleoresin-paprika-from-india-final-affirmative-countervailing-duty-determination-and-final,https://www.govinfo.gov/content/pkg/FR-2026-08-21/pdf/2026-17048.pdf,https://public-inspection.federalregister.gov/2026-17048.pdf?1787229908
2026-17047,Oleoresin Paprika From India: Final Affirmative Determination of Sales at Less Than Fair Value and Final Negative Determination of Critical Circumstances,Notice,Published,Commerce Department | International Trade Administration,2026-08-21,,,,91 FR 54302,A-533-938,"The U.S. Department of Commerce (Commerce) determines that oleoresin paprika from India is being, or likely to be, sold in the United States at less than fair value (LTFV). The period of investigation (POI) is April 1, 2024, through March 31, 2025.",https://www.federalregister.gov/documents/2026/08/21/2026-17047/oleoresin-paprika-from-india-final-affirmative-determination-of-sales-at-less-than-fair-value-and,https://www.govinfo.gov/content/pkg/FR-2026-08-21/pdf/2026-17047.pdf,https://public-inspection.federalregister.gov/2026-17047.pdf?1787229908
2026-17046,Certain Wireless Communications Devices and Components Thereof; Notice of Request for Submissions on the Public Interest,Notice,Published,International Trade Commission,2026-08-20,,,,91 FR 53893,Investigation No. 337-TA-1429,"Notice is hereby given that on August 14, 2026, the presiding administrative law judge (""ALJ"") issued an Initial Determination on Violation of Section 337. The ALJ also issued a Recommended Determination on remedy and bonding should a violation be found in the above-captioned investigation. The Commission is soliciting submissions on public interest issues raised by the recommended relief should the Commission find a violation. This notice is soliciting comments from the public and interested government agencies only.",https://www.federalregister.gov/documents/2026/08/20/2026-17046/certain-wireless-communications-devices-and-components-thereof-notice-of-request-for-submissions-on,https://www.govinfo.gov/content/pkg/FR-2026-08-20/pdf/2026-17046.pdf,https://public-inspection.federalregister.gov/2026-17046.pdf?1787143529
2026-17044,Codex Alimentarius Commission: Meeting of the Codex Committee on Milk and Milk Products,Notice,Published,Agriculture Department | U.S. Codex Office,2026-08-20,,,,91 FR 53840,,"The U.S Codex Office is sponsoring a public meeting on September 17, 2026. The objective of the public meeting is to provide information and receive public comments on agenda items and draft U.S. positions to be discussed at the 11th Session of the Codex Committee on Milk and Milk Products (CCMMP11) of the Codex Alimentarius Commission (CAC). CCMMP11 will be held by correspondence from September 29-October 29, 2026. The U.S. Manager for Codex Alimentarius and the Under Secretary for Trade and Foreign Agricultural Affairs recognize the importance of providing interested parties the opportunity to obtain background information on the 11th Session of the CCMMP and to address items on the agenda.",https://www.federalregister.gov/documents/2026/08/20/2026-17044/codex-alimentarius-commission-meeting-of-the-codex-committee-on-milk-and-milk-products,https://www.govinfo.gov/content/pkg/FR-2026-08-20/pdf/2026-17044.pdf,https://public-inspection.federalregister.gov/2026-17044.pdf?1787143529
2026-17041,Codex Alimentarius Commission: Meeting of the Codex Committee on Contaminants in Foods (CCCF),Notice,Published,Agriculture Department | U.S. Codex Office,2026-08-20,,,,91 FR 53838,,"The U.S Codex Office is sponsoring a public meeting on September 29, 2026. The objective of the public meeting is to provide information and receive public comments on agenda items to be discussed at the 19th Session of the Codex Committee on Contaminants in Foods (CCCF19) of the Codex Alimentarius Commission (CAC). CCCF19 will be held in Cairo, Egypt, from October 19-23, 2026. The U.S. Manager for Codex Alimentarius and the Under Secretary for Trade and Foreign Agricultural Affairs recognize the importance of providing interested parties the opportunity to obtain background information on the 19th Session of the CCCF and to address items on the agenda.",https://www.federalregister.gov/documents/2026/08/20/2026-17041/codex-alimentarius-commission-meeting-of-the-codex-committee-on-contaminants-in-foods-cccf,https://www.govinfo.gov/content/pkg/FR-2026-08-20/pdf/2026-17041.pdf,https://public-inspection.federalregister.gov/2026-17041.pdf?1787143528
2026-17036,Codex Alimentarius Commission: Meeting of the Codex Committee on Food Import and Export Inspection and Certification Systems,Notice,Published,Agriculture Department | U.S. Codex Office,2026-08-20,,,,91 FR 53837,,"The U.S Codex Office is sponsoring a public meeting on September 10, 2026. The objective of the public meeting is to provide information and receive public comments on agenda items and draft U.S. positions to be discussed at the 28th Session of the Codex Committee on Food Import and Export Inspection and Certification Systems (CCFICS28) of the Codex Alimentarius Commission (CAC). CCFICS28 will be held in Perth, Australia, from October 12-17, 2026. The U.S. Manager for Codex Alimentarius and the Under Secretary for Trade and Foreign Agricultural Affairs recognize the importance of providing interested parties the opportunity to obtain background information on the 28th Session of the CCFICS and to address items on the agenda.",https://www.federalregister.gov/documents/2026/08/20/2026-17036/codex-alimentarius-commission-meeting-of-the-codex-committee-on-food-import-and-export-inspection,https://www.govinfo.gov/content/pkg/FR-2026-08-20/pdf/2026-17036.pdf,https://public-inspection.federalregister.gov/2026-17036.pdf?1787143528
2026-17033,Light-Walled Rectangular Pipe and Tube From Mexico: Final Results of Antidumping Duty Administrative Review; 2023-2024,Notice,Published,Commerce Department | International Trade Administration,2026-08-20,,,,91 FR 53846,A-201-836,"The U.S. Department of Commerce (Commerce) determines that light-walled rectangular pipe and tube (LWRPT) from Mexico was sold in the United States at less than normal value during the period of review (POR), August 1, 2023, through July 31, 2024.",https://www.federalregister.gov/documents/2026/08/20/2026-17033/light-walled-rectangular-pipe-and-tube-from-mexico-final-results-of-antidumping-duty-administrative,https://www.govinfo.gov/content/pkg/FR-2026-08-20/pdf/2026-17033.pdf,https://public-inspection.federalregister.gov/2026-17033.pdf?1787143527
2026-17032,Stainless Steel Flanges From India: Final Results of Antidumping Duty Administrative Review; 2023-2024,Notice,Published,Commerce Department | International Trade Administration,2026-08-20,,,,91 FR 53843,A-533-877,"The U.S. Department of Commerce (Commerce) finds that producers/exporters of stainless steel flanges (flanges) from India made sales of subject merchandise in the United States at prices below normal value during the period of review (POR) October 1, 2023, through September 30, 2024.",https://www.federalregister.gov/documents/2026/08/20/2026-17032/stainless-steel-flanges-from-india-final-results-of-antidumping-duty-administrative-review-2023-2024,https://www.govinfo.gov/content/pkg/FR-2026-08-20/pdf/2026-17032.pdf,https://public-inspection.federalregister.gov/2026-17032.pdf?1787143527
2026-17031,"Certain Large Vertical Shaft Engines Between 225cc and 999cc, and Parts Thereof From the People's Republic of China: Continuation of Antidumping Duty Order and Countervailing Duty Order",Notice,Published,Commerce Department | International Trade Administration,2026-08-20,,,,91 FR 53844,"A-570-119, C-570-120","As a result of the determinations by the U.S. Department of Commerce (Commerce) and the U.S. International Trade Commission (ITC) that revocation of the antidumping duty (AD) order and countervailing duty (CVD) order on certain large vertical shaft engines between 225cc and 999cc, and parts thereof (vertical shaft engines) from the People's Republic of China (China) would likely lead to the continuation or recurrence of dumping, countervailable subsidies, and material injury to an industry in the United States, Commerce is publishing a notice of continuation of these AD and CVD orders.",https://www.federalregister.gov/documents/2026/08/20/2026-17031/certain-large-vertical-shaft-engines-between-225cc-and-999cc-and-parts-thereof-from-the-peoples,https://www.govinfo.gov/content/pkg/FR-2026-08-20/pdf/2026-17031.pdf,https://public-inspection.federalregister.gov/2026-17031.pdf?1787143527
2026-17030,Draft Regulatory Guide: Comprehensive Risk Metrics and Associated Risk Performance Objectives for Commercial Nuclear Plants,Notice,Published,Nuclear Regulatory Commission,2026-08-20,,2026-09-21,,91 FR 53901,NRC-2026-3301,"The U.S. Nuclear Regulatory Commission (NRC) is issuing for public comment a draft Regulatory Guide (DG), 1443, proposed Regulatory Guide (RG) 1.263, Revision 0, ""Comprehensive Risk Metrics and Associated Risk Performance Objectives for Commercial Nuclear Plants."" This DG describes approaches that are acceptable to the staff of the NRC for developing comprehensive risk metrics (CRMs) and associated risk performance objectives (RPOs).",https://www.federalregister.gov/documents/2026/08/20/2026-17030/draft-regulatory-guide-comprehensive-risk-metrics-and-associated-risk-performance-objectives-for,https://www.govinfo.gov/content/pkg/FR-2026-08-20/pdf/2026-17030.pdf,https://public-inspection.federalregister.gov/2026-17030.pdf?1787143527
2026-17027,Agency Information Collection Activities; Proposed eCollection eComments Requested Extension of a Previously Approved Collection; Title-Annual Progress Report for the STOP Violence Against Women Formula Grant Program,Notice,Published,Justice Department,2026-08-20,,2026-10-19,,91 FR 53896,OMB Number: 1122-0003,"The Department of Justice (DOJ), Office on Violence Against Women will be submitting the following information collection request to the Office of Management and Budget (OMB) for review and approval in accordance with the Paperwork Reduction Act of 1995.",https://www.federalregister.gov/documents/2026/08/20/2026-17027/agency-information-collection-activities-proposed-ecollection-ecomments-requested-extension-of-a,https://www.govinfo.gov/content/pkg/FR-2026-08-20/pdf/2026-17027.pdf,https://public-inspection.federalregister.gov/2026-17027.pdf?1787143526
2026-17025,Agency Information Collection Activities; Proposed eCollection eComments Requested Extension of a Previously Approved Collection Title-STOP Match Calculation Worksheet,Notice,Published,Justice Department,2026-08-20,,2026-10-19,,91 FR 53895,OMB Number: 1122-0034,"The Department of Justice (DOJ), Office on Violence Against Women will be submitting the following information collection request to the Office of Management and Budget (OMB) for review and approval in accordance with the Paperwork Reduction Act of 1995.",https://www.federalregister.gov/documents/2026/08/20/2026-17025/agency-information-collection-activities-proposed-ecollection-ecomments-requested-extension-of-a,https://www.govinfo.gov/content/pkg/FR-2026-08-20/pdf/2026-17025.pdf,https://public-inspection.federalregister.gov/2026-17025.pdf?1787143526
2026-17024,Union Pacific Corporation and Union Pacific Railroad Company-Control-Norfolk Southern Corporation and Norfolk Southern Railway Company,Notice,Published,Surface Transportation Board,2026-08-20,,2027-03-29,2026-08-18,91 FR 53927,Docket No. FD 36873,"On May 28, 2026, the Board accepted for consideration (1) the revised, primary application (the Revised Application) filed by Union Pacific Corporation (UPC), Union Pacific Railroad Company (UP) (collectively, Union Pacific), Norfolk Southern Corporation (NSC), and Norfolk Southern Railway Company (NS) (collectively, Norfolk Southern) (Union Pacific and Norfolk Southern collectively, Applicants) as well as (2) a related application in Union Pacific Corp.--Control--Peoria & Pekin Union Railway, Docket No. FD 36873 (Sub-No. 1). However, the Board held both proceedings in abeyance pending further Board order and the submission of certain additional information. Applicants filed additional information in two supplements submitted in July. In this decision, the Board removes the proceedings from abeyance, adopts a procedural schedule, directs Applicants to resubmit certain workpapers with unfiltered data, rules on a pending procedural request, and advises that the Board will address other outstanding motions at a future date.",https://www.federalregister.gov/documents/2026/08/20/2026-17024/union-pacific-corporation-and-union-pacific-railroad-company-control-norfolk-southern-corporation,https://www.govinfo.gov/content/pkg/FR-2026-08-20/pdf/2026-17024.pdf,https://public-inspection.federalregister.gov/2026-17024.pdf?1787143526
2026-17018,"Filing Plats of Survey; New Mexico, Oklahoma",Notice,Published,Interior Department | Land Management Bureau,2026-08-20,,,,91 FR 53890,"A2407-014-004-065516, #O2509-014-004-125222 | LLNM931000",The plats of survey and the supplemental plat of the following described lands are scheduled to be officially filed 30 calendar days after the date of this publication in the Bureau of Land Management (BLM) New Mexico State Office. The surveys and plat announced in this notice are necessary for the management of these lands.,https://www.federalregister.gov/documents/2026/08/20/2026-17018/filing-plats-of-survey-new-mexico-oklahoma,https://www.govinfo.gov/content/pkg/FR-2026-08-20/pdf/2026-17018.pdf,https://public-inspection.federalregister.gov/2026-17018.pdf?1787143525
2026-17015,"Formations of, Acquisitions by, and Mergers of Bank Holding Companies",Notice,Published,Federal Reserve System,2026-08-20,,,,91 FR 53864,,,https://www.federalregister.gov/documents/2026/08/20/2026-17015/formations-of-acquisitions-by-and-mergers-of-bank-holding-companies,https://www.govinfo.gov/content/pkg/FR-2026-08-20/pdf/2026-17015.pdf,https://public-inspection.federalregister.gov/2026-17015.pdf?1787143525
2026-17014,New Postal Products,Notice,Published,Postal Regulatory Commission,2026-08-20,,2026-08-25,,91 FR 53906,Docket Nos. MC2026-348 and K2026-342,"The Commission is noticing a recent Postal Service filing for the Commission's consideration concerning a negotiated service agreement. This notice informs the public of the filing, invites public comment, and takes other administrative steps.",https://www.federalregister.gov/documents/2026/08/20/2026-17014/new-postal-products,https://www.govinfo.gov/content/pkg/FR-2026-08-20/pdf/2026-17014.pdf,https://public-inspection.federalregister.gov/2026-17014.pdf?1787143525
2026-17013,Regulatory Guide: Acceptability of Probabilistic Risk Assessment Results for Non-Light Water Reactor Risk-Informed Activities,Notice,Published,Nuclear Regulatory Commission,2026-08-20,,2026-10-19,,91 FR 53903,NRC-2022-0052,"The U.S. Nuclear Regulatory Commission (NRC) is issuing for trial use, Revision 1 to Trial Regulatory Guide (RG) 1.247, ""Acceptability of Probabilistic Risk Assessment Results for Non-Light Water Reactor Risk-Informed Activities."" This guidance describes one acceptable approach for determining whether the acceptability of the probabilistic risk assessment (PRA) used to support a PRA application is sufficient to provide confidence in the results for non-light water reactors (NLWRs) and risk-informed activities. Trial RG 1.247 was originally issued in March 2022 with a 2-year trial period that ended in May 2024. The staff is issuing Revision 1 to RG 1.247 (with minimal changes) as a trial RG so that it can continue to be used by potential applicants while the staff addresses the remaining technical issues that are best resolved by continuing to test the guide against actual applications. As a trial RG, this issuance does not provide final staff positions and the guidance within may be revised based on experience obtained by the NRC with its use after its publication.",https://www.federalregister.gov/documents/2026/08/20/2026-17013/regulatory-guide-acceptability-of-probabilistic-risk-assessment-results-for-non-light-water-reactor,https://www.govinfo.gov/content/pkg/FR-2026-08-20/pdf/2026-17013.pdf,https://public-inspection.federalregister.gov/2026-17013.pdf?1787143525
2026-17011,Notice of Receipt of Complaint; Solicitation of Comments Relating to the Public Interest,Notice,Published,International Trade Commission,2026-08-20,,,,91 FR 53894,,"Notice is hereby given that the U.S. International Trade Commission has received a complaint entitled Certain Electronic Devices with Certain Audio Technologies, DN 3931; the Commission is soliciting comments on any public interest issues raised by the complaint or complainant's filing pursuant to the Commission's Rules of Practice and Procedure.",https://www.federalregister.gov/documents/2026/08/20/2026-17011/notice-of-receipt-of-complaint-solicitation-of-comments-relating-to-the-public-interest,https://www.govinfo.gov/content/pkg/FR-2026-08-20/pdf/2026-17011.pdf,https://public-inspection.federalregister.gov/2026-17011.pdf?1787143525
2026-17010,Agency Information Collection Activities; Proposed Collection eComments Requested; Revision of a Previously Approved Collection; Application for Cancellation of Removal for Certain Permanent Residents (Form EOIR-42A); and Application for Cancellation of Removal and Adjustment of Status for Certain Nonpermanent Residents (Form EOIR-42B),Notice,Published,Justice Department,2026-08-20,,2026-10-19,,91 FR 53897,OMB Number 1125-0001,"The Executive Office for Immigration Review (EOIR), Department of Justice (DOJ), will be submitting the following information collection request to the Office of Management and Budget (OMB) for review and approval in accordance with the Paperwork Reduction Act of 1995.",https://www.federalregister.gov/documents/2026/08/20/2026-17010/agency-information-collection-activities-proposed-collection-ecomments-requested-revision-of-a,https://www.govinfo.gov/content/pkg/FR-2026-08-20/pdf/2026-17010.pdf,https://public-inspection.federalregister.gov/2026-17010.pdf?1787143524
2026-16997,Information Collection Being Reviewed by the Federal Communications Commission Under Delegated Authority,Notice,Published,Federal Communications Commission,2026-08-20,,2026-10-19,,91 FR 53863,OMB 3060-0800 | FR ID 362770,"As part of its continuing effort to reduce paperwork burdens, and as required by the Paperwork Reduction Act of 1995 (PRA), the Federal Communications Commission (FCC or Commission) invites the general public and other Federal agencies to take this opportunity to comment on the following information collections. Comments are requested concerning: whether the proposed collection of information is necessary for the proper performance of the functions of the Commission, including whether the information shall have practical utility; the accuracy of the Commission's burden estimate; ways to enhance the quality, utility, and clarity of the information collected; ways to minimize the burden of the collection of information on the respondents, including the use of automated collection techniques or other forms of information technology; and ways to further reduce the information collection burden on small business concerns with fewer than 25 employees.",https://www.federalregister.gov/documents/2026/08/20/2026-16997/information-collection-being-reviewed-by-the-federal-communications-commission-under-delegated,https://www.govinfo.gov/content/pkg/FR-2026-08-20/pdf/2026-16997.pdf,https://public-inspection.federalregister.gov/2026-16997.pdf?1787143523
2026-16996,Information Collection Being Reviewed by the Federal Communications Commission,Notice,Published,Federal Communications Commission,2026-08-20,,2026-10-19,,91 FR 53862,OMB 3060-XXXX | FR ID 362766,"As part of its continuing effort to reduce paperwork burdens, and as required by the Paperwork Reduction Act of 1995 (PRA), the Federal Communications Commission (FCC or Commission) invites the general public and other Federal agencies to take this opportunity to comment on the following information collections. Comments are requested concerning: whether the proposed collection of information is necessary for the proper performance of the functions of the Commission, including whether the information shall have practical utility; the accuracy of the Commission's burden estimate; ways to enhance the quality, utility, and clarity of the information collected; ways to minimize the burden of the collection of information on the respondents, including the use of automated collection techniques or other forms of information technology; and ways to further reduce the information collection burden on small business concerns with fewer than 25 employees. The FCC may not conduct or sponsor a collection of information unless it displays a currently valid Office of Management and Budget (OMB) control number. No person shall be subject to any penalty for failing to comply with a collection of information subject to the PRA that does not display a valid OMB control number.",https://www.federalregister.gov/documents/2026/08/20/2026-16996/information-collection-being-reviewed-by-the-federal-communications-commission,https://www.govinfo.gov/content/pkg/FR-2026-08-20/pdf/2026-16996.pdf,https://public-inspection.federalregister.gov/2026-16996.pdf?1787143522
2026-16995,Information Collection Being Submitted to the Office of Management and Budget for Emergency Review and Approval,Notice,Published,Federal Communications Commission,2026-08-20,,2026-09-21,,91 FR 53859,OMB 3060-1272 | FR ID 362738,"As part of its continuing effort to reduce paperwork burdens, and as required by the Paperwork Reduction Act (PRA) of 1995, the Federal Communications Commission (Commission) invites the general public and other Federal agencies to take this opportunity to comment on the following information collection. Comments are requested concerning: Whether the collection of information is necessary for the proper performance of the functions of the Commission, including whether the information shall have practical utility; the accuracy of the Commission's burden estimate; ways to enhance the quality, utility, and clarity of the information collected; ways to minimize the burden of the collection of information on the respondents, including the use of automated collection techniques or other forms of information technology; and ways to further reduce the information collection burden on small business concerns with fewer than 25 employees. The Commission may not conduct or sponsor a collection of information unless it displays a currently valid control number. No person shall be subject to any penalty for failing to comply with a collection of information subject to the PRA that does not display a valid Office of Management and Budget (OMB) control number.",https://www.federalregister.gov/documents/2026/08/20/2026-16995/information-collection-being-submitted-to-the-office-of-management-and-budget-for-emergency-review,https://www.govinfo.gov/content/pkg/FR-2026-08-20/pdf/2026-16995.pdf,https://public-inspection.federalregister.gov/2026-16995.pdf?1787143522
2026-16993,Information Collections Being Reviewed by the Federal Communications Commission Under Delegated Authority,Notice,Published,Federal Communications Commission,2026-08-20,,2026-10-19,,91 FR 53861,OMB 3060-0386 | OMB 3060-0609 | OMB 3060-1103 | OMB 3060-1320 | FR ID 362822,"As part of its continuing effort to reduce paperwork burdens, and as required by the Paperwork Reduction Act of 1995 (PRA), the Federal Communications Commission (FCC or Commission) invites the general public and other Federal agencies to take this opportunity to comment on the following information collections. Comments are requested concerning: whether the proposed collection of information is necessary for the proper performance of the functions of the Commission, including whether the information shall have practical utility; the accuracy of the Commission's burden estimate; ways to enhance the quality, utility, and clarity of the information collected; ways to minimize the burden of the collection of information on the respondents, including the use of automated collection techniques or other forms of information technology; and ways to further reduce the information collection burden on small business concerns with fewer than 25 employees.",https://www.federalregister.gov/documents/2026/08/20/2026-16993/information-collections-being-reviewed-by-the-federal-communications-commission-under-delegated,https://www.govinfo.gov/content/pkg/FR-2026-08-20/pdf/2026-16993.pdf,https://public-inspection.federalregister.gov/2026-16993.pdf?1787143522
2026-16992,Agency Information Collection Activities; Coal Management,Notice,Published,Interior Department | Land Management Bureau,2026-08-20,,2026-10-19,,91 FR 53891,"A2407-014-004-065516, #O2509-014-004-125222 | LLHQ320000L13200000","In accordance with the Paperwork Reduction Act of 1995 (PRA), the Bureau of Land Management (BLM) proposes extending an expiring information collection.",https://www.federalregister.gov/documents/2026/08/20/2026-16992/agency-information-collection-activities-coal-management,https://www.govinfo.gov/content/pkg/FR-2026-08-20/pdf/2026-16992.pdf,https://public-inspection.federalregister.gov/2026-16992.pdf?1787143522
2026-16980,Privacy Act of 1974; System of Records,Notice,Published,General Services Administration,2026-08-20,,2026-09-21,,91 FR 53864,Notice-IEB-2026-04 | Docket No. 2026-0002 | Sequence No. 07,"Pursuant to the provisions of the Privacy Act of 1974, notice is given that the General Services Administration (GSA) is providing an update to the system of records entitled Contracted Travel Services Program, GSA/GOVT-4, a system designed to provide efficient and secure travel management services for government agencies, including the General Services Administration (GSA), by integrating advanced technology with high-quality customer service.",https://www.federalregister.gov/documents/2026/08/20/2026-16980/privacy-act-of-1974-system-of-records,https://www.govinfo.gov/content/pkg/FR-2026-08-20/pdf/2026-16980.pdf,https://public-inspection.federalregister.gov/2026-16980.pdf?1787143520
2026-16975,"Long Mott Energy, LLC; Long Mott Generating Station; Notice of Hearing",Notice,Published,Nuclear Regulatory Commission,2026-08-20,,,,91 FR 53900,Docket No. 05-614 | NRC-2025-0079,"The U.S. Nuclear Regulatory Commission (NRC) is providing public notice of an uncontested hearing on a construction permit application from Long Mott Energy, LLC (LME) for construction of the Long Mott Generating Station (LMGS), a four reactor facility to be built in Calhoun County, Texas.",https://www.federalregister.gov/documents/2026/08/20/2026-16975/long-mott-energy-llc-long-mott-generating-station-notice-of-hearing,https://www.govinfo.gov/content/pkg/FR-2026-08-20/pdf/2026-16975.pdf,https://public-inspection.federalregister.gov/2026-16975.pdf?1787143519
2026-16974,Pesticide Product Registration; Receipt of Applications for New Active Ingredients (June 2026),Notice,Published,Environmental Protection Agency,2026-08-20,,2026-09-21,,91 FR 53858,EPA-HQ-OPP-2026-0333 | FRL-13200-06-OCSPP,"This document announces the Agency's receipt of and solicits comments on applications to register pesticide products containing active ingredients not included in any currently registered pesticide products. The Agency is providing this notice in accordance with the Federal Insecticide, Fungicide, and Rodenticide Act (FIFRA). EPA uses the month and year in the title to identify when the Agency compiled the applications identified in this notice of receipt Unit II. of this document identifies certain applications received in 2025 that are currently being evaluated by EPA, along with information about each application, including when it was received, who submitted the application, and the purpose of the application.",https://www.federalregister.gov/documents/2026/08/20/2026-16974/pesticide-product-registration-receipt-of-applications-for-new-active-ingredients-june-2026,https://www.govinfo.gov/content/pkg/FR-2026-08-20/pdf/2026-16974.pdf,https://public-inspection.federalregister.gov/2026-16974.pdf?1787143519
2026-16971,Pesticide Product Registration; Receipt of Applications for New Uses (June 2026),Notice,Published,Environmental Protection Agency,2026-08-20,,2026-09-21,,91 FR 53855,EPA-HQ-OPP-2026-0334 | FRL-13199-06-OCSPP,"This document announces the Agency's receipt of and solicits comments on applications to register new pesticide products containing currently registered active ingredients that would entail a change in use pattern. The Agency is providing this notice in accordance with the Federal Insecticide, Fungicide, and Rodenticide Act (FIFRA). EPA uses the month and year in the title to identify when the Agency compiled the applications identified in this notice of receipt Unit II. of this document identifies certain applications received in 2025 and 2026 that are currently being evaluated by EPA, along with information about each application, including when it was received, who submitted the application, and the purpose of the application.",https://www.federalregister.gov/documents/2026/08/20/2026-16971/pesticide-product-registration-receipt-of-applications-for-new-uses-june-2026,https://www.govinfo.gov/content/pkg/FR-2026-08-20/pdf/2026-16971.pdf,https://public-inspection.federalregister.gov/2026-16971.pdf?1787143519
2026-16969,"60-Day Notice of Proposed Information Collection: Improving Customer Experience (OMB Circular A-11, Section 280 Implementation)",Notice,Published,State Department,2026-08-20,,2026-10-19,,91 FR 53925,Public Notice: 12903,"The Department of State as part of its continuing effort to reduce paperwork and respondent burden, is announcing an opportunity for public comment on a new proposed collection of information by the Agency. Under the Paperwork Reduction Act of 1995 (PRA), Federal Agencies are required to publish notice in the Federal Register concerning each proposed collection of information, and to allow 60 days for public comment in response to the notice. This notice solicits comments on a proposed extension of this collection.",https://www.federalregister.gov/documents/2026/08/20/2026-16969/60-day-notice-of-proposed-information-collection-improving-customer-experience-omb-circular-a-11,https://www.govinfo.gov/content/pkg/FR-2026-08-20/pdf/2026-16969.pdf,https://public-inspection.federalregister.gov/2026-16969.pdf?1787143519
2026-16968,Submission for OMB Review; Comments Request,Notice,Published,U.S. International Development Finance Corporation,2026-08-20,,2026-09-21,,91 FR 53852,DFC-003,"Under the provisions of the Paperwork Reduction Act, agencies are required to publish a Notice in the Federal Register notifying the public that the agency is renewing an existing information collection for OMB review and approval and requests public review and comment on the submission. The agencies received no comments in response to the sixty (60) day notice. The purpose of this notice is to allow an additional thirty (30) days for public comments to be submitted. Comments are being solicited on the need for the information; the accuracy of the burden estimate; the quality, practical utility, and clarity of the information to be collected; and ways to minimize reporting the burden, including automated collected techniques and uses of other forms of technology.",https://www.federalregister.gov/documents/2026/08/20/2026-16968/submission-for-omb-review-comments-request,https://www.govinfo.gov/content/pkg/FR-2026-08-20/pdf/2026-16968.pdf,https://public-inspection.federalregister.gov/2026-16968.pdf?1787143519
2026-16964,Procurement List; Proposed Additions and Deletions,Notice,Published,Committee for Purchase From People Who Are Blind or Severely Disabled,2026-08-20,,2026-09-19,,91 FR 53850,,"The Committee is proposing to add products and service(s) to the Procurement List that will be furnished by nonprofit agencies employing persons who are blind or have other severe disabilities, and delete product(s) and service(s) previously furnished by such agencies.",https://www.federalregister.gov/documents/2026/08/20/2026-16964/procurement-list-proposed-additions-and-deletions,https://www.govinfo.gov/content/pkg/FR-2026-08-20/pdf/2026-16964.pdf,https://public-inspection.federalregister.gov/2026-16964.pdf?1787143518
2026-16963,Tribal Intergovernmental Advisory Committee (TIAC) Fall 2026 Meeting,Notice,Published,Housing and Urban Development Department,2026-08-20,,,,91 FR 53890,Docket No. FR-6560-N-03,This notice announces the next meeting of HUD's TIAC.,https://www.federalregister.gov/documents/2026/08/20/2026-16963/tribal-intergovernmental-advisory-committee-tiac-fall-2026-meeting,https://www.govinfo.gov/content/pkg/FR-2026-08-20/pdf/2026-16963.pdf,https://public-inspection.federalregister.gov/2026-16963.pdf?1787143518
2026-16962,Codex Alimentarius Commission: Meeting of the Codex Committee on Pesticide Residues,Notice,Published,Agriculture Department | U.S. Codex Office,2026-08-20,,,,91 FR 53839,,"The U.S Codex Office is sponsoring a public meeting on August 26, 2026. The objective of the public meeting is to provide information and receive public comments on agenda items and draft U.S. positions to be discussed at the 57th Session of the Codex Committee on Pesticide Residues (CCPR57) of the Codex Alimentarius Commission (CAC). CCPR57 will be held in Beijing, China, from September 7-12, 2026. The U.S. Manager for Codex Alimentarius and the Under Secretary for Trade and Foreign Agricultural Affairs recognize the importance of providing interested parties the opportunity to obtain background information on the 57th Session of the CCPR and to address items on the agenda.",https://www.federalregister.gov/documents/2026/08/20/2026-16962/codex-alimentarius-commission-meeting-of-the-codex-committee-on-pesticide-residues,https://www.govinfo.gov/content/pkg/FR-2026-08-20/pdf/2026-16962.pdf,https://public-inspection.federalregister.gov/2026-16962.pdf?1787143518
2026-16951,"Self-Regulatory Organizations; Cboe C2 Exchange, Inc.; Notice of Filing and Immediate Effectiveness of a Proposed Rule Change To Amend Its Fees Schedule Regarding Certain Free Trials",Notice,Published,Securities and Exchange Commission,2026-08-20,,,,91 FR 53911,Release No. 34-106149 | File No. SR-C2-2026-020,,https://www.federalregister.gov/documents/2026/08/20/2026-16951/self-regulatory-organizations-cboe-c2-exchange-inc-notice-of-filing-and-immediate-effectiveness-of-a,https://www.govinfo.gov/content/pkg/FR-2026-08-20/pdf/2026-16951.pdf,https://public-inspection.federalregister.gov/2026-16951.pdf?1787143516
2026-16950,"Self-Regulatory Organizations; Cboe EDGX Exchange, Inc.; Notice of Filing and Immediate Effectiveness of a Proposed Rule Change To Amend Its Fees Schedule Regarding Certain Free Trials",Notice,Published,Securities and Exchange Commission,2026-08-20,,,,91 FR 53909,Release No. 34-106148 | File No. SR-CboeEDGX-2026-052,,https://www.federalregister.gov/documents/2026/08/20/2026-16950/self-regulatory-organizations-cboe-edgx-exchange-inc-notice-of-filing-and-immediate-effectiveness-of,https://www.govinfo.gov/content/pkg/FR-2026-08-20/pdf/2026-16950.pdf,https://public-inspection.federalregister.gov/2026-16950.pdf?1787143516
2026-16949,"Self-Regulatory Organizations; Cboe BZX Exchange, Inc.; Notice of Filing and Immediate Effectiveness of a Proposed Rule Change To Amend Its Fees Schedule Regarding Certain Free Trials",Notice,Published,Securities and Exchange Commission,2026-08-20,,,,91 FR 53920,Release No. 34-106147 | File No. SR-CboeBZX-2026-064,,https://www.federalregister.gov/documents/2026/08/20/2026-16949/self-regulatory-organizations-cboe-bzx-exchange-inc-notice-of-filing-and-immediate-effectiveness-of,https://www.govinfo.gov/content/pkg/FR-2026-08-20/pdf/2026-16949.pdf,https://public-inspection.federalregister.gov/2026-16949.pdf?1787143516
2026-16948,"Self-Regulatory Organizations; Cboe Exchange, Inc.; Notice of Filing and Immediate Effectiveness of a Proposed Rule Change To Amend Its Fees Schedule Regarding Certain Free Trials",Notice,Published,Securities and Exchange Commission,2026-08-20,,,,91 FR 53913,Release No. 34-106146 | File No. SR-CBOE-2026-073,,https://www.federalregister.gov/documents/2026/08/20/2026-16948/self-regulatory-organizations-cboe-exchange-inc-notice-of-filing-and-immediate-effectiveness-of-a,https://www.govinfo.gov/content/pkg/FR-2026-08-20/pdf/2026-16948.pdf,https://public-inspection.federalregister.gov/2026-16948.pdf?1787143516
2026-16941,"Submission for Review: 3206-0156, Application for Death Benefits Under the Civil Service Retirement System, (SF 2800); Documentation in Support of Application for Death Benefits When Deceased was an Employee at the Time of Death, (SF 2800A) and Applying for Death Benefits Under CSRS Pamphlet, (SF 2800-1)",Notice,Published,Personnel Management Office,2026-08-20,,2026-10-19,,91 FR 53905,,"Office of Personnel Management (OPM) offers the general public and other federal agencies the opportunity to comment on the reinstatement of an expired information collection request (ICR), Application for Death Benefits/Documentation and Elections in Support of Application for Death Benefits When Deceased Was an Employee at the Time of Death (CSRS).",https://www.federalregister.gov/documents/2026/08/20/2026-16941/submission-for-review-3206-0156-application-for-death-benefits-under-the-civil-service-retirement,https://www.govinfo.gov/content/pkg/FR-2026-08-20/pdf/2026-16941.pdf,https://public-inspection.federalregister.gov/2026-16941.pdf?1787143515
2026-16940,"Submission for Review: 3206-0275, Application for Court-Ordered Benefits for Former Spouses, Standard Form 3119",Notice,Published,Personnel Management Office,2026-08-20,,2026-10-19,,91 FR 53905,,"Retirement Services offers the general public and other federal agencies the opportunity to comment on the reinstatement of an expired information collection request (ICR), Application for Court- Ordered Benefits for Former Spouses, Standard Form 3119.",https://www.federalregister.gov/documents/2026/08/20/2026-16940/submission-for-review-3206-0275-application-for-court-ordered-benefits-for-former-spouses-standard,https://www.govinfo.gov/content/pkg/FR-2026-08-20/pdf/2026-16940.pdf,https://public-inspection.federalregister.gov/2026-16940.pdf?1787143515
2026-16938,"Proposed Settlement Agreement, Unreasonable Delay Claim Regarding Natural Resources Defense Council's Petition To Revoke Tolerances for Neonicotinoid Pesticides",Notice,Published,Environmental Protection Agency,2026-08-20,,2026-09-21,,91 FR 53857,EPA-HQ-OGC-2026-6172 | FRL-13572-01-OGC,"In accordance with the Environmental Protection Agency (EPA) Administrator's March 18, 2022, Memorandum entitled Consent Decrees and Settlement Agreements to Resolve Environmental Claims Against the Agency, notice is hereby given of a proposed settlement agreement that resolves In re Natural Resources Defense Council, Inc., 25-1251 (D.C. Cir.), a case in the U.S. Court of Appeals for the District of Columbia that alleges EPA unreasonably delayed in responding to a petition to revoke all tolerances for residues of neonicotinoid pesticides (""neonics"") in or on food.",https://www.federalregister.gov/documents/2026/08/20/2026-16938/proposed-settlement-agreement-unreasonable-delay-claim-regarding-natural-resources-defense-councils,https://www.govinfo.gov/content/pkg/FR-2026-08-20/pdf/2026-16938.pdf,https://public-inspection.federalregister.gov/2026-16938.pdf?1787143515
2026-16936,Eagle Point Credit Management LLC and Eagle Point Trinity Senior Secured Lending Company,Notice,Published,Securities and Exchange Commission,2026-08-20,,,,91 FR 53922,Investment Company Act Release No. 36302 | File No. 812-16021,,https://www.federalregister.gov/documents/2026/08/20/2026-16936/eagle-point-credit-management-llc-and-eagle-point-trinity-senior-secured-lending-company,https://www.govinfo.gov/content/pkg/FR-2026-08-20/pdf/2026-16936.pdf,https://public-inspection.federalregister.gov/2026-16936.pdf?1787143515
2026-16935,"Clearlake Private Markets Fund and Clearlake Capital RIC Management, LLC",Notice,Published,Securities and Exchange Commission,2026-08-20,,,,91 FR 53907,Investment Company Act Release No. 36301 | File No. 812-16056,,https://www.federalregister.gov/documents/2026/08/20/2026-16935/clearlake-private-markets-fund-and-clearlake-capital-ric-management-llc,https://www.govinfo.gov/content/pkg/FR-2026-08-20/pdf/2026-16935.pdf,https://public-inspection.federalregister.gov/2026-16935.pdf?1787143515
2026-16934,"Valued Advisers Trust and Alaia Capital, LLC",Notice,Published,Securities and Exchange Commission,2026-08-20,,,,91 FR 53923,Investment Company Act Release No. 36300 | 812-16062,,https://www.federalregister.gov/documents/2026/08/20/2026-16934/valued-advisers-trust-and-alaia-capital-llc,https://www.govinfo.gov/content/pkg/FR-2026-08-20/pdf/2026-16934.pdf,https://public-inspection.federalregister.gov/2026-16934.pdf?1787143514
2026-16931,Nominations Request for the Good Neighbor Environmental Board,Notice,Published,Environmental Protection Agency,2026-08-20,,2026-10-05,,91 FR 53856,FRL-13575-01-OA,The U.S. Environmental Protection Agency (EPA) requests public nominations from qualified candidates to be considered for appointment to its Good Neighbor Environmental Board (GNEB) to fill approximately 11-15 vacancies.,https://www.federalregister.gov/documents/2026/08/20/2026-16931/nominations-request-for-the-good-neighbor-environmental-board,https://www.govinfo.gov/content/pkg/FR-2026-08-20/pdf/2026-16931.pdf,https://public-inspection.federalregister.gov/2026-16931.pdf?1787143514
2026-16929,"EnergySolutions, LLC and Bridgepoint Group, PLC; Approval of Transfer of Licenses",Notice,Published,Nuclear Regulatory Commission,2026-08-20,,,,91 FR 53902,"Docket Nos. 30-39013, 30-38619, 50-305, 50-320, 72-64, 72-80, 11005620 and 11005897 | NRC-2026-2707","The U.S. Nuclear Regulatory Commission (NRC) issued an order approving the indirect transfer of control of Radioactive Materials License No. 39-35044-01, License Nos. DPR-43, DPR-73, and Independent Spent Fuel Storage Installation general license No. 40, as well as Export Licenses XW010 and XW018 from EnergySolutions, LLC to ECP VI, LLC and its ultimate parent, Bridgepoint Group, PLC. The indirect transfer reflects an upstream change in ownership of the holding company of Energy Solutions.",https://www.federalregister.gov/documents/2026/08/20/2026-16929/energysolutions-llc-and-bridgepoint-group-plc-approval-of-transfer-of-licenses,https://www.govinfo.gov/content/pkg/FR-2026-08-20/pdf/2026-16929.pdf,https://public-inspection.federalregister.gov/2026-16929.pdf?1787143514
2026-16919,Ethylene Dibromide Draft Risk Evaluation Under the Toxic Substances Control Act (TSCA); Notice of Availability and Request for Comment,Notice,Published,Environmental Protection Agency,2026-08-19,,2026-10-19,,91 FR 53618,EPA-HQ-OPPT-2018-0488 | FRL-13552-01-OCSPP,"The Environmental Protection Agency (EPA or Agency) is announcing the availability of and seeking public comment on the draft risk evaluation under the Toxic Substances Control Act (TSCA) for ethylene dibromide. The purpose of risk evaluations under TSCA is to determine whether a chemical substance presents an unreasonable risk of injury to health or the environment under the conditions of use (COUs), including unreasonable risk to potentially exposed or susceptible subpopulations identified as relevant to the risk evaluation by EPA, and without consideration of costs or non-risk factors. EPA is seeking comment on the draft risk evaluation for ethylene dibromide.",https://www.federalregister.gov/documents/2026/08/19/2026-16919/ethylene-dibromide-draft-risk-evaluation-under-the-toxic-substances-control-act-tsca-notice-of,https://www.govinfo.gov/content/pkg/FR-2026-08-19/pdf/2026-16919.pdf,https://public-inspection.federalregister.gov/2026-16919.pdf?1787057118
2026-16918,Notice of Public Meeting of the Alaska Advisory Committee to the U.S. Commission on Civil Rights,Notice,Published,Civil Rights Commission,2026-08-19,,,,91 FR 53600,,"Notice is hereby given, pursuant to the provisions of the rules and regulations of the U.S. Commission on Civil Rights (Commission), and the Federal Advisory Committee Act (FACA), that a briefing of the Alaska Advisory Committee to the U.S. Commission on Civil Rights will hold a series of public briefings via Zoom. The purpose of the briefings is to gather testimony regarding the topic Ranked Choice Voting and Equal Access to the Electoral Process in Alaska.",https://www.federalregister.gov/documents/2026/08/19/2026-16918/notice-of-public-meeting-of-the-alaska-advisory-committee-to-the-us-commission-on-civil-rights,https://www.govinfo.gov/content/pkg/FR-2026-08-19/pdf/2026-16918.pdf,https://public-inspection.federalregister.gov/2026-16918.pdf?1787057118
2026-16917,Notice of Public Meetings of the New Jersey Advisory Committee to the U.S. Commission on Civil Rights,Notice,Published,Civil Rights Commission,2026-08-19,,,,91 FR 53599,,"Notice is hereby given, pursuant to the provisions of the rules and regulations of the U.S. Commission on Civil Rights (Commission) and the Federal Advisory Committee Act, that the New Jersey Advisory Committee (Committee) to the U.S. Commission on Civil Rights will hold two business meetings via Zoom. The Committee is in the Implementation Stage and will hold business meetings to continue discussing the committee's chosen topic of antisemitism and civil rights.",https://www.federalregister.gov/documents/2026/08/19/2026-16917/notice-of-public-meetings-of-the-new-jersey-advisory-committee-to-the-us-commission-on-civil-rights,https://www.govinfo.gov/content/pkg/FR-2026-08-19/pdf/2026-16917.pdf,https://public-inspection.federalregister.gov/2026-16917.pdf?1787057118
2026-16916,"Agency Information Collection Activities; Comment Request on Improving Customer Experience (OMB Circular A-11, Section 280 Implementation)",Notice,Published,Treasury Department | Internal Revenue Service,2026-08-19,,2026-10-19,,91 FR 53694,,"In accordance with the Paperwork Reduction Act of 1995, the IRS is inviting comments on the information collection request outlined in this notice.",https://www.federalregister.gov/documents/2026/08/19/2026-16916/agency-information-collection-activities-comment-request-on-improving-customer-experience-omb,https://www.govinfo.gov/content/pkg/FR-2026-08-19/pdf/2026-16916.pdf,https://public-inspection.federalregister.gov/2026-16916.pdf?1787057118
2026-16910,National Organic Program: Notice of Intent To Extend a Previously Approved Information Collection (Strengthening Organic Enforcement) (2026),Notice,Published,Agriculture Department | Agricultural Marketing Service,2026-08-19,,2026-10-19,,91 FR 53598,Doc. No. AMS-NOP-26-1321 | NOP-26-08,"In accordance with the Paperwork Reduction Act of 1995, this notice announces the U.S. Department of Agriculture, Agricultural Marketing Service's intention to request an extension and revision of a previously approved information collection titled ""National Organic Program: Strengthening Organic Enforcement (SOE)"" (OMB Control Number: 0581-0321).",https://www.federalregister.gov/documents/2026/08/19/2026-16910/national-organic-program-notice-of-intent-to-extend-a-previously-approved-information-collection,https://www.govinfo.gov/content/pkg/FR-2026-08-19/pdf/2026-16910.pdf,https://public-inspection.federalregister.gov/2026-16910.pdf?1787057117
2026-16905,Certain Transformers and Components Thereof; Notice of Institution of Investigation,Notice,Published,International Trade Commission,2026-08-19,,,,91 FR 53631,Investigation No. 337-TA-1517,"Notice is hereby given that a complaint was filed with the U.S. International Trade Commission on July 16, 2026, under section 337 of the Tariff Act of 1930, as amended, on behalf of Ayr Energy, Inc. of Mountain View, California. The complaint alleges violations of section 337 based upon the importation into the United States, the sale for importation, and/or the sale within the United States after importation of certain transformers and components thereof by reason of misappropriation of trade secrets, false advertising, unfair competition, trademark infringement, false designation of origin, and common law trademark infringement, the threat or effect of which is to destroy or substantially injure an industry in the United States or to prevent the establishment of such an industry. The complainant requests that the Commission institute an investigation and, after the investigation, issue a limited exclusion order and cease and desist orders.",https://www.federalregister.gov/documents/2026/08/19/2026-16905/certain-transformers-and-components-thereof-notice-of-institution-of-investigation,https://www.govinfo.gov/content/pkg/FR-2026-08-19/pdf/2026-16905.pdf,https://public-inspection.federalregister.gov/2026-16905.pdf?1787057116
2026-16904,Proposed Extension of Information Collection; Longshore and Harbor Workers' Compensation Act Pre-Hearing Statement (LS-18),Notice,Published,Labor Department | Workers' Compensation Programs Office,2026-08-19,,2026-10-19,,91 FR 53668,,"The Department of Labor, as part of its continuing effort to reduce paperwork and respondent burden, conducts a pre-clearance request for comment to provide the general public and Federal agencies with an opportunity to comment on proposed collections of information in accordance with the Paperwork Reduction Act of 1995. This request helps to ensure that: requested data can be provided in the desired format; reporting burden (time and financial resources) is minimized; collection instruments are clearly understood; and the impact of collection requirements on respondents can be properly assessed. Currently, OWCP is soliciting comments on the information collection for Longshore and Harbor Workers' Compensation Act Pre-Hearing Statement.",https://www.federalregister.gov/documents/2026/08/19/2026-16904/proposed-extension-of-information-collection-longshore-and-harbor-workers-compensation-act,https://www.govinfo.gov/content/pkg/FR-2026-08-19/pdf/2026-16904.pdf,https://public-inspection.federalregister.gov/2026-16904.pdf?1787057116
2026-16903,Agency Information Collection Activities; Comment Request; Disaster Unemployment Assistance Activities Report,Notice,Published,Labor Department | Employment and Training Administration,2026-08-19,,2026-10-19,,91 FR 53649,,"The Department of Labor's (DOL) Employment and Training Administration (ETA) is soliciting comments concerning a proposed extension for the authority to conduct the information collection request (ICR) titled, ""Disaster Unemployment Assistance Activities Report."" This comment request is part of continuing Departmental efforts to reduce paperwork and respondent burden in accordance with the Paperwork Reduction Act of 1995 (PRA).",https://www.federalregister.gov/documents/2026/08/19/2026-16903/agency-information-collection-activities-comment-request-disaster-unemployment-assistance-activities,https://www.govinfo.gov/content/pkg/FR-2026-08-19/pdf/2026-16903.pdf,https://public-inspection.federalregister.gov/2026-16903.pdf?1787057116
2026-16902,Agency Information Collection Activities; Comment Request; Linked Open Data on Credentials,Notice,Published,Labor Department | Employment and Training Administration,2026-08-19,,2026-10-19,,91 FR 53648,,"The Department of Labor's (DOL) Employment and Training Administration (ETA) is soliciting comments concerning an initial request for the authority to conduct the information collection request (ICR) titled, ""Linked Open Data on Credentials."" This comment request is part of continuing Departmental efforts to reduce paperwork and respondent burden in accordance with the Paperwork Reduction Act of 1995 (PRA).",https://www.federalregister.gov/documents/2026/08/19/2026-16902/agency-information-collection-activities-comment-request-linked-open-data-on-credentials,https://www.govinfo.gov/content/pkg/FR-2026-08-19/pdf/2026-16902.pdf,https://public-inspection.federalregister.gov/2026-16902.pdf?1787057116
2026-16901,"Proposed Extension of Information Collection: Form CA-2a, Notice of Recurrence",Notice,Published,Labor Department | Workers' Compensation Programs Office,2026-08-19,,2026-10-19,,91 FR 53667,OMB Control No. 1240-0009,"The Department of Labor, as part of its continuing effort to reduce paperwork and respondent burden, conducts a pre-clearance request for comment to provide the general public and Federal agencies with an opportunity to comment on proposed collections of information in accordance with the Paperwork Reduction Act of 1995. This request helps to ensure that: requested data can be provided in the desired format; reporting burden (time and financial resources) is minimized; collection instruments are clearly understood; and the impact of collection requirements on respondents can be properly assessed. Currently, the Office of Workers' Compensation Programs, Division of Federal Employees' Compensation, (OWCP/DFEC) is soliciting comments on the new information collection for the CA-2a, Notice of Recurrence.",https://www.federalregister.gov/documents/2026/08/19/2026-16901/proposed-extension-of-information-collection-form-ca-2a-notice-of-recurrence,https://www.govinfo.gov/content/pkg/FR-2026-08-19/pdf/2026-16901.pdf,https://public-inspection.federalregister.gov/2026-16901.pdf?1787057116
2026-16900,Agency Information Collection Activities; Submission for OMB Review; Comment Request; Attending Physician's Certification of Continuing Workers' Compensation Disability,Notice,Published,Labor Department,2026-08-19,,2026-09-18,,91 FR 53653,,The Department of Labor (DOL) is submitting this Office of Workers' Compensation Programs (OWCP)-sponsored information collection request (ICR) to the Office of Management and Budget (OMB) for review and approval in accordance with the Paperwork Reduction Act of 1995 (PRA). Public comments on the ICR are invited.,https://www.federalregister.gov/documents/2026/08/19/2026-16900/agency-information-collection-activities-submission-for-omb-review-comment-request-attending,https://www.govinfo.gov/content/pkg/FR-2026-08-19/pdf/2026-16900.pdf,https://public-inspection.federalregister.gov/2026-16900.pdf?1787057116
2026-16899,Agency Information Collection Activities; Submission for OMB Review; Comment Request; Periodic Medical Surveillance Examinations for Coal Miners,Notice,Published,Labor Department,2026-08-19,,2026-09-18,,91 FR 53664,,The Department of Labor (DOL) is submitting this Mine Safety & Health Administration (MSHA)-sponsored information collection request (ICR) to the Office of Management and Budget (OMB) for review and approval in accordance with the Paperwork Reduction Act of 1995 (PRA). Public comments on the ICR are invited.,https://www.federalregister.gov/documents/2026/08/19/2026-16899/agency-information-collection-activities-submission-for-omb-review-comment-request-periodic-medical,https://www.govinfo.gov/content/pkg/FR-2026-08-19/pdf/2026-16899.pdf,https://public-inspection.federalregister.gov/2026-16899.pdf?1787057116
2026-16898,Agency Information Collection Activities; Submission for OMB Review; Comment Request; Application for Waiver of Surface Sanitary Facilities Requirements (Pertaining to Coal Mines),Notice,Published,Labor Department,2026-08-19,,2026-09-18,,91 FR 53652,,The Department of Labor (DOL) is submitting this Mine Safety & Health Administration (MSHA)-sponsored information collection request (ICR) to the Office of Management and Budget (OMB) for review and approval in accordance with the Paperwork Reduction Act of 1995 (PRA). Public comments on the ICR are invited.,https://www.federalregister.gov/documents/2026/08/19/2026-16898/agency-information-collection-activities-submission-for-omb-review-comment-request-application-for,https://www.govinfo.gov/content/pkg/FR-2026-08-19/pdf/2026-16898.pdf,https://public-inspection.federalregister.gov/2026-16898.pdf?1787057115
2026-16897,Agency Information Collection Activities; Comment Request; Benefit Timeliness and Quality,Notice,Published,Labor Department | Employment and Training Administration,2026-08-19,,2026-10-19,,91 FR 53649,,"The Department of Labor's (DOL) Employment and Training Administration (ETA) is soliciting comments concerning a proposed revision for the authority to conduct the information collection request (ICR) titled, ""Benefit Timeliness and Quality."" This comment request is part of continuing Departmental efforts to reduce paperwork and respondent burden in accordance with the Paperwork Reduction Act of 1995 (PRA).",https://www.federalregister.gov/documents/2026/08/19/2026-16897/agency-information-collection-activities-comment-request-benefit-timeliness-and-quality,https://www.govinfo.gov/content/pkg/FR-2026-08-19/pdf/2026-16897.pdf,https://public-inspection.federalregister.gov/2026-16897.pdf?1787057115
2026-16896,Agency Information Collection Activities; Submission for OMB Review; Comment Request; Securing Financial Obligations Under the Longshore and Harbor Workers' Compensation Act and Its Extensions,Notice,Published,Labor Department,2026-08-19,,2026-09-18,,91 FR 53652,,The Department of Labor (DOL) is submitting this Office of Workers' Compensation Programs (OWCP)-sponsored information collection request (ICR) to the Office of Management and Budget (OMB) for review and approval in accordance with the Paperwork Reduction Act of 1995 (PRA). Public comments on the ICR are invited.,https://www.federalregister.gov/documents/2026/08/19/2026-16896/agency-information-collection-activities-submission-for-omb-review-comment-request-securing,https://www.govinfo.gov/content/pkg/FR-2026-08-19/pdf/2026-16896.pdf,https://public-inspection.federalregister.gov/2026-16896.pdf?1787057115
2026-16895,Agency Information Collection Activities; Submission for OMB Review; Consumer Price Index Commodities and Services Survey,Notice,Published,Labor Department | Labor Statistics Bureau,2026-08-19,,2026-09-18,,91 FR 53664,,The Department of Labor (DOL) is submitting this Bureau of Labor Statistics (BLS)-sponsored information collection request (ICR) to the Office of Management and Budget (OMB) for review and approval in accordance with the Paperwork Reduction Act of 1995 (PRA). Public comments on the ICR are invited.,https://www.federalregister.gov/documents/2026/08/19/2026-16895/agency-information-collection-activities-submission-for-omb-review-consumer-price-index-commodities,https://www.govinfo.gov/content/pkg/FR-2026-08-19/pdf/2026-16895.pdf,https://public-inspection.federalregister.gov/2026-16895.pdf?1787057115
2026-16894,Agency Information Collection Activities; Submission for OMB Review; Comment Request; Health Standards for Diesel Particulate Matter Exposure (Underground Coal Mines),Notice,Published,Labor Department,2026-08-19,,2026-09-18,,91 FR 53654,,The Department of Labor (DOL) is submitting this Mine Safety & Health Administration (MSHA)-sponsored information collection request (ICR) to the Office of Management and Budget (OMB) for review and approval in accordance with the Paperwork Reduction Act of 1995 (PRA). Public comments on the ICR are invited.,https://www.federalregister.gov/documents/2026/08/19/2026-16894/agency-information-collection-activities-submission-for-omb-review-comment-request-health-standards,https://www.govinfo.gov/content/pkg/FR-2026-08-19/pdf/2026-16894.pdf,https://public-inspection.federalregister.gov/2026-16894.pdf?1787057115
2026-16893,Agency Information Collection Activities; Submission for OMB Review; Comment Request; Radiation Sampling and Exposure Records,Notice,Published,Labor Department,2026-08-19,,2026-09-18,,91 FR 53656,,The Department of Labor (DOL) is submitting this Mine Safety & Health Administration (MSHA)-sponsored information collection request (ICR) to the Office of Management and Budget (OMB) for review and approval in accordance with the Paperwork Reduction Act of 1995 (PRA). Public comments on the ICR are invited.,https://www.federalregister.gov/documents/2026/08/19/2026-16893/agency-information-collection-activities-submission-for-omb-review-comment-request-radiation,https://www.govinfo.gov/content/pkg/FR-2026-08-19/pdf/2026-16893.pdf,https://public-inspection.federalregister.gov/2026-16893.pdf?1787057115
2026-16892,Agency Information Collection Activities; Submission for OMB Review; Comment Request; Defined Benefit Plan Annual Funding Notice,Notice,Published,Labor Department,2026-08-19,,2026-09-18,,91 FR 53656,,The Department of Labor (DOL) is submitting this Employee Benefits Security Administration (EBSA)-sponsored information collection request (ICR) to the Office of Management and Budget (OMB) for review and approval in accordance with the Paperwork Reduction Act of 1995 (PRA). Public comments on the ICR are invited.,https://www.federalregister.gov/documents/2026/08/19/2026-16892/agency-information-collection-activities-submission-for-omb-review-comment-request-defined-benefit,https://www.govinfo.gov/content/pkg/FR-2026-08-19/pdf/2026-16892.pdf,https://public-inspection.federalregister.gov/2026-16892.pdf?1787057115
2026-16891,"Agency Information Collection Activities; Submission for OMB Review; Comment Request; Summary Plan Description Requirements Under the Employee Retirement Income Security Act of 1974, as Amended",Notice,Published,Labor Department,2026-08-19,,2026-09-18,,91 FR 53654,,The Department of Labor (DOL) is submitting this Employee Benefits Security Administration (EBSA)-sponsored information collection request (ICR) to the Office of Management and Budget (OMB) for review and approval in accordance with the Paperwork Reduction Act of 1995 (PRA). Public comments on the ICR are invited.,https://www.federalregister.gov/documents/2026/08/19/2026-16891/agency-information-collection-activities-submission-for-omb-review-comment-request-summary-plan,https://www.govinfo.gov/content/pkg/FR-2026-08-19/pdf/2026-16891.pdf,https://public-inspection.federalregister.gov/2026-16891.pdf?1787057115
2026-16890,Mechanical Power Press Standard; Extension of the Office of Management and Budget (OMB) Approval of Information Collection (Paperwork) Requirements,Notice,Published,Labor Department | Occupational Safety and Health Administration,2026-08-19,,2026-10-19,,91 FR 53665,Docket No. OSHA-2010-0026,OSHA solicits public comments concerning the proposal to extend the Office of Management and Budget's (OMB) approval of the information collection requirements specified in the Mechanical Power Press Standard.,https://www.federalregister.gov/documents/2026/08/19/2026-16890/mechanical-power-press-standard-extension-of-the-office-of-management-and-budget-omb-approval-of,https://www.govinfo.gov/content/pkg/FR-2026-08-19/pdf/2026-16890.pdf,https://public-inspection.federalregister.gov/2026-16890.pdf?1787057114
2026-16885,Agency Information Collection Activities; Comment Request; Registered Apprenticeship National Public Awareness Campaign,Notice,Published,Labor Department | Employment and Training Administration,2026-08-19,,2026-10-19,,91 FR 53651,,"The Department of Labor's (DOL) Employment and Training Administration (ETA) is soliciting comments concerning a proposed new information collection request (ICR) titled, ""Registered Apprenticeship National Public Awareness Campaign."" This comment request is part of continuing Departmental efforts to reduce paperwork and respondent burden in accordance with the Paperwork Reduction Act of 1995 (PRA).",https://www.federalregister.gov/documents/2026/08/19/2026-16885/agency-information-collection-activities-comment-request-registered-apprenticeship-national-public,https://www.govinfo.gov/content/pkg/FR-2026-08-19/pdf/2026-16885.pdf,https://public-inspection.federalregister.gov/2026-16885.pdf?1787057114
2026-16883,Agency Information Collection Activities; Submission for OMB Review; Comment Request; Consent To Receive Employee Benefit Plan Disclosures Electronically,Notice,Published,Labor Department,2026-08-19,,2026-09-18,,91 FR 53655,,The Department of Labor (DOL) is submitting this Employee Benefits Security Administration (EBSA)-sponsored information collection request (ICR) to the Office of Management and Budget (OMB) for review and approval in accordance with the Paperwork Reduction Act of 1995 (PRA). Public comments on the ICR are invited.,https://www.federalregister.gov/documents/2026/08/19/2026-16883/agency-information-collection-activities-submission-for-omb-review-comment-request-consent-to,https://www.govinfo.gov/content/pkg/FR-2026-08-19/pdf/2026-16883.pdf,https://public-inspection.federalregister.gov/2026-16883.pdf?1787057114
2026-16882,Proposed Extension Without Change of a Currently Approved Information Collection: Claim for Continuance of Compensation,Notice,Published,Labor Department | Workers' Compensation Programs Office,2026-08-19,,2026-10-19,,91 FR 53666,OMB Control No. 1240-0015,"The Department of Labor, as part of its continuing effort to reduce paperwork and respondent burden, conducts a pre-clearance request for comment to provide the general public and Federal agencies with an opportunity to comment on proposed collections of information in accordance with the Paperwork Reduction Act of 1995. This request helps to ensure that: requested data can be provided in the desired format; reporting burden (time and financial resources) is minimized; collection instruments are clearly understood; and the impact of collection requirements on respondents can be properly assessed. Currently, the Office of Workers' Compensation Programs, Division of Federal Employees' Compensation, (OWCP/DFEC) is soliciting comments on the information collection for the CA-12, Claim for Continuance of Compensation.",https://www.federalregister.gov/documents/2026/08/19/2026-16882/proposed-extension-without-change-of-a-currently-approved-information-collection-claim-for,https://www.govinfo.gov/content/pkg/FR-2026-08-19/pdf/2026-16882.pdf,https://public-inspection.federalregister.gov/2026-16882.pdf?1787057113
2026-16880,Agency Information Collection Activities; Request for Public Comment,Notice,Published,Labor Department,2026-08-19,,2026-10-19,,91 FR 53657,,"The Department of Labor (the Department), in accordance with the Paperwork Reduction Act, provides the general public and Federal agencies with an opportunity to comment on proposed and continuing collections of information. This helps the Department assess the impact of its information collection requirements and minimize the public's reporting burden. It also helps the public understand the Department's information collection requirements and provide the requested data in the desired format. The Employee Benefits Security Administration (EBSA) is soliciting comments on the proposed extension of the information collection requests (ICRs) described below. A copy of the ICRs may be obtained by contacting the office listed in the ADDRESSES section of this notice. ICRs also are available at reginfo.gov (http:// www.reginfo.gov/public/do/PRAMain).",https://www.federalregister.gov/documents/2026/08/19/2026-16880/agency-information-collection-activities-request-for-public-comment,https://www.govinfo.gov/content/pkg/FR-2026-08-19/pdf/2026-16880.pdf,https://public-inspection.federalregister.gov/2026-16880.pdf?1787057113
2026-16876,"Agency Information Collection Activities: Notice of Intent To Extend Collection 3038-0059: Part 41, Relating to Security Futures Products",Notice,Published,Commodity Futures Trading Commission,2026-08-19,,2026-10-19,,91 FR 53610,,"The Commodity Futures Trading Commission (""Commission"" or ""CFTC"") is announcing an opportunity for public comment on the proposed renewal of a collection of certain information by the agency. Under the Paperwork Reduction Act (""PRA""), Federal agencies are required to publish notice in the Federal Register concerning each proposed collection of information, including each proposed extension of an existing collection of information, and to allow 60 days for public comment. This notice solicits comments on collection requirements relating to security futures products.",https://www.federalregister.gov/documents/2026/08/19/2026-16876/agency-information-collection-activities-notice-of-intent-to-extend-collection-3038-0059-part-41,https://www.govinfo.gov/content/pkg/FR-2026-08-19/pdf/2026-16876.pdf,https://public-inspection.federalregister.gov/2026-16876.pdf?1787057113
2026-16872,New Postal Products,Notice,Published,Postal Regulatory Commission,2026-08-19,,2026-08-24,,91 FR 53676,Docket Nos. MC2026-341 and K2026-347 | MC2026-346 and K2026-340,"The Commission is noticing a recent Postal Service filing for the Commission's consideration concerning a negotiated service agreement. This notice informs the public of the filing, invites public comment, and takes other administrative steps.",https://www.federalregister.gov/documents/2026/08/19/2026-16872/new-postal-products,https://www.govinfo.gov/content/pkg/FR-2026-08-19/pdf/2026-16872.pdf,https://public-inspection.federalregister.gov/2026-16872.pdf?1787057112
2026-16864,"Palisades Energy, LLC; Palisades Nuclear Plant; Exemption",Notice,Published,Nuclear Regulatory Commission,2026-08-19,,,,91 FR 53669,Docket No. 50-255 | NRC-2026-3796,"The U.S. Nuclear Regulatory Commission (NRC) has issued an exemption in response to a request dated July 10, 2026, as supplemented by letter dated July 30, 2026, from Palisades Energy, LLC. The exemption authorizes a one-time exemption to allow Operations personnel use of the less restrictive work hour limitations described in NRC regulations for a period of no more than 60 days commencing upon core reload, or until Palisades is connected to the electrical grid, whichever occurs first.",https://www.federalregister.gov/documents/2026/08/19/2026-16864/palisades-energy-llc-palisades-nuclear-plant-exemption,https://www.govinfo.gov/content/pkg/FR-2026-08-19/pdf/2026-16864.pdf,https://public-inspection.federalregister.gov/2026-16864.pdf?1787057111
2026-16861,"Light-Walled Rectangular Pipe and Tube From China, Mexico, South Korea, and Turkey; Determinations",Notice,Published,International Trade Commission,2026-08-19,,,,91 FR 53633,Investigation Nos. 701-TA-449 and 731-TA-1118-1121 (Third Review),,https://www.federalregister.gov/documents/2026/08/19/2026-16861/light-walled-rectangular-pipe-and-tube-from-china-mexico-south-korea-and-turkey-determinations,https://www.govinfo.gov/content/pkg/FR-2026-08-19/pdf/2026-16861.pdf,https://public-inspection.federalregister.gov/2026-16861.pdf?1787057111
2026-16860,Advisory Board; Notice of Meeting,Notice,Published,Justice Department | National Institute of Corrections,2026-08-19,,,,91 FR 53647,4410-36,,https://www.federalregister.gov/documents/2026/08/19/2026-16860/advisory-board-notice-of-meeting,https://www.govinfo.gov/content/pkg/FR-2026-08-19/pdf/2026-16860.pdf,https://public-inspection.federalregister.gov/2026-16860.pdf?1787057111
2026-16859,Amending Procedures for Submissions by Importers of Automobiles Qualifying for Preferential Tariff Treatment Under the USMCA To Determine U.S. Content,Notice,Published,Commerce Department | International Trade Administration,2026-08-19,,2026-08-19,,91 FR 53602,Docket No. 260811-0485,"In Proclamation 10908 of March 26, 2025, ""Adjusting Imports of Automobiles and Automobile Parts Into the United States,"" the President imposed additional tariffs on imports of specified automobiles and automobile parts to eliminate the threat to national security posed by such imports. That Proclamation also provided that for automobiles that qualify for preferential tariff treatment under the United States-Mexico-Canada Agreement (USMCA), importers of such automobiles may submit documentation to the Secretary of Commerce (Secretary) identifying the amount of U.S. content in each model imported into the United States. In a Federal Register Notice published on May 20, 2025, ""Procedures for Submission by Importers of Automobiles Qualifying for Preferential Tariff Treatment Under the USMCA to Determine U.S. Content,"" the Department of Commerce (Department) established procedures for submission and review of such documentation. This Notice amends those procedures to conform those procedures with the submission timelines for medium- and heavy-duty vehicles, consistent with Proclamation 10984 of October 17, 2025, ""Adjusting Imports of Medium- and Heavy-Duty Vehicles, Medium- and Heavy-Duty Vehicle Parts, and Buses Into the United States.""",https://www.federalregister.gov/documents/2026/08/19/2026-16859/amending-procedures-for-submissions-by-importers-of-automobiles-qualifying-for-preferential-tariff,https://www.govinfo.gov/content/pkg/FR-2026-08-19/pdf/2026-16859.pdf,https://public-inspection.federalregister.gov/2026-16859.pdf?1787057111
2026-16854,"Self-Regulatory Organizations; Cboe BZX Exchange, Inc.; Notice of Filing of a Proposed Rule Change To List and Trade Shares of 3x Gold ETF, 3x Silver ETF, 3x Bitcoin ETF, 3x Ether ETF, 3x Crude Oil ETF, and 3x Natural Gas ETF, Each a Series of the VS Trust, Under BZX Rule 14.11(e)(4) (Commodity-Based Trust Shares)",Notice,Published,Securities and Exchange Commission,2026-08-19,,,,91 FR 53686,Release No. 34-106137 | File No. SR-CboeBZX-2026-065,,https://www.federalregister.gov/documents/2026/08/19/2026-16854/self-regulatory-organizations-cboe-bzx-exchange-inc-notice-of-filing-of-a-proposed-rule-change-to,https://www.govinfo.gov/content/pkg/FR-2026-08-19/pdf/2026-16854.pdf,https://public-inspection.federalregister.gov/2026-16854.pdf?1787057110
2026-16851,"Virginia Electric and Power Company, (Doing Business as Dominion Energy Virginia); North Anna Site; Early Site Permit Renewal Application",Notice,Published,Nuclear Regulatory Commission,2026-08-19,,,,91 FR 53674,Docket No. 52-008 | NRC-2008-0476,"The U.S. Nuclear Regulatory Commission (NRC) is providing public notice each week, for four consecutive weeks, of receipt and availability of an application for renewal of early site permit (ESP) ESP-003 for the North Anna ESP site from Virginia Electric and Power Company, doing business as (dba) Dominion Energy Virginia. Renewal of the ESP would allow the licensee to reference ESP-003 in a construction permit (CP) or combined license (COL) application for an additional 20- year period beyond the period specified in the ESP. The location for the North Anna ESP site is in Louisa County, Virginia, and the current ESP-003 expires on November 27, 2027.",https://www.federalregister.gov/documents/2026/08/19/2026-16851/virginia-electric-and-power-company-doing-business-as-dominion-energy-virginia-north-anna-site-early,https://www.govinfo.gov/content/pkg/FR-2026-08-19/pdf/2026-16851.pdf,https://public-inspection.federalregister.gov/2026-16851.pdf?1787057110
2026-16850,"United States of America, et al. v. CRH PLC, et al. Proposed Final Judgment and Competitive Impact Statement",Notice,Published,Justice Department | Antitrust Division,2026-08-19,,,,91 FR 53633,,,https://www.federalregister.gov/documents/2026/08/19/2026-16850/united-states-of-america-et-al-v-crh-plc-et-al-proposed-final-judgment-and-competitive-impact,https://www.govinfo.gov/content/pkg/FR-2026-08-19/pdf/2026-16850.pdf,https://public-inspection.federalregister.gov/2026-16850.pdf?1787057110
2026-16849,Privacy Act of 1974; Re-Established Matching Program,Notice,Published,Personnel Management Office,2026-08-19,,2026-10-20,,91 FR 53675,Docket ID: OPM-2024-0003,"In accordance with the Privacy Act of 1974, as amended, and Office of Management and Budget (OMB) Circular A-108, the U.S. Office of Personnel Management (OPM) is providing notice of the re- establishment of a matching program between OPM and the Social Security Administration (SSA) under Computer Matching Agreement (CMA) No. 1045. The purpose of the matching program is to enable SSA to disclose wage and self-employment income information to OPM for use in determining continued eligibility for certain retirement and survivor benefits subject to statutory earnings limitations.",https://www.federalregister.gov/documents/2026/08/19/2026-16849/privacy-act-of-1974-re-established-matching-program,https://www.govinfo.gov/content/pkg/FR-2026-08-19/pdf/2026-16849.pdf,https://public-inspection.federalregister.gov/2026-16849.pdf?1787057109
2026-16848,Silicon Metal From Australia and Norway; Determinations,Notice,Published,International Trade Commission,2026-08-19,,,,91 FR 53632,"Investigation Nos. 701-TA-760, 701-TA-762, 731-TA-1744, 731-TA-1746 (Final)",,https://www.federalregister.gov/documents/2026/08/19/2026-16848/silicon-metal-from-australia-and-norway-determinations,https://www.govinfo.gov/content/pkg/FR-2026-08-19/pdf/2026-16848.pdf,https://public-inspection.federalregister.gov/2026-16848.pdf?1787057109
2026-16847,Agency Information Collection Activities; Comment Request on Annual Certification for Multiemployer Defined Benefit Plans,Notice,Published,Treasury Department | Internal Revenue Service,2026-08-19,,2026-10-19,,91 FR 53695,,"In accordance with the Paperwork Reduction Act of 1995, the IRS is inviting comments on the information collection request outlined in this notice.",https://www.federalregister.gov/documents/2026/08/19/2026-16847/agency-information-collection-activities-comment-request-on-annual-certification-for-multiemployer,https://www.govinfo.gov/content/pkg/FR-2026-08-19/pdf/2026-16847.pdf,https://public-inspection.federalregister.gov/2026-16847.pdf?1787057110
2026-16845,"Agency Information Collection Activities; Submission to the Office of Management and Budget for Review and Approval; Comment Request; EIB 10-04, Notice of Claim and Proof of Loss, Working Capital Guarantee",Notice,Published,Export-Import Bank,2026-08-18,,2026-10-19,,91 FR 53414,Public Notice: EIB-2026-0232,"The Export-Import Bank of the United States (Ex-Im Bank), as part of its continuing effort to reduce paperwork and respondent burden, invites the general public and other Federal Agencies to comment on the proposed information collection, as required by the Paperwork Reduction Act of 1995.",https://www.federalregister.gov/documents/2026/08/18/2026-16845/agency-information-collection-activities-submission-to-the-office-of-management-and-budget-for,https://www.govinfo.gov/content/pkg/FR-2026-08-18/pdf/2026-16845.pdf,https://public-inspection.federalregister.gov/2026-16845.pdf?1786970729
2026-16844,Notice of Request for Revision to and Extension of Approval of an Information Collection; Animal Care; Standards for Birds Not Bred for Use in Research Under the Animal Welfare Act,Notice,Published,Agriculture Department | Animal and Plant Health Inspection Service,2026-08-18,,2026-10-19,,91 FR 53398,Docket No. APHIS-2026-1354,"In accordance with the Paperwork Reduction Act of 1995, this notice announces the Animal and Plant Health Inspection Service's intention to request a revision to and extension of approval of an information collection associated with the Animal Welfare Act regulations for the humane handling, care, treatment, and transportation of birds not bred for use in research by dealers, exhibitors, operators of auction sales, research facilities, carriers and intermediate handlers.",https://www.federalregister.gov/documents/2026/08/18/2026-16844/notice-of-request-for-revision-to-and-extension-of-approval-of-an-information-collection-animal-care,https://www.govinfo.gov/content/pkg/FR-2026-08-18/pdf/2026-16844.pdf,https://public-inspection.federalregister.gov/2026-16844.pdf?1786970729
2026-16843,Notice of Agreements Filed,Notice,Published,Federal Maritime Commission,2026-08-18,,,,91 FR 53414,,,https://www.federalregister.gov/documents/2026/08/18/2026-16843/notice-of-agreements-filed,https://www.govinfo.gov/content/pkg/FR-2026-08-18/pdf/2026-16843.pdf,https://public-inspection.federalregister.gov/2026-16843.pdf?1786970729
2026-16842,Title: Notice of Public Meeting in Preparation for the International Maritime Organization's CCC 12,Notice,Published,State Department,2026-08-18,,,,91 FR 53475,Public Notice 13102,,https://www.federalregister.gov/documents/2026/08/18/2026-16842/title-notice-of-public-meeting-in-preparation-for-the-international-maritime-organizations-ccc-12,https://www.govinfo.gov/content/pkg/FR-2026-08-18/pdf/2026-16842.pdf,https://public-inspection.federalregister.gov/2026-16842.pdf?1786970729
2026-16841,Request for Comments and Notice of Public Hearing Concerning China's Compliance With WTO Commitments,Notice,Published,"Trade Representative, Office of United States",2026-08-18,,,,91 FR 53476,Docket Number USTR-2026-0496,The Office of the United States Trade Representative (USTR) is seeking public comments to assist in the preparation of its annual report to Congress on China's compliance with its obligations as a Member of the World Trade Organization (WTO). This notice includes the schedule for the submission of comments for the China report and a public hearing.,https://www.federalregister.gov/documents/2026/08/18/2026-16841/request-for-comments-and-notice-of-public-hearing-concerning-chinas-compliance-with-wto-commitments,https://www.govinfo.gov/content/pkg/FR-2026-08-18/pdf/2026-16841.pdf,https://public-inspection.federalregister.gov/2026-16841.pdf?1786970729
2026-16838,"Nominations to the Federal Insecticide, Fungicide, and Rodenticide Act Scientific Advisory Panel (FIFRA SAP); Request for Comments",Notice,Published,Environmental Protection Agency,2026-08-18,,2026-09-08,,91 FR 53412,EPA-HQ-OPP-2026-5679 | FRL-13538-01-OCSPP,"The Environmental Protection Agency (EPA or the Agency) is now accepting public comments on the experts the Agency is considering for membership on the Federal Insecticide, Fungicide, and Rodenticide Act (FIFRA) Scientific Advisory Panel (SAP). This document identifies the individuals nominated. The Agency anticipates selecting from those nominees that are identified as interested and available to appoint two new SAP members by October 2026 due to expiring membership terms. Public comments on these nominations will be used to assist the Agency in selecting the new members for the FIFRA SAP.",https://www.federalregister.gov/documents/2026/08/18/2026-16838/nominations-to-the-federal-insecticide-fungicide-and-rodenticide-act-scientific-advisory-panel-fifra,https://www.govinfo.gov/content/pkg/FR-2026-08-18/pdf/2026-16838.pdf,https://public-inspection.federalregister.gov/2026-16838.pdf?1786970728
2026-16836,"Foreign-Trade Zone 16; Application for Subzone; Yazaki North America, Inc.; Petoskey, Michigan",Notice,Published,Commerce Department | Foreign-Trade Zones Board,2026-08-18,,,,91 FR 53402,S-406-2026,,https://www.federalregister.gov/documents/2026/08/18/2026-16836/foreign-trade-zone-16-application-for-subzone-yazaki-north-america-inc-petoskey-michigan,https://www.govinfo.gov/content/pkg/FR-2026-08-18/pdf/2026-16836.pdf,https://public-inspection.federalregister.gov/2026-16836.pdf?1786970728
2026-16831,"Self-Regulatory Organizations; New York Stock Exchange LLC; Notice of Filing of Amendment No. 2 and Order Granting Accelerated Approval of a Proposed Rule Change, as Modified by Amendment No. 2, To Amend Section 802.01C of the NYSE Listed Company Manual",Notice,Published,Securities and Exchange Commission,2026-08-18,,,,91 FR 53458,Release No. 34-106133 | File No. SR-NYSE-2025-43,,https://www.federalregister.gov/documents/2026/08/18/2026-16831/self-regulatory-organizations-new-york-stock-exchange-llc-notice-of-filing-of-amendment-no-2-and,https://www.govinfo.gov/content/pkg/FR-2026-08-18/pdf/2026-16831.pdf,https://public-inspection.federalregister.gov/2026-16831.pdf?1786970727
2026-16830,"Self-Regulatory Organizations; NYSE American LLC; Notice of Filing of Amendment No. 4 and Order Granting Accelerated Approval of a Proposed Rule Change, as Modified by Amendment No. 4, To Amend Section 1003 of the NYSE American Company Guide",Notice,Published,Securities and Exchange Commission,2026-08-18,,,,91 FR 53436,Release No. 34-106134 | File No. SR-NYSEAMER-2025-72,,https://www.federalregister.gov/documents/2026/08/18/2026-16830/self-regulatory-organizations-nyse-american-llc-notice-of-filing-of-amendment-no-4-and-order,https://www.govinfo.gov/content/pkg/FR-2026-08-18/pdf/2026-16830.pdf,https://public-inspection.federalregister.gov/2026-16830.pdf?1786970727
2026-16827,Agency Information Collection Activities; Proposed Collection; Comment Request; Extension,Notice,Published,Federal Trade Commission,2026-08-18,,2026-09-17,,91 FR 53415,,"The Federal Trade Commission (FTC or Commission) requests that the Office of Management and Budget (OMB) extend for three years the current Paperwork Reduction Act (PRA) clearance for its Trade Regulation Rule on Disclosure Requirements and Prohibitions Concerning Franchising (Franchise Rule or Rule). The current clearance expires on August 31, 2026.",https://www.federalregister.gov/documents/2026/08/18/2026-16827/agency-information-collection-activities-proposed-collection-comment-request-extension,https://www.govinfo.gov/content/pkg/FR-2026-08-18/pdf/2026-16827.pdf,https://public-inspection.federalregister.gov/2026-16827.pdf?1786970726
2026-16825,Commission Meeting,Notice,Published,Susquehanna River Basin Commission,2026-08-18,,,,91 FR 53476,,"The Susquehanna River Basin Commission will conduct its regular business meeting on September 16, 2026 in Bloomsburg, Pennsylvania. Details concerning the matters to be addressed at the business meeting are contained in the Supplementary Information section of this notice. Also, the Commission published a document in the Federal Register July 1, 2026 concerning its public hearing on July 30th, in Harrisburg, Pennsylvania.",https://www.federalregister.gov/documents/2026/08/18/2026-16825/commission-meeting,https://www.govinfo.gov/content/pkg/FR-2026-08-18/pdf/2026-16825.pdf,https://public-inspection.federalregister.gov/2026-16825.pdf?1786970727
2026-16824,Agency Information Collection Activities; Submission for OMB Review; Comment Request; Extension: Rule 17g-1 and Form NRSRO,Notice,Published,Securities and Exchange Commission,2026-08-18,,,,91 FR 53436,OMB Control No. 3235-0625,,https://www.federalregister.gov/documents/2026/08/18/2026-16824/agency-information-collection-activities-submission-for-omb-review-comment-request-extension-rule,https://www.govinfo.gov/content/pkg/FR-2026-08-18/pdf/2026-16824.pdf,https://public-inspection.federalregister.gov/2026-16824.pdf?1786970726
2026-16823,Agency Information Collection Activities; Submission for OMB Review; Comment Request; Extension: Rule 17g-2,Notice,Published,Securities and Exchange Commission,2026-08-18,,,,91 FR 53447,OMB Control No. 3235-0628,,https://www.federalregister.gov/documents/2026/08/18/2026-16823/agency-information-collection-activities-submission-for-omb-review-comment-request-extension-rule,https://www.govinfo.gov/content/pkg/FR-2026-08-18/pdf/2026-16823.pdf,https://public-inspection.federalregister.gov/2026-16823.pdf?1786970726
2026-16822,Agency Information Collection Activities; Proposed Collection; Comment Request; Extension: Rule 17g-1,Notice,Published,Securities and Exchange Commission,2026-08-18,,,,91 FR 53468,OMB Control No. 3235-0213,,https://www.federalregister.gov/documents/2026/08/18/2026-16822/agency-information-collection-activities-proposed-collection-comment-request-extension-rule-17g-1,https://www.govinfo.gov/content/pkg/FR-2026-08-18/pdf/2026-16822.pdf,https://public-inspection.federalregister.gov/2026-16822.pdf?1786970725
2026-16821,Agency Information Collection Activities; Proposed Collection; Comment Request; Extension: Rule 17Ad-3(b),Notice,Published,Securities and Exchange Commission,2026-08-18,,,,91 FR 53453,OMB Control No. 3235-0473,,https://www.federalregister.gov/documents/2026/08/18/2026-16821/agency-information-collection-activities-proposed-collection-comment-request-extension-rule-17ad-3b,https://www.govinfo.gov/content/pkg/FR-2026-08-18/pdf/2026-16821.pdf,https://public-inspection.federalregister.gov/2026-16821.pdf?1786970725
2026-16820,Agency Information Collection Activities; Submission for OMB Review; Comment Request; Extension: Form SF-3,Notice,Published,Securities and Exchange Commission,2026-08-18,,,,91 FR 53435,OMB Control No. 3235-0690,,https://www.federalregister.gov/documents/2026/08/18/2026-16820/agency-information-collection-activities-submission-for-omb-review-comment-request-extension-form,https://www.govinfo.gov/content/pkg/FR-2026-08-18/pdf/2026-16820.pdf,https://public-inspection.federalregister.gov/2026-16820.pdf?1786970725
2026-16819,Agency Information Collection Activities; Submission for OMB Review; Comment Request; Extension: Form SF-1,Notice,Published,Securities and Exchange Commission,2026-08-18,,,,91 FR 53435,OMB Control No. 3235-0707,,https://www.federalregister.gov/documents/2026/08/18/2026-16819/agency-information-collection-activities-submission-for-omb-review-comment-request-extension-form,https://www.govinfo.gov/content/pkg/FR-2026-08-18/pdf/2026-16819.pdf,https://public-inspection.federalregister.gov/2026-16819.pdf?1786970725
2026-16818,Agency Information Collection Activities; Submission for OMB Review; Comment Request; Extension: Form 6-K-Exchange Act Rules 13a-16 and 15d-16,Notice,Published,Securities and Exchange Commission,2026-08-18,,,,91 FR 53447,OMB Control No. 3235-0116,,https://www.federalregister.gov/documents/2026/08/18/2026-16818/agency-information-collection-activities-submission-for-omb-review-comment-request-extension-form,https://www.govinfo.gov/content/pkg/FR-2026-08-18/pdf/2026-16818.pdf,https://public-inspection.federalregister.gov/2026-16818.pdf?1786970725
2026-16814,Agency Information Collection Activities; Proposed eCollection eComments Requested; Revision of a Previously Approved Collection: Title-Certification of Identity,Notice,Published,Justice Department,2026-08-18,,2026-09-17,,91 FR 53425,OMB Number 1103-0116,"The Office of Information Policy, Department of Justice (DOJ), will be submitting the following information collection request to the Office of Management and Budget (OMB) for review and approval in accordance with the Paperwork Reduction Act of 1995.",https://www.federalregister.gov/documents/2026/08/18/2026-16814/agency-information-collection-activities-proposed-ecollection-ecomments-requested-revision-of-a,https://www.govinfo.gov/content/pkg/FR-2026-08-18/pdf/2026-16814.pdf,https://public-inspection.federalregister.gov/2026-16814.pdf?1786970724
2026-16811,Certain Ink Cartridges and Components Thereof II; Notice of a Commission Determination Finding a Violation Under Section 337; Issuance of a General Exclusion Order and Cease and Desist Orders; Termination of the Investigation,Notice,Published,International Trade Commission,2026-08-18,,,,91 FR 53424,Investigation No. 337-TA-1452,"Notice is hereby given that the U.S. International Trade Commission has determined to find a violation under section 337 of the Tariff Act of 1930, as amended, and to issue a general exclusion order (""GEO"") prohibiting the importation of products that infringe claims 1 and 7 of each of the following patents: U.S. Patent Nos. 8,764,172 (""the '172 patent""); 9,370,934 (""the '934 patent""); 11,535,038 (""the '038 patent""); 12,240,248 (""the '248 patent""); and 12,240,249 (""the '249 patent""); and cease and desist orders (""CDOs"") against respondents Mountain Peak, Inc. and Straightouttaink, LP. The investigation is terminated.",https://www.federalregister.gov/documents/2026/08/18/2026-16811/certain-ink-cartridges-and-components-thereof-ii-notice-of-a-commission-determination-finding-a,https://www.govinfo.gov/content/pkg/FR-2026-08-18/pdf/2026-16811.pdf,https://public-inspection.federalregister.gov/2026-16811.pdf?1786970723
2026-16798,Biweekly Notice; Applications and Amendments to Facility Operating Licenses and Combined Licenses Involving No Significant Hazards Considerations,Notice,Published,Nuclear Regulatory Commission,2026-08-18,,2026-09-17,,91 FR 53427,NRC-2026-3994,"Pursuant to section 189a.(2) of the Atomic Energy Act of 1954, as amended (the Act), the U.S. Nuclear Regulatory Commission (NRC) is publishing this regular biweekly notice. The Act requires the Commission to publish notice of any amendments issued, or proposed to be issued, and grants the Commission the authority to issue and make immediately effective any amendment to an operating license or combined license, as applicable, upon a determination by the Commission that such amendment involves no significant hazards consideration (NSHC), notwithstanding the pendency before the Commission of a request for a hearing from any person.",https://www.federalregister.gov/documents/2026/08/18/2026-16798/biweekly-notice-applications-and-amendments-to-facility-operating-licenses-and-combined-licenses,https://www.govinfo.gov/content/pkg/FR-2026-08-18/pdf/2026-16798.pdf,https://public-inspection.federalregister.gov/2026-16798.pdf?1786970722
2026-16797,Sunshine Act Meetings,Notice,Published,Railroad Retirement Board,2026-08-18,,,,91 FR 53435,,,https://www.federalregister.gov/documents/2026/08/18/2026-16797/sunshine-act-meetings,https://www.govinfo.gov/content/pkg/FR-2026-08-18/pdf/2026-16797.pdf,https://public-inspection.federalregister.gov/2026-16797.pdf?1786720509
2026-16792,Agency Information Collection Activities; Submission to the Office of Management and Budget (OMB) for Review and Approval; Comment Request; Capital Readiness Program Online Customer Relationship Management (CRM)-Performance Databases,Notice,Published,Commerce Department | Minority Business Development Agency,2026-08-18,,2026-10-19,,91 FR 53403,,"The Department of Commerce, in accordance with the Paperwork Reduction Act of 1995 (PRA), invites the general public and other Federal agencies to comment on proposed and continuing information collections, which helps us assess the impact of our information collection requirements and minimize the public's reporting burden. The purpose of this notice is to allow for 60 days of public comment preceding submission of the collection to OMB.",https://www.federalregister.gov/documents/2026/08/18/2026-16792/agency-information-collection-activities-submission-to-the-office-of-management-and-budget-omb-for,https://www.govinfo.gov/content/pkg/FR-2026-08-18/pdf/2026-16792.pdf,https://public-inspection.federalregister.gov/2026-16792.pdf?1786970721
2026-16790,Agency Information Collection Activities; Submission to the Office of Management and Budget (OMB) for Review and Approval; Comment Request; Business Center Program Online Customer Relationship Management (CRM)-Performance Databases,Notice,Published,Commerce Department | Minority Business Development Agency,2026-08-18,,2026-10-19,,91 FR 53402,,"The Department of Commerce, in accordance with the Paperwork Reduction Act of 1995 (PRA), invites the general public and other Federal agencies to comment on proposed and continuing information collections, which helps us assess the impact of our information collection requirements and minimize the public's reporting burden. The purpose of this notice is to allow for 60 days of public comment preceding submission of the collection to OMB.",https://www.federalregister.gov/documents/2026/08/18/2026-16790/agency-information-collection-activities-submission-to-the-office-of-management-and-budget-omb-for,https://www.govinfo.gov/content/pkg/FR-2026-08-18/pdf/2026-16790.pdf,https://public-inspection.federalregister.gov/2026-16790.pdf?1786970721
2026-16786,"Self-Regulatory Organizations; National Securities Clearing Corporation; Order Approving of Proposed Rule Change To Enhance the Supplemental Liquidity Deposit Rules, Methodology and Processes",Notice,Published,Securities and Exchange Commission,2026-08-18,,,,91 FR 53454,Release No. 34-106130 | File No. SR-NSCC-2026-009,,https://www.federalregister.gov/documents/2026/08/18/2026-16786/self-regulatory-organizations-national-securities-clearing-corporation-order-approving-of-proposed,https://www.govinfo.gov/content/pkg/FR-2026-08-18/pdf/2026-16786.pdf,https://public-inspection.federalregister.gov/2026-16786.pdf?1786970720
2026-16784,Self-Regulatory Organizations; The Depository Trust Company; Order Approving Proposed Rule Change To Amend the Redemptions Service Guide and the Operational Arrangements (Necessary for Securities To Become and Remain Eligible for DTC Services),Notice,Published,Securities and Exchange Commission,2026-08-18,,,,91 FR 53473,Release No. 34-106127 | File No. SR-DTC-2026-009,,https://www.federalregister.gov/documents/2026/08/18/2026-16784/self-regulatory-organizations-the-depository-trust-company-order-approving-proposed-rule-change-to,https://www.govinfo.gov/content/pkg/FR-2026-08-18/pdf/2026-16784.pdf,https://public-inspection.federalregister.gov/2026-16784.pdf?1786970719
2026-16783,"Self-Regulatory Organizations; New York Stock Exchange LLC; Notice of Filing and Immediate Effectiveness of Proposed Rule Change of Amendments to Rules 7.31, 7.35, and 7.35B",Notice,Published,Securities and Exchange Commission,2026-08-18,,,,91 FR 53465,Release No. 34-106126 | File No. SR-NYSE-2026-36,,https://www.federalregister.gov/documents/2026/08/18/2026-16783/self-regulatory-organizations-new-york-stock-exchange-llc-notice-of-filing-and-immediate,https://www.govinfo.gov/content/pkg/FR-2026-08-18/pdf/2026-16783.pdf,https://public-inspection.federalregister.gov/2026-16783.pdf?1786970719
2026-16782,Self-Regulatory Organizations; The Options Clearing Corporation; Notice of Filing of Advance Notice Relating to The Options Clearing Corporation's Proposal To Amend the Evergreen Provisions Relating to Its Revolving Credit Facility,Notice,Published,Securities and Exchange Commission,2026-08-18,,,,91 FR 53449,Release No. 34-106129 | File No. SR-OCC-2026-802,,https://www.federalregister.gov/documents/2026/08/18/2026-16782/self-regulatory-organizations-the-options-clearing-corporation-notice-of-filing-of-advance-notice,https://www.govinfo.gov/content/pkg/FR-2026-08-18/pdf/2026-16782.pdf,https://public-inspection.federalregister.gov/2026-16782.pdf?1786970718
2026-16777,"Product Change-Priority Mail Express, Priority Mail, and USPS Ground Advantage Negotiated Service Agreements; Priority Mail, and USPS Ground Advantage Negotiated Service Agreements",Notice,Published,Postal Service,2026-08-18,,,,91 FR 53434,,The Postal Service gives notice of filing a request with the Postal Regulatory Commission to add a domestic shipping services contract to the list of Negotiated Service Agreements in the Mail Classification Schedule's Competitive Products List.,https://www.federalregister.gov/documents/2026/08/18/2026-16777/product-change-priority-mail-express-priority-mail-and-usps-ground-advantage-negotiated-service,https://www.govinfo.gov/content/pkg/FR-2026-08-18/pdf/2026-16777.pdf,https://public-inspection.federalregister.gov/2026-16777.pdf?1786970717
2026-16775,Notice of Lodging of Proposed Consent Decree Under the Clean Water Act,Notice,Published,Justice Department,2026-08-18,,,,91 FR 53426,,,https://www.federalregister.gov/documents/2026/08/18/2026-16775/notice-of-lodging-of-proposed-consent-decree-under-the-clean-water-act,https://www.govinfo.gov/content/pkg/FR-2026-08-18/pdf/2026-16775.pdf,https://public-inspection.federalregister.gov/2026-16775.pdf?1786970717
2026-16773,Proposed Renewal of Information Collection; OMB Control Number 3014-2012; Online Architectural Barriers Act (ABA) Complaint Form,Notice,Published,Architectural and Transportation Barriers Compliance Board,2026-08-18,,2026-09-17,,91 FR 53399,Docket No. ATBCB-2026-0003,"In accordance with the Paperwork Reduction Act of 1995 (PRA) (44 U.S.C. 3501 et seq.), the Architectural and Transportation Barriers Compliance Board (Access Board) has submitted the following request for renewal of information collection request titled ""Online ABA Complaint Form"" to the Office of Management and Budget (OMB) for its review and approval. The Access Board invites comment on its ""Online Architectural Barriers Act (ABA) Complaint Form."" (OMB Control No. 3014-0012). The purpose of this information collection is to provide a standardized method for members of the public to file ABA complaints with the Access Board. The information collection is scheduled to expire on October 31, 2026, and we propose to continue using the instrument for an additional three years.",https://www.federalregister.gov/documents/2026/08/18/2026-16773/proposed-renewal-of-information-collection-omb-control-number-3014-2012-online-architectural,https://www.govinfo.gov/content/pkg/FR-2026-08-18/pdf/2026-16773.pdf,https://public-inspection.federalregister.gov/2026-16773.pdf?1786970717
2026-16772,Notice of Public Meeting of the Maryland Advisory Committee to the U.S. Commission on Civil Rights,Notice,Published,Civil Rights Commission,2026-08-18,,,,91 FR 53400,,"Notice is hereby given, pursuant to the provisions of the rules and regulations of the U.S. Commission on Civil Rights (Commission) and the Federal Advisory Committee Act, that the Maryland Advisory Committee (Committee) to the Commission will hold a public meeting via Zoom. The purpose is for the committee to continue The purpose is for the committee to continue briefing planning on the chosen topic of artificial intelligence and its application in voting administration.",https://www.federalregister.gov/documents/2026/08/18/2026-16772/notice-of-public-meeting-of-the-maryland-advisory-committee-to-the-us-commission-on-civil-rights,https://www.govinfo.gov/content/pkg/FR-2026-08-18/pdf/2026-16772.pdf,https://public-inspection.federalregister.gov/2026-16772.pdf?1786970717
2026-16768,"Parvin Decentralized Fund and Parvin Fund Management, LLC",Notice,Published,Securities and Exchange Commission,2026-08-17,,,,91 FR 53286,Investment Company Act Release No. 36298 | File No. 812-16041,,https://www.federalregister.gov/documents/2026/08/17/2026-16768/parvin-decentralized-fund-and-parvin-fund-management-llc,https://www.govinfo.gov/content/pkg/FR-2026-08-17/pdf/2026-16768.pdf,https://public-inspection.federalregister.gov/2026-16768.pdf?1786711520
2026-16765,"Northern Lights Fund Trust and Ocean Park Asset Management, LLC",Notice,Published,Securities and Exchange Commission,2026-08-17,,,,91 FR 53318,Investment Company Act Release No. 36297 | File No. 812-16052,,https://www.federalregister.gov/documents/2026/08/17/2026-16765/northern-lights-fund-trust-and-ocean-park-asset-management-llc,https://www.govinfo.gov/content/pkg/FR-2026-08-17/pdf/2026-16765.pdf,https://public-inspection.federalregister.gov/2026-16765.pdf?1786711519
2026-16764,"Formations of, Acquisitions by, and Mergers of Bank Holding Companies",Notice,Published,Federal Reserve System,2026-08-17,,,,91 FR 53251,,,https://www.federalregister.gov/documents/2026/08/17/2026-16764/formations-of-acquisitions-by-and-mergers-of-bank-holding-companies,https://www.govinfo.gov/content/pkg/FR-2026-08-17/pdf/2026-16764.pdf,https://public-inspection.federalregister.gov/2026-16764.pdf?1786711519
2026-16763,Notice of Receipt of Complaint; Solicitation of Comments Relating to the Public Interest,Notice,Published,International Trade Commission,2026-08-17,,,,91 FR 53278,,"Notice is hereby given that the U.S. International Trade Commission has received a complaint entitled Certain Dynamic Random Access Memory (DRAM) Devices, Products Containing the Same, and Components Thereof (III), DN 3930; the Commission is soliciting comments on any public interest issues raised by the complaint or complainant's filing pursuant to the Commission's Rules of Practice and Procedure.",https://www.federalregister.gov/documents/2026/08/17/2026-16763/notice-of-receipt-of-complaint-solicitation-of-comments-relating-to-the-public-interest,https://www.govinfo.gov/content/pkg/FR-2026-08-17/pdf/2026-16763.pdf,https://public-inspection.federalregister.gov/2026-16763.pdf?1786711519
2026-16762,Change in Bank Control Notices; Acquisitions of Shares of a Bank or Bank Holding Company,Notice,Published,Federal Reserve System,2026-08-17,,,,91 FR 53250,,,https://www.federalregister.gov/documents/2026/08/17/2026-16762/change-in-bank-control-notices-acquisitions-of-shares-of-a-bank-or-bank-holding-company,https://www.govinfo.gov/content/pkg/FR-2026-08-17/pdf/2026-16762.pdf,https://public-inspection.federalregister.gov/2026-16762.pdf?1786711519
2026-16755,Pesticide Program Dialogue Committee (PPDC); Notice of Charter Reestablishment; Request for Nominations,Notice,Published,Environmental Protection Agency,2026-08-17,,2026-09-16,,91 FR 53247,EPA-HQ-OPP-2025-1774 | FRL-12984-01-OCSPP,"Notice is hereby given that the Environmental Protection Agency (EPA) has determined that, in accordance with the provisions of the Federal Advisory Committee Act (FACA), the Pesticide Program Dialogue Committee (PPDC) is in public interest and is necessary in connection with the performance of EPA's duties. Accordingly, PPDC will be reestablished for a two-year period and renewed as determined necessary. Copies of the PPDC charter will be filed with the appropriate congressional committees and the Library of Congress. In addition, EPA is seeking member nominations for the PPDC from qualified candidates to serve a two-year term. The purpose of PPDC is to provide advice and recommendations to the EPA Administrator on issues associated with regulatory development and reform initiatives, evolving public policy and program implementation issues, and science issues associated with evaluating and reducing risks from use of pesticides. To maintain the representation outlined by the charter, nominees will be selected to represent: pesticide industry and trade associations; pesticide user, grower, and commodity groups; federal, state, local, and tribal governments; academia; animal welfare and public health organizations; environmental and public interest organizations; farm worker organizations; and the general public. Vacancies are expected to be filled by November 2026.",https://www.federalregister.gov/documents/2026/08/17/2026-16755/pesticide-program-dialogue-committee-ppdc-notice-of-charter-reestablishment-request-for-nominations,https://www.govinfo.gov/content/pkg/FR-2026-08-17/pdf/2026-16755.pdf,https://public-inspection.federalregister.gov/2026-16755.pdf?1786711518
2026-16753,Aluminum Extrusions From the People's Republic of China: Final Results of Antidumping Duty Administrative Review; 2024-2025,Notice,Published,Commerce Department | International Trade Administration,2026-08-17,,,,91 FR 53224,A-570-967,"The U.S. Department of Commerce (Commerce) determines that the 18 companies under review of the antidumping duty (AD) order on aluminum extrusions from the People's Republic of China (China), covering the period of review (POR) May 1, 2024, through April 30, 2025, are not eligible to receive a separate rate and are, therefore, part of the China-wide entity.",https://www.federalregister.gov/documents/2026/08/17/2026-16753/aluminum-extrusions-from-the-peoples-republic-of-china-final-results-of-antidumping-duty,https://www.govinfo.gov/content/pkg/FR-2026-08-17/pdf/2026-16753.pdf,https://public-inspection.federalregister.gov/2026-16753.pdf?1786711518
2026-16752,"Foreign-Trade Zone (FTZ) 176, Notification of Proposed Production Activity; Coilcraft, Inc.; (Ferrous Iron Pre-Fabrication Material); Princeton, Illinois",Notice,Published,Commerce Department | Foreign-Trade Zones Board,2026-08-17,,,,91 FR 53224,B-101-2026,,https://www.federalregister.gov/documents/2026/08/17/2026-16752/foreign-trade-zone-ftz-176-notification-of-proposed-production-activity-coilcraft-inc-ferrous-iron,https://www.govinfo.gov/content/pkg/FR-2026-08-17/pdf/2026-16752.pdf,https://public-inspection.federalregister.gov/2026-16752.pdf?1786711517
2026-16751,Agency Information Collection Activities; Oil and Gas Drilling Operations,Notice,Published,Interior Department | Safety and Environmental Enforcement Bureau,2026-08-17,,2026-10-16,,91 FR 53276,Docket ID BSEE-2026-0232 | EEEE500000 256E1700D2 ET1SF0000.EAQ000 | OMB Control Number 1014-0018,"In accordance with the Paperwork Reduction Act (PRA) of 1995, the Bureau of Safety and Environmental Enforcement (BSEE) proposes to renew an information collection.",https://www.federalregister.gov/documents/2026/08/17/2026-16751/agency-information-collection-activities-oil-and-gas-drilling-operations,https://www.govinfo.gov/content/pkg/FR-2026-08-17/pdf/2026-16751.pdf,https://public-inspection.federalregister.gov/2026-16751.pdf?1786711517
2026-16747,Agency Information Collection Activities; Proposed eCollection eComments Requested; New Collection: Title-Requests for DOJ Certification Letters for T Visa Holders,Notice,Published,Justice Department,2026-08-17,,2026-09-16,,91 FR 53280,OMB Number 1123-1NEW,"The Criminal Division, Department of Justice (DOJ), will be submitting the following information collection request to the Office of Management and Budget (OMB) for review and approval in accordance with the Paperwork Reduction Act of 1995.",https://www.federalregister.gov/documents/2026/08/17/2026-16747/agency-information-collection-activities-proposed-ecollection-ecomments-requested-new-collection,https://www.govinfo.gov/content/pkg/FR-2026-08-17/pdf/2026-16747.pdf,https://public-inspection.federalregister.gov/2026-16747.pdf?1786711517
2026-16744,Request for Comments on Community Outreach Office Locations in the Southwest States,Notice,Published,Commerce Department | Patent and Trademark Office,2026-08-17,,2026-09-16,,91 FR 53237,Docket No. PTO-C-2026-0562,"The United States Patent and Trademark Office (USPTO or Office) is seeking information to consider regarding the selection of locations for one or more community outreach offices (COOs) in the agency's Southwest Region, which comprises Arizona, Texas, New Mexico, Oklahoma, Kansas, and Missouri.",https://www.federalregister.gov/documents/2026/08/17/2026-16744/request-for-comments-on-community-outreach-office-locations-in-the-southwest-states,https://www.govinfo.gov/content/pkg/FR-2026-08-17/pdf/2026-16744.pdf,https://public-inspection.federalregister.gov/2026-16744.pdf?1786711517
2026-16740,Information Collection Being Submitted to the Office of Management and Budget for Emergency Review and Approval,Notice,Published,Federal Communications Commission,2026-08-17,,2026-09-16,,91 FR 53249,OMB 3060-1248 | FR ID 362751,"As part of its continuing effort to reduce paperwork burdens, and as required by the Paperwork Reduction Act (PRA) of 1995, the Federal Communications Commission (Commission) invites the general public and other Federal agencies to take this opportunity to comment on the following information collection. Comments are requested concerning: Whether the collection of information is necessary for the proper performance of the functions of the Commission, including whether the information shall have practical utility; the accuracy of the Commission's burden estimate; ways to enhance the quality, utility, and clarity of the information collected; ways to minimize the burden of the collection of information on the respondents, including the use of automated collection techniques or other forms of information technology; and ways to further reduce the information collection burden on small business concerns with fewer than 25 employees. The Commission may not conduct or sponsor a collection of information unless it displays a currently valid control number. No person shall be subject to any penalty for failing to comply with a collection of information subject to the PRA that does not display a valid Office of Management and Budget (OMB) control number.",https://www.federalregister.gov/documents/2026/08/17/2026-16740/information-collection-being-submitted-to-the-office-of-management-and-budget-for-emergency-review,https://www.govinfo.gov/content/pkg/FR-2026-08-17/pdf/2026-16740.pdf,https://public-inspection.federalregister.gov/2026-16740.pdf?1786711516
2026-16734,New Postal Products,Notice,Published,Postal Regulatory Commission,2026-08-17,,,,91 FR 53285,Docket Nos. MC2026-344 and K2026-338 | MC2026-345 and K2026-339,"The Commission is noticing a recent Postal Service filing for the Commission's consideration concerning a negotiated service agreement. This notice informs the public of the filing, invites public comment, and takes other administrative steps.",https://www.federalregister.gov/documents/2026/08/17/2026-16734/new-postal-products,https://www.govinfo.gov/content/pkg/FR-2026-08-17/pdf/2026-16734.pdf,https://public-inspection.federalregister.gov/2026-16734.pdf?1786711516
2026-16726,Extension of a Currently Approved Information Collection: Authorization Agreement for Preauthorized Payment (SF 5510),Notice,Published,Treasury Department | Bureau of the Fiscal Service,2026-08-17,,2026-10-16,,91 FR 53349,,"The Department of the Treasury, as part of its continuing effort to reduce paperwork and respondent burden, invites the general public and other Federal agencies to take this opportunity to comment on proposed and/or continuing information collections, as required by the Paperwork Reduction Act of 1995. Currently the Bureau of the Fiscal Service within the Department of the Treasury is soliciting comments concerning the Standard Form 5510, ""Authorization Agreement for Preauthorized Payment"".",https://www.federalregister.gov/documents/2026/08/17/2026-16726/extension-of-a-currently-approved-information-collection-authorization-agreement-for-preauthorized,https://www.govinfo.gov/content/pkg/FR-2026-08-17/pdf/2026-16726.pdf,https://public-inspection.federalregister.gov/2026-16726.pdf?1786711515
2026-16725,Extension of a Currently Approved Information Collection: Annual Financial Statement of Surety Companies-Schedule F,Notice,Published,Treasury Department | Bureau of the Fiscal Service,2026-08-17,,2026-10-16,,91 FR 53350,,"The Department of the Treasury, as part of its continuing effort to reduce paperwork and respondent burden, invites the general public and other Federal agencies to take this opportunity to comment on proposed and/or continuing information collections, as required by the Paperwork Reduction Act of 1995. Currently the Bureau of the Fiscal Service within the Department of the Treasury is soliciting comments concerning the Annual Financial Statement of Surety Companies-Schedule F.",https://www.federalregister.gov/documents/2026/08/17/2026-16725/extension-of-a-currently-approved-information-collection-annual-financial-statement-of-surety,https://www.govinfo.gov/content/pkg/FR-2026-08-17/pdf/2026-16725.pdf,https://public-inspection.federalregister.gov/2026-16725.pdf?1786711514
2026-16721,Pesticide Product Registration; Receipt of Applications for New Uses (May 2026),Notice,Published,Environmental Protection Agency,2026-08-17,,2026-09-16,,91 FR 53246,EPA-HQ-OPP-2026-0334 | FRL-13199-05-OCSPP,"This document announces the Agency's receipt of and solicits comments on applications to register new pesticide products containing currently registered active ingredients that would entail a change in use pattern. The Agency is providing this notice in accordance with the Federal Insecticide, Fungicide, and Rodenticide Act (FIFRA). EPA uses the month and year in the title to identify when the Agency compiled the applications identified in this notice of receipt. Unit II. of this document identifies certain applications received in 2025 and 2026 that are currently being evaluated by EPA, along with information about each application, including when it was received, who submitted the application, and the purpose of the application.",https://www.federalregister.gov/documents/2026/08/17/2026-16721/pesticide-product-registration-receipt-of-applications-for-new-uses-may-2026,https://www.govinfo.gov/content/pkg/FR-2026-08-17/pdf/2026-16721.pdf,https://public-inspection.federalregister.gov/2026-16721.pdf?1786711514
2026-16717,Agency Information Collection Activities; Comment Request on Taxpayer Experience Office Speaker Request,Notice,Published,Treasury Department | Internal Revenue Service,2026-08-17,,2026-10-16,,91 FR 53350,,"In accordance with the Paperwork Reduction Act of 1995, the IRS is inviting comments on the information collection request outlined in this notice.",https://www.federalregister.gov/documents/2026/08/17/2026-16717/agency-information-collection-activities-comment-request-on-taxpayer-experience-office-speaker,https://www.govinfo.gov/content/pkg/FR-2026-08-17/pdf/2026-16717.pdf,https://public-inspection.federalregister.gov/2026-16717.pdf?1786711513
2026-16710,Distribution of Satellite Royalty Funds,Notice,Published,Library of Congress | Copyright Royalty Board,2026-08-17,,2026-09-16,,91 FR 53282,Docket No. 24-CRB-0007-SD (2023),The Copyright Royalty Judges solicit comments on a motion of Allocation Phase Parties for partial distribution of 2023 satellite royalty funds.,https://www.federalregister.gov/documents/2026/08/17/2026-16710/distribution-of-satellite-royalty-funds,https://www.govinfo.gov/content/pkg/FR-2026-08-17/pdf/2026-16710.pdf,https://public-inspection.federalregister.gov/2026-16710.pdf?1786711513
2026-16709,Distribution of Satellite Royalty Funds,Notice,Published,Library of Congress | Copyright Royalty Board,2026-08-17,,,,91 FR 53283,Docket No. 24-CRB-0007-SD (2023),"The Copyright Royalty Judges (Judges) announce the commencement of proceedings to determine distribution of 2023 royalties deposited with the Copyright Office under the satellite carrier license. The Judges also set the date by which all parties wishing to participate and share in the distribution of satellite retransmission royalties for 2023, must file Petitions to Participate and pay the accompanying $150 filing fee. The Judges seek a single Petition to Participate in either or both the allocation phase and the distribution phase of the satellite royalty proceeding. Any party that fails to file a petition to participate by the time set forth in this notice shall not be a participant at any stage of either proceeding, unless the Judges accept a late petition to participate pursuant to 37 CFR 351.1(d).",https://www.federalregister.gov/documents/2026/08/17/2026-16709/distribution-of-satellite-royalty-funds,https://www.govinfo.gov/content/pkg/FR-2026-08-17/pdf/2026-16709.pdf,https://public-inspection.federalregister.gov/2026-16709.pdf?1786711513
2026-16708,Distribution of Cable Royalty Funds,Notice,Published,Library of Congress | Copyright Royalty Board,2026-08-17,,,,91 FR 53284,Docket No. 24-CRB-0006-CD (2023),"The Copyright Royalty Judges (Judges) announce the commencement of proceedings to determine distribution of 2023 royalties deposited with the Copyright Office under the cable service statutory license. The Judges also set the date by which all parties wishing to participate and share in the distribution of cable retransmission royalties for 2023 must file Petitions to Participate and pay the accompanying $150 filing fee. The Judges seek a single Petition to Participate in either or both the allocation phase and distribution phase of the cable royalty proceeding. Any party that fails to file a petition to participate by the time set forth in this notice shall not be a participant at any stage of the proceeding, unless the Judges accept a late petition to participate pursuant to 37 CFR 351.1(d).",https://www.federalregister.gov/documents/2026/08/17/2026-16708/distribution-of-cable-royalty-funds,https://www.govinfo.gov/content/pkg/FR-2026-08-17/pdf/2026-16708.pdf,https://public-inspection.federalregister.gov/2026-16708.pdf?1786711512
2026-16707,Distribution of 2023 Cable Royalty Funds,Notice,Published,Library of Congress | Copyright Royalty Board,2026-08-17,,2026-09-16,,91 FR 53281,Docket No. 24-CRB-0006-CD (2023),The Copyright Royalty Judges solicit comments on a motion of Allocation Phase Parties for partial distribution of 2023 cable royalty funds.,https://www.federalregister.gov/documents/2026/08/17/2026-16707/distribution-of-2023-cable-royalty-funds,https://www.govinfo.gov/content/pkg/FR-2026-08-17/pdf/2026-16707.pdf,https://public-inspection.federalregister.gov/2026-16707.pdf?1786711512
2026-16704,Agency Information Collection Activities; Proposed Collection; Comment Request; Extension: Form N-2,Notice,Published,Securities and Exchange Commission,2026-08-17,,,,91 FR 53334,OMB Control No. 3235-0026,,https://www.federalregister.gov/documents/2026/08/17/2026-16704/agency-information-collection-activities-proposed-collection-comment-request-extension-form-n-2,https://www.govinfo.gov/content/pkg/FR-2026-08-17/pdf/2026-16704.pdf,https://public-inspection.federalregister.gov/2026-16704.pdf?1786711512
2026-16702,Elevation Series Trust and Norris Perné and French LLP,Notice,Published,Securities and Exchange Commission,2026-08-17,,,,91 FR 53290,Investment Company Act Release No. 36294 | 812-16016,,https://www.federalregister.gov/documents/2026/08/17/2026-16702/elevation-series-trust-and-norris-pern-and-french-llp,https://www.govinfo.gov/content/pkg/FR-2026-08-17/pdf/2026-16702.pdf,https://public-inspection.federalregister.gov/2026-16702.pdf?1786711512
2026-16700,Stone Point Credit Income Fund and Stone Point Credit Income Adviser LLC,Notice,Published,Securities and Exchange Commission,2026-08-17,,,,91 FR 53325,Investment Company Act Release No. 36295 | File No. 812-16048,,https://www.federalregister.gov/documents/2026/08/17/2026-16700/stone-point-credit-income-fund-and-stone-point-credit-income-adviser-llc,https://www.govinfo.gov/content/pkg/FR-2026-08-17/pdf/2026-16700.pdf,https://public-inspection.federalregister.gov/2026-16700.pdf?1786711511
2026-16694,"Self-Regulatory Organizations; MIAX PEARL, LLC; Notice of Filing and Immediate Effectiveness of a Proposed Rule Change To Amend the MIAX Pearl Options Exchange Fee Schedule To Amend Certain Fees and Rebates Applicable to Transactions in Non-Penny Classes for Certain Origins",Notice,Published,Securities and Exchange Commission,2026-08-17,,,,91 FR 53325,Release No. 34-106095 | File No. SR-PEARL-2026-36,,https://www.federalregister.gov/documents/2026/08/17/2026-16694/self-regulatory-organizations-miax-pearl-llc-notice-of-filing-and-immediate-effectiveness-of-a,https://www.govinfo.gov/content/pkg/FR-2026-08-17/pdf/2026-16694.pdf,https://public-inspection.federalregister.gov/2026-16694.pdf?1786711510
2026-16692,"Self-Regulatory Organizations; Miami International Securities Exchange, LLC; Notice of Filing and Immediate Effectiveness of a Proposed Rule Change To Amend the Fee Schedule To Modify Certain Volume Thresholds for the Priority Customer Rebate Program",Notice,Published,Securities and Exchange Commission,2026-08-17,,,,91 FR 53319,Release No. 34-106091 | File No. SR-MIAX-2026-32,,https://www.federalregister.gov/documents/2026/08/17/2026-16692/self-regulatory-organizations-miami-international-securities-exchange-llc-notice-of-filing-and,https://www.govinfo.gov/content/pkg/FR-2026-08-17/pdf/2026-16692.pdf,https://public-inspection.federalregister.gov/2026-16692.pdf?1786711510
2026-16690,Self-Regulatory Organizations; The Options Clearing Corporation; Notice of Filing of Proposed Rule Change by The Options Clearing Corporation Concerning Amendments to Its Rules To Establish a Procedures-Based Approach for Determining Product Eligibility During Overnight or Extended Trading Sessions Utilizing Its Current ETH Risk Management Framework,Notice,Published,Securities and Exchange Commission,2026-08-17,,,,91 FR 53294,Release No. 34-106080 | File No. SR-OCC-2026-008,,https://www.federalregister.gov/documents/2026/08/17/2026-16690/self-regulatory-organizations-the-options-clearing-corporation-notice-of-filing-of-proposed-rule,https://www.govinfo.gov/content/pkg/FR-2026-08-17/pdf/2026-16690.pdf,https://public-inspection.federalregister.gov/2026-16690.pdf?1786711510
2026-16685,Agency Information Collection Activities; Proposed eCollection eComments Requested; Revision of a Previously Approved Collection; Juvenile Facility Census Program (JFCP),Notice,Published,Justice Department,2026-08-17,,2026-09-16,,91 FR 53279,OMB Number 1121-0381,"The National Institute of Justice, Office of Justice Programs, Department of Justice (DOJ), will be submitting the following information collection request to the Office of Management and Budget (OMB) for review and approval in accordance with the Paperwork Reduction Act of 1995.",https://www.federalregister.gov/documents/2026/08/17/2026-16685/agency-information-collection-activities-proposed-ecollection-ecomments-requested-revision-of-a,https://www.govinfo.gov/content/pkg/FR-2026-08-17/pdf/2026-16685.pdf,https://public-inspection.federalregister.gov/2026-16685.pdf?1786711509
2026-16684,"Agency Information Collection Activities; Negotiated Noncompetitive Agreements for the Use of Outer Continental Shelf Sand, Gravel, and/or Shell Resources",Notice,Published,Interior Department | Ocean Energy Management Bureau,2026-08-17,,2026-10-16,,91 FR 53275,OMB Control Number 1010-0191 | Docket ID: BOEM-2026-0926,"In accordance with the Paperwork Reduction Act of 1995, the Bureau of Ocean Energy Management (BOEM) proposes this information collection request (ICR) to renew Office of Management and Budget (OMB) control number 1010-0191.",https://www.federalregister.gov/documents/2026/08/17/2026-16684/agency-information-collection-activities-negotiated-noncompetitive-agreements-for-the-use-of-outer,https://www.govinfo.gov/content/pkg/FR-2026-08-17/pdf/2026-16684.pdf,https://public-inspection.federalregister.gov/2026-16684.pdf?1786711509
2026-16686,Sunshine Act Meetings,Notice,Published,Nuclear Regulatory Commission,2026-08-14,,,,91 FR 52732,NRC-2026-0001,,https://www.federalregister.gov/documents/2026/08/14/2026-16686/sunshine-act-meetings,https://www.govinfo.gov/content/pkg/FR-2026-08-14/pdf/2026-16686.pdf,https://public-inspection.federalregister.gov/2026-16686.pdf?1786565707
2026-16674,Notice of Public Meeting of the Alabama Advisory Committee to the U.S. Commission on Civil Rights,Notice,Published,Civil Rights Commission,2026-08-14,,,,91 FR 52667,,"Notice is hereby given, pursuant to the provisions of the rules and regulations of the U.S. Commission on Civil Rights (Commission) and the Federal Advisory Committee Act, that the Alabama Advisory Committee (Committee) to the U.S. Commission on Civil Rights will hold a public briefing meeting via Zoom. The purpose of the meeting is the Civil Rights Implications of Police Use of Force Civilian Encounters and Detention.",https://www.federalregister.gov/documents/2026/08/14/2026-16674/notice-of-public-meeting-of-the-alabama-advisory-committee-to-the-us-commission-on-civil-rights,https://www.govinfo.gov/content/pkg/FR-2026-08-14/pdf/2026-16674.pdf,https://public-inspection.federalregister.gov/2026-16674.pdf?1786625122
2026-16673,Large Diameter Welded Pipe from Greece: Preliminary Results of Antidumping Duty Administrative Review; 2024-2025,Notice,Published,Commerce Department | International Trade Administration,2026-08-14,,,,91 FR 52671,A-484-803,"The U.S. Department of Commerce (Commerce) preliminarily determines that producers/exporters subject to this review did not make sales of subject merchandise at less than normal value (NV) during the period of review (POR), May 1, 2024, through April 30, 2025. Interested parties are invited to comment on these preliminary results of review.",https://www.federalregister.gov/documents/2026/08/14/2026-16673/large-diameter-welded-pipe-from-greece-preliminary-results-of-antidumping-duty-administrative-review,https://www.govinfo.gov/content/pkg/FR-2026-08-14/pdf/2026-16673.pdf,https://public-inspection.federalregister.gov/2026-16673.pdf?1786625122
2026-16667,Certain Mobile Electronic Devices; Notice of Institution of Investigation,Notice,Published,International Trade Commission,2026-08-14,,,,91 FR 52712,Investigation. No. 337-TA-1516,"Notice is hereby given that a complaint was filed with the U.S. International Trade Commission on July 10, 2026, under section 337 of the Tariff Act of 1930, as amended, on behalf of Maxell, Ltd. of Kyoto, Japan. An amended complaint was filed on July 24, 2026. The amended complaint alleges violations of section 337 based upon the importation into the United States, the sale for importation, and the sale within the United States after importation of certain mobile electronic devices by reason of the infringement of certain claims of U.S. Patent No. 10,812,646 (""the '646 patent""); U.S. Patent No. 12,513,408 (""the '408 patent""); U.S. Patent No. 12,061,760 (""the '760 patent""); U.S. Patent No. 12,418,692 (""the '692 patent""); U.S. Patent No. 12,185,211 (""the '211 patent""); and U.S. Patent No. 12,647,935 (""the '935 patent""). The amended complaint further alleges that an industry in the United States exists as required by the applicable Federal Statute. The amended complainant requests that the Commission institute an investigation and, after the investigation, issue a limited exclusion order and cease and desist orders.",https://www.federalregister.gov/documents/2026/08/14/2026-16667/certain-mobile-electronic-devices-notice-of-institution-of-investigation,https://www.govinfo.gov/content/pkg/FR-2026-08-14/pdf/2026-16667.pdf,https://public-inspection.federalregister.gov/2026-16667.pdf?1786625121
2026-16665,Exempt Chemical Preparations Under the Controlled Substances Act,Notice,Published,Justice Department | Drug Enforcement Administration,2026-08-14,,2026-10-13,,91 FR 52714,Docket No. DEA-372,"The applications for exempt chemical preparations received by the Drug Enforcement Administration between March 1, 2026, and June 30, 2026, as listed below, were accepted for filing and have been approved or denied as indicated. This publication addresses preparations through June 30, 2026, that were not included in previous Federal Register notices, and it does not affect preparations that have been previously published.",https://www.federalregister.gov/documents/2026/08/14/2026-16665/exempt-chemical-preparations-under-the-controlled-substances-act,https://www.govinfo.gov/content/pkg/FR-2026-08-14/pdf/2026-16665.pdf,https://public-inspection.federalregister.gov/2026-16665.pdf?1786625121
2026-16664,Meeting of the National Organic Standards Board,Notice,Published,Agriculture Department | Agricultural Marketing Service,2026-08-14,,2026-10-22,,91 FR 52662,Doc. No. AMS-NOP-26-0892,"In accordance with the Federal Advisory Committee Act, as amended, the Agricultural Marketing Service (AMS), U.S. Department of Agriculture (USDA), is announcing a meeting of the National Organic Standards Board (Board). The Board assists USDA in the development of standards for substances to be used in organic production and advises the Secretary of Agriculture on any other aspects of the implementation of the Organic Foods Production Act (OFPA).",https://www.federalregister.gov/documents/2026/08/14/2026-16664/meeting-of-the-national-organic-standards-board,https://www.govinfo.gov/content/pkg/FR-2026-08-14/pdf/2026-16664.pdf,https://public-inspection.federalregister.gov/2026-16664.pdf?1786625121
2026-16663,Large Power Transformers From the Republic of Korea: Final Results of Antidumping Duty Administrative Review; 2023-2024,Notice,Published,Commerce Department | International Trade Administration,2026-08-14,,,,91 FR 52670,A-580-867,"The U.S. Department of Commerce (Commerce) determines large power transformers from the Republic of Korea (Korea) were sold at less than normal value (NV) during the period of review (POR) August 1, 2023, through July 31, 2024.",https://www.federalregister.gov/documents/2026/08/14/2026-16663/large-power-transformers-from-the-republic-of-korea-final-results-of-antidumping-duty-administrative,https://www.govinfo.gov/content/pkg/FR-2026-08-14/pdf/2026-16663.pdf,https://public-inspection.federalregister.gov/2026-16663.pdf?1786625121
2026-16662,Certain Passenger Vehicle and Light Truck Tires From the People's Republic of China: Final Results of Antidumping Duty Administrative Review; 2023-2024,Notice,Published,Commerce Department | International Trade Administration,2026-08-14,,,,91 FR 52668,A-570-016,"The U.S. Department of Commerce (Commerce) determines that certain exporters of passenger vehicle and light truck tires (passenger tires) from the People's Republic of China (China) made sales of subject merchandise at prices below than normal value during the period of review (POR), August 1, 2023, through July 31, 2024.",https://www.federalregister.gov/documents/2026/08/14/2026-16662/certain-passenger-vehicle-and-light-truck-tires-from-the-peoples-republic-of-china-final-results-of,https://www.govinfo.gov/content/pkg/FR-2026-08-14/pdf/2026-16662.pdf,https://public-inspection.federalregister.gov/2026-16662.pdf?1786625121
2026-16661,Notice; Emergency Relief Program 2022 (ERP 2022),Notice,Published,Agriculture Department | Farm Service Agency,2026-08-14,,,,91 FR 52664,Docket ID FSA-2023-0020,"The Farm Service Agency (FSA) is issuing this notice to announce how it will implement a provision of the Full-Year Continuing Appropriations and Extensions Act, 2025, to allow producers who, in certain circumstances would need to repay ERP 2022 payments, to retain those payments, not to exceed 90 percent of the producer's revenue losses, if a de minimis amount of a producer's revenue loss is attributable to crops that were not insured or covered under the Noninsured Crop Disaster Assistance Program (NAP). Through this Notice, the Secretary is defining ""de minimis.""",https://www.federalregister.gov/documents/2026/08/14/2026-16661/notice-emergency-relief-program-2022-erp-2022,https://www.govinfo.gov/content/pkg/FR-2026-08-14/pdf/2026-16661.pdf,https://public-inspection.federalregister.gov/2026-16661.pdf?1786625121
2026-16656,Secure Rural Schools Resource Advisory Committees,Notice,Published,Agriculture Department | Forest Service,2026-08-14,,2026-11-12,,91 FR 52666,,"The United States Department of Agriculture (USDA), Forest Service is seeking nominations for the Secure Rural Schools Resource Advisory Committees (RAC) pursuant to the Secure Rural Schools (SRS) and Community Self-Determination Act of 2000 and the Federal Advisory Committee Act (FACA).",https://www.federalregister.gov/documents/2026/08/14/2026-16656/secure-rural-schools-resource-advisory-committees,https://www.govinfo.gov/content/pkg/FR-2026-08-14/pdf/2026-16656.pdf,https://public-inspection.federalregister.gov/2026-16656.pdf?1786625120
2026-16639,New Postal Products,Notice,Published,Postal Regulatory Commission,2026-08-14,,2026-08-19,,91 FR 52734,Docket Nos. MC2026-343 and K2026-337,"The Commission is noticing a recent Postal Service filing for the Commission's consideration concerning a negotiated service agreement. This notice informs the public of the filing, invites public comment, and takes other administrative steps.",https://www.federalregister.gov/documents/2026/08/14/2026-16639/new-postal-products,https://www.govinfo.gov/content/pkg/FR-2026-08-14/pdf/2026-16639.pdf,https://public-inspection.federalregister.gov/2026-16639.pdf?1786625119
2026-16631,Agency Information Collection Activities: Notice of Intent To Extend Collection 3038-0005,Notice,Published,Commodity Futures Trading Commission,2026-08-14,,2026-10-13,,91 FR 52677,,"The Commodity Futures Trading Commission (CFTC or Commission) is announcing an opportunity for public comment on the proposed renewal of a collection of certain information by the agency. Under the Paperwork Reduction Act (PRA), Federal agencies are required to publish notice in the Federal Register concerning each proposed collection of information, including proposed extension of an existing collection of information, and to allow 60 days for public comment. This notice solicits comments on the information collections associated with the rules relating to the operations and activities of commodity pool operators (CPOs) and commodity trading advisors (CTAs) and monthly reporting by futures commission merchants.",https://www.federalregister.gov/documents/2026/08/14/2026-16631/agency-information-collection-activities-notice-of-intent-to-extend-collection-3038-0005,https://www.govinfo.gov/content/pkg/FR-2026-08-14/pdf/2026-16631.pdf,https://public-inspection.federalregister.gov/2026-16631.pdf?1786625118
2026-16625,Change in Bank Control Notices; Acquisitions of Shares of a Bank or Bank Holding Company,Notice,Published,Federal Reserve System,2026-08-14,,,,91 FR 52691,,,https://www.federalregister.gov/documents/2026/08/14/2026-16625/change-in-bank-control-notices-acquisitions-of-shares-of-a-bank-or-bank-holding-company,https://www.govinfo.gov/content/pkg/FR-2026-08-14/pdf/2026-16625.pdf,https://public-inspection.federalregister.gov/2026-16625.pdf?1786625117
2026-16624,"Formations of, Acquisitions by, and Mergers of Bank Holding Companies",Notice,Published,Federal Reserve System,2026-08-14,,,,91 FR 52690,,,https://www.federalregister.gov/documents/2026/08/14/2026-16624/formations-of-acquisitions-by-and-mergers-of-bank-holding-companies,https://www.govinfo.gov/content/pkg/FR-2026-08-14/pdf/2026-16624.pdf,https://public-inspection.federalregister.gov/2026-16624.pdf?1786625117
2026-16621,2026 Unified Agenda of Regulations,Notice,Published,Commerce Department,2026-08-14,,,,91 FR 52968,,"In compliance with Executive Order 12866, entitled ""Regulatory Planning and Review,"" and the Regulatory Flexibility Act, as amended, the Department of Commerce (Commerce) publishes in the Federal Register an agenda of regulations under development or review over the next 12 months. Rulemaking actions are grouped according to pre-rulemaking, proposed rules, final rules, long-term actions, and rulemaking actions completed since the publication of the Spring 2025 Unified Agenda. The purpose of the Agenda is to provide information to the public on regulations that are currently under review, being proposed, or recently issued by Commerce. It is expected that this information will enable the public to participate more effectively in Commerce's regulatory process. Commerce's 2026 Unified Agenda includes regulatory activities that are expected to be conducted during the period November 1, 2025, through October 31, 2026.",https://www.federalregister.gov/documents/2026/08/14/2026-16621/2026-unified-agenda-of-regulations,https://www.govinfo.gov/content/pkg/FR-2026-08-14/pdf/2026-16621.pdf,https://public-inspection.federalregister.gov/2026-16621.pdf?1786625116
2026-16620,Regulatory Agenda,Notice,Published,Surface Transportation Board,2026-08-14,,,,91 FR 53170,STB Ex Parte No. 536 (Sub-No. 58),The Chairman of the Surface Transportation Board (STB or Board) is publishing the Regulatory Flexibility Agenda.,https://www.federalregister.gov/documents/2026/08/14/2026-16620/regulatory-agenda,https://www.govinfo.gov/content/pkg/FR-2026-08-14/pdf/2026-16620.pdf,https://public-inspection.federalregister.gov/2026-16620.pdf?1786625116
2026-16618,Unified Agenda of Federal Regulatory and Deregulatory Actions,Notice,Published,Nuclear Regulatory Commission,2026-08-14,,,,91 FR 53160,NRC-2025-0940,"We are publishing our regulatory agenda (the Agenda) in accordance with Public Law 96-354, ""The Regulatory Flexibility Act"" (RFA), Executive Order (E.O.) 12866, ""Regulatory Planning and Review,"" E.O. 14219, ""Ensuring Lawful Governance and Implementing the President's `Department of Government Efficiency' Deregulatory Initiative,"" E.O. 14215, ""Ensuring Accountability for All Agencies,"" and E.O. 14192, ""Unleashing Prosperity Through Deregulation."" The NRC's Agenda is a compilation of all rulemaking activities on which we have recently completed action or have proposed or are considering action. The NRC's Agenda was last issued online at the Office of Management and Budget's website at https://www.reginfo.gov on September 4, 2025, and published in the Federal Register on September 22, 2025 (90 FR 45648). This issuance of our Agenda contains information about rulemaking activities that are under development, completed, or canceled since the last Agenda.",https://www.federalregister.gov/documents/2026/08/14/2026-16618/unified-agenda-of-federal-regulatory-and-deregulatory-actions,https://www.govinfo.gov/content/pkg/FR-2026-08-14/pdf/2026-16618.pdf,https://public-inspection.federalregister.gov/2026-16618.pdf?1786625116
2026-16617,Regulatory Agenda,Notice,Published,Federal Trade Commission,2026-08-14,,,,91 FR 53156,,"The Federal Trade Commission (FTC or Commission) is publishing its regulatory agenda in accordance with section 22(d)(1) of the Federal Trade Commission Act, 15 U.S.C. 57b-3(d)(1) and the Regulatory Flexibility Act (RFA), 5 U.S.C. 601 to 612, as amended by the Small Business Regulatory Enforcement Fairness Act. The Commission's agenda follows guidelines and procedures issued September 15, 2025, by the Office of Management and Budget in accordance with the provisions of Executive Order 12866, ""Regulatory Planning and Review,"" 58 FR 51735 (Oct. 4, 1993) and Executive Order 14192, ""Unleashing Prosperity Through Deregulation,"" 90 FR 9065 (Feb. 6, 2025). The Government-wide Unified Agenda of Federal Regulatory and Deregulatory Actions includes a list of all regulatory actions under development or review and is scheduled for publication in its entirety on www.reginfo.gov and www.regulations.gov in a format that offers users a greatly enhanced ability to obtain information from the agenda database. The RFA requires publication in the Federal Register of agenda entries for rules that are likely to have a significant impact on a substantial number of small entities (5 U.S.C. 602) and any such rules that the agency has identified for periodic review under section 610 of the RFA. For the 2026 agenda, the Commission has no rule that meets the RFA's publication requirements. The Commission has identified rulemakings that are likely to have some impact on small entities, but do not meet the RFA's publication requirements. The current rulemakings that are likely to have some impact on small entities are: (1) the Energy Labeling Rule, 16 CFR 305; (2) the Alternative Fuel Rule, 16 CFR 309; (3) the removal of the vacated 2024 amendments to the Negative Option Rule, 16 CFR 425; (4) the Cooling-Off Rule, 16 CFR 429; (5) the Amplifier Rule, 16 CFR 432; (6) the Business Opportunity Rule, 16 CFR 437; (7) the Impersonation Rule, 16 CFR 461; (8) the withdrawal of the final rule for the vacated Combating Auto Retail Scams Rule (16 CFR 463); (9) the proposed Earnings Claims Trade Regulation Rule, to be codified at 16 CFR 462; (10) Unfair or Deceptive Fees Trade Regulation Rule, 16 CFR 464; and (11) the removal of the vacated Non-Compete Clause Rule from 16 CFR 910. The Commission's rulemaking review process carefully considers regulatory burdens and streamlines rules when feasible and appropriate. The majority of the rulemakings listed in the agenda are being conducted as part of the Commission's systematic review of all of its regulations and guides on a rotating basis. Under the Commission's program, rules are reviewed on a 10-year schedule. In each rule review, the Commission requests public comments on, among other things, the economic impact and benefits of the rule; possible conflict between the rule and state, local, or other federal laws or regulations; and the effect on the rule of any technological, economic, or other industry changes. These reviews incorporate and expand upon the review required by the RFA and regulatory reform initiatives directing agencies to conduct a review of all regulations and eliminate or revise those that are outdated or otherwise in need of reform. Except for notice of completed actions, the information in this agenda represents the judgment of Commission staff, based upon information now available. Each projected date of action reflects FTC staff's assessment that the specified event will occur this year. No final determination by the staff or the Commission respecting the need for or the substance of a rule should be inferred from the notation of projected events in this agenda. In most instances, the dates of future events are listed by month, not by a specific day. The information in this agenda may change as new information, changes of circumstances, or changes in the law occur.",https://www.federalregister.gov/documents/2026/08/14/2026-16617/regulatory-agenda,https://www.govinfo.gov/content/pkg/FR-2026-08-14/pdf/2026-16617.pdf,https://public-inspection.federalregister.gov/2026-16617.pdf?1786625116
2026-16615,Unified Agenda of Federal Regulatory and Deregulatory Actions-2026,Notice,Published,Federal Communications Commission,2026-08-14,,,,91 FR 53092,,"Executive Order 12866, Regulatory Planning and Review (Sep. 30, 1993), requires each agency to publish a regulatory agenda (Agenda) of regulations under development or review during the next year which will be included in the Unified Agenda of Regulatory and Deregulatory Actions (Unified Agenda). 58 FR 51735 (Oct. 4, 1993). The Agenda required by Executive Order 12866 must include all regulations the agency expects to develop or review during the next 12 months, regardless of whether they may have a significant economic impact on a substantial number of small entities. Executive Order 12866 provides that agencies may combine this agenda with the regulatory flexibility agenda required under the RFA. To help keep the public informed of significant rulemaking proceedings and meet its obligations under the RFA and Executive Order 12866, the Commission has prepared Agenda entries providing a brief description and summary of each regulatory activity that is currently planned for the 12 months, subject to revision, including the objectives and legal basis for each, and the name and telephone number of an agency official who is knowledgeable about items in the agenda. The Commission's Agenda entries published in the Federal Register are only those entries for rules that are likely to have a significant economic impact on a substantial number of small entities pursuant to the RFA. The Commission's complete list of regulatory and deregulatory actions for the Unified Agenda will be published on the internet in a searchable format at www.reginfo.gov.",https://www.federalregister.gov/documents/2026/08/14/2026-16615/unified-agenda-of-federal-regulatory-and-deregulatory-actions-2026,https://www.govinfo.gov/content/pkg/FR-2026-08-14/pdf/2026-16615.pdf,https://public-inspection.federalregister.gov/2026-16615.pdf?1786625116
2026-16614,Regulatory Agenda,Notice,Published,Consumer Product Safety Commission,2026-08-14,,,,91 FR 53086,,"In this document, the Commission publishes its regulatory flexibility agenda. Information in this agenda was accurate as of November 2025 when the Commission prepared this agenda.",https://www.federalregister.gov/documents/2026/08/14/2026-16614/regulatory-agenda,https://www.govinfo.gov/content/pkg/FR-2026-08-14/pdf/2026-16614.pdf,https://public-inspection.federalregister.gov/2026-16614.pdf?1786625115
2026-16608,2026 Unified Agenda of Regulatory and Deregulatory Actions,Notice,Published,Environmental Protection Agency,2026-08-14,,,,91 FR 53054,"FRL 13103-01-OA | EPA-HQ-OAR-2024-0404, EPA-HQ-OLEM-2025-3225, EPA-HQ-OPPT-2025-2433, EPA-HQ-OAR-2025-3160","The Environmental Protection Agency (EPA) publishes the Agenda of Regulatory and Deregulatory Actions online at https:// www.reginfo.gov to periodically update the public. This document contains information about: <bullet> Regulations in the Agenda that are under development, completed, or canceled since the last agenda; and <bullet> Reviews of regulations with small business impacts under section 610 of the Regulatory Flexibility Act (RFA).",https://www.federalregister.gov/documents/2026/08/14/2026-16608/2026-unified-agenda-of-regulatory-and-deregulatory-actions,https://www.govinfo.gov/content/pkg/FR-2026-08-14/pdf/2026-16608.pdf,https://public-inspection.federalregister.gov/2026-16608.pdf?1786625114
2026-16604,2026 Unified Agenda,Notice,Published,Agriculture Department,2026-08-14,,,,91 FR 52962,,"This agenda provides summary descriptions of significant and not significant regulations being developed in agencies of the U.S. Department of Agriculture (USDA) in conformance with Executive Orders (E.O.) 12866, ""Regulatory Planning and Review,"" 13563, ""Improving Regulation and Regulatory Review,"" 14192, ""Unleashing Prosperity Through Deregulation,"" and 14219, ""Ensuring Lawful Governance and Implementing the President's ""Department of Government Efficiency"" Deregulatory Initiative."" The agenda also describes regulations affecting small entities as required by section 602 of the Regulatory Flexibility Act, Public Law 96-354. This agenda also identifies regulatory actions that are being reviewed in compliance with section 610(c) of the Regulatory Flexibility Act. We invite public comment on those actions as well as any regulation consistent with Executive Order 13563. USDA has attempted to list all regulations and regulatory reviews pending at the time of publication except for minor and routine or repetitive actions, but some may have been inadvertently missed. There is no legal significance to the omission of an item from this listing. Also, the dates shown for the steps of each action are estimated and are not commitments to act on or by the date shown. USDA's complete regulatory agenda is available online at www.reginfo.gov. Because publication in the Federal Register is mandated for the regulatory flexibility agendas required by the Regulatory Flexibility Act (5 U.S.C. 602), USDA's printed agenda entries include only: (1) Rules that are likely to have a significant economic impact on a substantial number of small entities; and (2) Rules identified for periodic review under section 610 of the Regulatory Flexibility Act. For this edition of the USDA regulatory agenda, the most important regulatory actions are summarized in a Statement of Regulatory Priorities that is included in the Regulatory Plan, which appears in both the online regulatory agenda and in part II of the Federal Register that includes the abbreviated regulatory agenda.",https://www.federalregister.gov/documents/2026/08/14/2026-16604/2026-unified-agenda,https://www.govinfo.gov/content/pkg/FR-2026-08-14/pdf/2026-16604.pdf,https://public-inspection.federalregister.gov/2026-16604.pdf?1786625114
2026-16603,Introduction to the Unified Agenda of Federal Regulatory and Deregulatory Actions-2026,Notice,Published,Regulatory Information Service Center,2026-08-14,,,,91 FR 52792,,"Publication of the 2026 Unified Agenda of Federal Regulatory and Deregulatory Actions represents a key component of the regulatory planning mechanism prescribed in Executive Order (""E.O."") 12866, ""Regulatory Planning and Review,"" (58 FR 51735, as amended) and reaffirmed in E.O. 13563, ""Improving Regulation and Regulatory Review,"" (76 FR 3821) and E.O. 14192, ""Unleashing Prosperity Through Deregulation."" The Regulatory Flexibility Act requires that agencies publish semiannual regulatory agendas in the Federal Register describing regulatory actions they are developing that may have a significant economic impact on a substantial number of small entities (5 U.S.C. 602). The Unified Agenda of Federal Regulatory and Deregulatory Actions (Unified Agenda) helps agencies fulfill all of these requirements. All Federal regulatory agencies have chosen to publish their regulatory agendas as part of this publication. The complete publication of the 2026 Unified Agenda contains 78 Federal agency regulatory agendas available to the public at www.reginfo.gov. The 2026 Unified Agenda publication appearing in the Federal Register includes the agency Regulatory Flexibility Agendas, in accordance with the publication requirements of the Regulatory Flexibility Act. Agency Regulatory Flexibility Agendas contain only those Agenda entries for rules that are likely to have a significant economic impact on a substantial number of small entities and entries that have been selected for periodic review under section 610 of the Regulatory Flexibility Act.",https://www.federalregister.gov/documents/2026/08/14/2026-16603/introduction-to-the-unified-agenda-of-federal-regulatory-and-deregulatory-actions-2026,https://www.govinfo.gov/content/pkg/FR-2026-08-14/pdf/2026-16603.pdf,https://public-inspection.federalregister.gov/2026-16603.pdf?1786625114
2026-16599,Agenda of Regulations,Notice,Published,Labor Department,2026-08-14,,,,91 FR 53020,,"The internet has become the means for disseminating the entirety of the Department of Labor's regulatory agenda. However, the Regulatory Flexibility Act requires publication of a regulatory flexibility agenda in the Federal Register. This Federal Register Notice contains the regulatory flexibility agenda.",https://www.federalregister.gov/documents/2026/08/14/2026-16599/agenda-of-regulations,https://www.govinfo.gov/content/pkg/FR-2026-08-14/pdf/2026-16599.pdf,https://public-inspection.federalregister.gov/2026-16599.pdf?1786625113
2026-16589,Paperwork Reduction Act; Proposed Collection; Comment Request; Revisions of Currently Approved Collection: Drug-Free Communities (DFC) Support Program and Community-Based Coalition Enhancement Grants To Address Local Drug Crisis (CARA) Local Drug Crisis Program National Evaluation,Notice,Published,Executive Office of the President | Office of National Drug Control Policy,2026-08-14,,,,91 FR 52731,,"In accordance with the Paperwork Reduction Act of 1995, the Office of National Drug Control Policy (ONDCP) announces it will submit to the Office of Management and Budget (OMB) Office of Information and Regulatory Affairs (OIRA) an information collection request.",https://www.federalregister.gov/documents/2026/08/14/2026-16589/paperwork-reduction-act-proposed-collection-comment-request-revisions-of-currently-approved,https://www.govinfo.gov/content/pkg/FR-2026-08-14/pdf/2026-16589.pdf,https://public-inspection.federalregister.gov/2026-16589.pdf?1786625112
2026-16587,Agency Information Collection Activity Under OMB Review: Application for Reinstatement (Insurance Lapsed More Than 6 Months) Government Life Insurance and/or Total Disability Income Provision and Application for Reinstatement of Veterans Affairs Life Insurance (VALife) (Insurance Lapsed More than 6 Months),Notice,Published,Veterans Affairs Department,2026-08-14,,2026-09-14,,91 FR 52790,OMB Control No. 2900-0011,"In compliance with the Paperwork Reduction Act (PRA) of 1995, this notice announces that the Veterans Benefits Administration, Department of Veterans Affairs, will submit the collection of information abstracted below to the Office of Management and Budget (OMB) for review and comment. The PRA submission describes the nature of the information collection and its expected cost and burden, and it includes the actual data collection instrument.",https://www.federalregister.gov/documents/2026/08/14/2026-16587/agency-information-collection-activity-under-omb-review-application-for-reinstatement-insurance,https://www.govinfo.gov/content/pkg/FR-2026-08-14/pdf/2026-16587.pdf,https://public-inspection.federalregister.gov/2026-16587.pdf?1786625111
2026-16586,Agency Information Collection Activities; State Processes for Designating Areas Unsuitable for Surface Coal Mining Operations,Notice,Published,Interior Department | Surface Mining Reclamation and Enforcement Office,2026-08-14,,2026-10-13,,91 FR 52711,S1D1S SS08011000 SX064A000 221S180110 | S2D2S SS08011000 SX064A000 22XS501520 | OMB Control Number 1029-0030,"In accordance with the Paperwork Reduction Act of 1995, the Office of Surface Mining Reclamation and Enforcement (OSM) is proposing to renew an information collection.",https://www.federalregister.gov/documents/2026/08/14/2026-16586/agency-information-collection-activities-state-processes-for-designating-areas-unsuitable-for,https://www.govinfo.gov/content/pkg/FR-2026-08-14/pdf/2026-16586.pdf,https://public-inspection.federalregister.gov/2026-16586.pdf?1786625111
2026-16582,Certain Polyvinylidene Flouride Resins; Notice of Request for Submissions on the Public Interest,Notice,Published,International Trade Commission,2026-08-14,,,,91 FR 52711,Investigation No. 337-TA-1439,"Notice is hereby given that on August 7, 2026, the presiding administrative law judge (""ALJ"") issued an Initial Determination on Violation of Section 337. The ALJ also issued a Recommended Determination on remedy and bonding should a violation be found in the above-captioned investigation. The Commission is soliciting submissions on public interest issues raised by the recommended relief should the Commission find a violation. This notice is soliciting comments from the public and interested government agencies only.",https://www.federalregister.gov/documents/2026/08/14/2026-16582/certain-polyvinylidene-flouride-resins-notice-of-request-for-submissions-on-the-public-interest,https://www.govinfo.gov/content/pkg/FR-2026-08-14/pdf/2026-16582.pdf,https://public-inspection.federalregister.gov/2026-16582.pdf?1786625111
2026-16580,Agency Information Collection Activities; Proposed Collection; Comment Request; Extension,Notice,Published,Federal Trade Commission,2026-08-14,,2026-09-14,,91 FR 52691,,"The Federal Trade Commission (FTC or Commission) is seeking public comment on its proposal to extend for an additional three years the current Paperwork Reduction Act clearance to participate in the Office of Management and Budget program ""Generic Clearance for the Collection of Qualitative Feedback on Service Delivery."" The current clearance expires on August 30, 2026.",https://www.federalregister.gov/documents/2026/08/14/2026-16580/agency-information-collection-activities-proposed-collection-comment-request-extension,https://www.govinfo.gov/content/pkg/FR-2026-08-14/pdf/2026-16580.pdf,https://public-inspection.federalregister.gov/2026-16580.pdf?1786625111
2026-16579,Notice of Proposed Administrative Settlement Agreement and Order on Consent for Recovery of Past Response Costs,Notice,Published,Environmental Protection Agency,2026-08-14,,2026-09-14,,91 FR 52688,CERCLA 06-01-26 | FRL-13372-01-R6,"In accordance with the Comprehensive Environmental Response, Compensation, and Liability Act (""CERCLA""), notice is hereby given that a proposed CERCLA section 122(h)(1) Settlement Agreement for Recovery of Past Response Costs (""Proposed Agreement"") associated with the Bulldog Environmental Services in 213 Main Avenue, Anton, Hockley County, Texas (""Site"") was executed by the Environmental Protection Agency (""EPA"") and is now subject to public comment, after which EPA may modify or withdraw its consent if comments received disclose facts or considerations that indicate that the Proposed Agreement is inappropriate, improper, or inadequate.",https://www.federalregister.gov/documents/2026/08/14/2026-16579/notice-of-proposed-administrative-settlement-agreement-and-order-on-consent-for-recovery-of-past,https://www.govinfo.gov/content/pkg/FR-2026-08-14/pdf/2026-16579.pdf,https://public-inspection.federalregister.gov/2026-16579.pdf?1786625110
2026-16578,Notice of Proposed Administrative Settlement Agreement and Order on Consent for De Minimins Contributors,Notice,Published,Environmental Protection Agency,2026-08-14,,2026-09-14,,91 FR 52689,CERCLA 06-01-26 | FRL-13353-01-R6,"In accordance with the Comprehensive Environmental Response, Compensation, and Liability Act (""CERCLA""), notice is hereby given that a proposed CERCLA section 122(g)(4) Settlement Agreement for Recovery of Past Response Costs (""Proposed Agreement"") associated with the Bulldog Environmental Services in 213 Main Avenue, Anton, Hockley County, Texas (""Site"") was executed by the Environmental Protection Agency (""EPA"") and is now subject to public comment, after which EPA may modify or withdraw its consent if comments received disclose facts or considerations that indicate that the Proposed Agreement is inappropriate, improper, or inadequate.",https://www.federalregister.gov/documents/2026/08/14/2026-16578/notice-of-proposed-administrative-settlement-agreement-and-order-on-consent-for-de-minimins,https://www.govinfo.gov/content/pkg/FR-2026-08-14/pdf/2026-16578.pdf,https://public-inspection.federalregister.gov/2026-16578.pdf?1786625110
2026-16577,Notice of Proposed Administrative Settlement Agreement and Order on Consent for Recovery of Past Response Costs,Notice,Published,Environmental Protection Agency,2026-08-14,,2026-09-14,,91 FR 52689,CERCLA 06-01-26 | FRL-13442-01-R6,"In accordance with the Comprehensive Environmental Response, Compensation, and Liability Act (""CERCLA""), notice is hereby given that a proposed CERCLA section 122(h)(1) Settlement Agreement for Recovery of Past Response Costs (""Proposed Agreement"") associated with the Bulldog Environmental Services in 213 Main Avenue, Anton, Hockley County, Texas (""Site"") was executed by the Environmental Protection Agency (""EPA"") and is now subject to public comment, after which EPA may modify or withdraw its consent if comments received disclose facts or considerations that indicate that the Proposed Agreement is inappropriate, improper, or inadequate.",https://www.federalregister.gov/documents/2026/08/14/2026-16577/notice-of-proposed-administrative-settlement-agreement-and-order-on-consent-for-recovery-of-past,https://www.govinfo.gov/content/pkg/FR-2026-08-14/pdf/2026-16577.pdf,https://public-inspection.federalregister.gov/2026-16577.pdf?1786625110
2026-16572,"Order Granting Temporary Conditional Exemptive Relief to 24X National Exchange LLC From Certain Requirements of Rule 602 of Regulation NMS, Certain Requirements of Certain Equity Data Plans, and Section 19(g)(1) of the Securities Exchange Act of 1934, Pursuant to Section 36 of the Securities Exchange Act of 1934 and Rules 602 and 608 of Regulation NMS, To Permit Certain Overnight Trading, Subject to Certain Conditions, and Effective As of January 24, 2027 and Until the Earlier of (1) the date the Extended Hours Amendments Are Implemented or (2) July 2, 2027",Notice,Published,Securities and Exchange Commission,2026-08-14,,,,91 FR 52756,Release No. 34-106061 | File No. S7-2026-06,,https://www.federalregister.gov/documents/2026/08/14/2026-16572/order-granting-temporary-conditional-exemptive-relief-to-24x-national-exchange-llc-from-certain,https://www.govinfo.gov/content/pkg/FR-2026-08-14/pdf/2026-16572.pdf,https://public-inspection.federalregister.gov/2026-16572.pdf?1786625110
2026-16565,Proposed Modification of NPDES General Permit for Federal Aquaculture Facilities and Aquaculture Facilities Located in Indian Country in Washington (WAG130000),Notice,Published,Environmental Protection Agency,2026-08-14,,2026-09-28,,91 FR 52688,FRL-13413-01-R10,"The Environmental Protection Agency (EPA), Region 10, proposes to modify the National Pollutant Discharge Elimination System (NPDES) General Permit for Federal Aquaculture Facilities and Aquaculture Facilities Located in Indian Country in Washington (draft modified GP). The draft modified GP incorporates facility-specific conditions for Leavenworth National Fish Hatchery which will allow the facility to obtain coverage under the draft modified GP. Additionally, the draft modified GP proposes a modification to the chlorine monitoring requirements for all facilities covered under the GP. The draft modified GP and Fact Sheet addendum are available on the EPA Region 10 website at https://www.epa.gov/npdes-permits/npdes-general-permit- federal-aquaculture-facilities-and-aquaculture-facilities.",https://www.federalregister.gov/documents/2026/08/14/2026-16565/proposed-modification-of-npdes-general-permit-for-federal-aquaculture-facilities-and-aquaculture,https://www.govinfo.gov/content/pkg/FR-2026-08-14/pdf/2026-16565.pdf,https://public-inspection.federalregister.gov/2026-16565.pdf?1786625109
2026-16559,"Self-Regulatory Organizations; Cboe BYX Exchange, Inc.; Notice of Filing of Amendment No. 1 and Order Instituting Proceedings To Determine Whether To Approve or Disapprove a Proposed Rule Change, as Modified by Amendment No. 1, To Amend Rule 11.25 To Introduce an Optional, Contingent Instruction Applicable to Periodic Auction Only Orders, Introduce a Time-in-Force of Auction or Cancel, and Make Conforming Changes to Its Periodic Auction Processing Behavior To Support the Proposed Contingent Instruction",Notice,Published,Securities and Exchange Commission,2026-08-14,,,,91 FR 52735,Release No. 34-106071 | File No. SR-CboeBYX-2026-014,,https://www.federalregister.gov/documents/2026/08/14/2026-16559/self-regulatory-organizations-cboe-byx-exchange-inc-notice-of-filing-of-amendment-no-1-and-order,https://www.govinfo.gov/content/pkg/FR-2026-08-14/pdf/2026-16559.pdf,https://public-inspection.federalregister.gov/2026-16559.pdf?1786625107
2026-16557,Submission for OMB Review; Comment Request,Notice,Published,Agriculture Department,2026-08-14,,,,91 FR 52663,,,https://www.federalregister.gov/documents/2026/08/14/2026-16557/submission-for-omb-review-comment-request,https://www.govinfo.gov/content/pkg/FR-2026-08-14/pdf/2026-16557.pdf,https://public-inspection.federalregister.gov/2026-16557.pdf?1786625108
2026-16556,Information Collection Being Reviewed by the Federal Communications Commission Under Delegated Authority,Notice,Published,Federal Communications Commission,2026-08-14,,2026-10-13,,91 FR 52690,OMB 3060-0584 | FR ID 361344,"As part of its continuing effort to reduce paperwork burdens, and as required by the Paperwork Reduction Act (PRA) of 1995, the Federal Communications Commission (FCC or the Commission) invites the general public and other Federal agencies to take this opportunity to comment on the following information collection. Comments are requested concerning: whether the proposed collection of information is necessary for the proper performance of the functions of the Commission, including whether the information shall have practical utility; the accuracy of the Commission's burden estimate; ways to enhance the quality, utility, and clarity of the information collected; ways to minimize the burden of the collection of information on the respondents, including the use of automated collection techniques or other forms of information technology; and ways to further reduce the information collection burden on small business concerns with fewer than 25 employees. The FCC may not conduct or sponsor a collection of information unless it displays a currently valid control number. No person shall be subject to any penalty for failing to comply with a collection of information subject to the PRA that does not display a valid Office of Management and Budget (OMB) control number.",https://www.federalregister.gov/documents/2026/08/14/2026-16556/information-collection-being-reviewed-by-the-federal-communications-commission-under-delegated,https://www.govinfo.gov/content/pkg/FR-2026-08-14/pdf/2026-16556.pdf,https://public-inspection.federalregister.gov/2026-16556.pdf?1786625107
2026-16553,"Certain Frozen Fish Fillets From the Socialist Republic of Vietnam: Final Results and Rescission, in Part, of Antidumping Duty Administrative Review; 2023-2024",Notice,Published,Commerce Department | International Trade Administration,2026-08-13,,,,91 FR 52286,A-552-801,"The U.S. Department of Commerce (Commerce) determines that Bien Dong Seafood Co., Ltd. (Bien Dong) and NTSF Seafoods Joint Stock Company (NTSF), made sales of certain frozen fish fillets (fish fillets) at less than normal value (NV) during the period of review (POR) August 1, 2023, through July 31, 2024.",https://www.federalregister.gov/documents/2026/08/13/2026-16553/certain-frozen-fish-fillets-from-the-socialist-republic-of-vietnam-final-results-and-rescission-in,https://www.govinfo.gov/content/pkg/FR-2026-08-13/pdf/2026-16553.pdf,https://public-inspection.federalregister.gov/2026-16553.pdf?1786538720
2026-16550,Quarterly Update to Annual Listing of Foreign Government Subsidies on Articles of Cheese Subject to an In-Quota Rate of Duty,Notice,Published,Commerce Department | International Trade Administration,2026-08-13,,2026-09-30,,91 FR 52289,,,https://www.federalregister.gov/documents/2026/08/13/2026-16550/quarterly-update-to-annual-listing-of-foreign-government-subsidies-on-articles-of-cheese-subject-to,https://www.govinfo.gov/content/pkg/FR-2026-08-13/pdf/2026-16550.pdf,https://public-inspection.federalregister.gov/2026-16550.pdf?1786538719
2026-16549,"Organic Soybean Meal From India: Preliminary Results and Rescission, in Part of Antidumping Duty Administrative Review; 2024-2025",Notice,Published,Commerce Department | International Trade Administration,2026-08-13,,,,91 FR 52279,A-533-901,"The U.S. Department of Commerce (Commerce) preliminarily determines that producers/exporters subject to this review did not make sales of subject merchandise at less than normal value (NV) during the period of review (POR) May 1, 2024, through April 30, 2025. In addition, we are rescinding the review with respect to 145 companies. Interested parties are invited to comment on these preliminary results of review.",https://www.federalregister.gov/documents/2026/08/13/2026-16549/organic-soybean-meal-from-india-preliminary-results-and-rescission-in-part-of-antidumping-duty,https://www.govinfo.gov/content/pkg/FR-2026-08-13/pdf/2026-16549.pdf,https://public-inspection.federalregister.gov/2026-16549.pdf?1786538719
2026-16548,Carbon and Alloy Steel Wire Rod From the Republic of Korea: Preliminary Results of Antidumping Duty Administrative Review; 2024-2025,Notice,Published,Commerce Department | International Trade Administration,2026-08-13,,,,91 FR 52282,A-580-891,"The U.S. Department of Commerce (Commerce) preliminarily finds that POSCO and POSCO International Corporation (PIC) (collectively, POSCO), a producer and exporter of carbon and alloy steel wire rod (wire rod) from the Republic of Korea (Korea), did not sell subject merchandise in the United States at prices below normal value during the period of review (POR) May 1, 2024, through April 30, 2025. We invite all interested parties to comment on these preliminary results.",https://www.federalregister.gov/documents/2026/08/13/2026-16548/carbon-and-alloy-steel-wire-rod-from-the-republic-of-korea-preliminary-results-of-antidumping-duty,https://www.govinfo.gov/content/pkg/FR-2026-08-13/pdf/2026-16548.pdf,https://public-inspection.federalregister.gov/2026-16548.pdf?1786538719
2026-16547,Utility Scale Wind Towers From Indonesia: Final Results of Antidumping Duty Administrative Review; 2023-2024,Notice,Published,Commerce Department | International Trade Administration,2026-08-13,,,,91 FR 52284,A-560-833,"The U.S. Department of Commerce (Commerce) determines that utility scale wind towers (wind towers) from Indonesia are not being sold in the United States at less than normal value during the period of review (POR), August 1, 2023, through July 31, 2024.",https://www.federalregister.gov/documents/2026/08/13/2026-16547/utility-scale-wind-towers-from-indonesia-final-results-of-antidumping-duty-administrative-review,https://www.govinfo.gov/content/pkg/FR-2026-08-13/pdf/2026-16547.pdf,https://public-inspection.federalregister.gov/2026-16547.pdf?1786538719
2026-16546,"Foreign-Trade Zone 7; Application for Expansion of Subzone 7Q; Motorambar, Inc.; Cataño, Puerto Rico",Notice,Published,Commerce Department | Foreign-Trade Zones Board,2026-08-13,,,,91 FR 52279,S-404-2026,,https://www.federalregister.gov/documents/2026/08/13/2026-16546/foreign-trade-zone-7-application-for-expansion-of-subzone-7q-motorambar-inc-catao-puerto-rico,https://www.govinfo.gov/content/pkg/FR-2026-08-13/pdf/2026-16546.pdf,https://public-inspection.federalregister.gov/2026-16546.pdf?1786538719
2026-16545,"Foreign-Trade Zone 7; Application for Subzone; Luis Garratón, LLC; Caguas, Puerto Rico",Notice,Published,Commerce Department | Foreign-Trade Zones Board,2026-08-13,,,,91 FR 52278,S-403-2026,,https://www.federalregister.gov/documents/2026/08/13/2026-16545/foreign-trade-zone-7-application-for-subzone-luis-garratn-llc-caguas-puerto-rico,https://www.govinfo.gov/content/pkg/FR-2026-08-13/pdf/2026-16545.pdf,https://public-inspection.federalregister.gov/2026-16545.pdf?1786538718
2026-16541,Agency Information Collection Activities; Comment Request; National Special Education Spending Study,Notice,Published,Education Department,2026-08-13,,2026-10-13,,91 FR 52298,Docket No.: ED-2026-SCC-2674,"In accordance with the Paperwork Reduction Act (PRA) of 1995, the Department is proposing a new information collection request (ICR).",https://www.federalregister.gov/documents/2026/08/13/2026-16541/agency-information-collection-activities-comment-request-national-special-education-spending-study,https://www.govinfo.gov/content/pkg/FR-2026-08-13/pdf/2026-16541.pdf,https://public-inspection.federalregister.gov/2026-16541.pdf?1786538718
2026-16535,Privacy Act of 1974; System of Records,Notice,Published,Housing and Urban Development Department,2026-08-13,,2026-09-14,,91 FR 52316,Docket No. FR-7106-N-35,"Pursuant to the provisions of the Privacy Act of 1974, as amended, the Department of Housing and Urban Development (HUD), Office of Chief Information Officer (OCIO), and Infrastructure and Operations (IOO), is issuing a public notice of its intent to establish a Privacy Act System of Records Notice (SORN) titled ""Sumo Logic."" Sumo Logic serves as HUD's Security Information and Event Management (SIEM) tool, supporting centralized log collection, aggregation, and security monitoring. It collects system log data from HUD applications, infrastructure, security tools, and cloud platforms, and performs event correlation, custom searches, dashboard monitoring, scheduled reporting, and other standard security monitoring. This newly established system will be included in HUD's inventory of record systems. HUD had previously published a SORN for this system on June 10, 2026 (91 FR 35248). However, the underlying authority was revoked and replaced. Accordingly, HUD withdraws the SORN published on June 10, 2026, and instead publishes this SORN with the updated authority.",https://www.federalregister.gov/documents/2026/08/13/2026-16535/privacy-act-of-1974-system-of-records,https://www.govinfo.gov/content/pkg/FR-2026-08-13/pdf/2026-16535.pdf,https://public-inspection.federalregister.gov/2026-16535.pdf?1786538718
2026-16534,Agency Information Collection Activities; Federal Fish and Wildlife Permit Applications and Reports-Migratory Birds,Notice,Published,Interior Department | Fish and Wildlife Service,2026-08-13,,2026-10-13,,91 FR 52320,"Docket No. FWS-HQ-MB-2026-2146 | FXMB1231099BPP0-267-FF09M21200 | OMB Control Numbers 1018-0022, 1018-0146, 1018-NEW1, 1018-NEW2","In accordance with the Paperwork Reduction Act of 1995, we, the U.S. Fish and Wildlife Service (Service), are proposing to revise two existing information collections and proposing two new information collections.",https://www.federalregister.gov/documents/2026/08/13/2026-16534/agency-information-collection-activities-federal-fish-and-wildlife-permit-applications-and,https://www.govinfo.gov/content/pkg/FR-2026-08-13/pdf/2026-16534.pdf,https://public-inspection.federalregister.gov/2026-16534.pdf?1786538718
2026-16532,Agency Information Collection Activities: Information Collection Renewal; Comment Request; Conversions From Mutual to Stock Form,Notice,Published,Treasury Department | Comptroller of the Currency,2026-08-13,,2026-10-13,,91 FR 52398,,"The OCC, as part of its continuing effort to reduce paperwork and respondent burden, invites comment on a continuing information collection, as required by the Paperwork Reduction Act of 1995 (PRA). In accordance with the requirements of the PRA, the OCC may not conduct or sponsor, and the respondent is not required to respond to, an information collection unless it displays a currently valid Office of Management and Budget (OMB) control number. The OCC is soliciting comment concerning the renewal of its information collection titled, ""Conversions From Mutual to Stock Form.""",https://www.federalregister.gov/documents/2026/08/13/2026-16532/agency-information-collection-activities-information-collection-renewal-comment-request-conversions,https://www.govinfo.gov/content/pkg/FR-2026-08-13/pdf/2026-16532.pdf,https://public-inspection.federalregister.gov/2026-16532.pdf?1786538717
2026-16528,New Postal Products,Notice,Published,Postal Regulatory Commission,2026-08-13,,2026-08-18,,91 FR 52352,Docket Nos. K2025-1243 | MC2026-338 and K2026-332 | MC2026-339 and K2026-333 | MC2026-340 and K2026-334 | MC2026-341 and K2026-335 | MC2026-342 and K2026-336,"The Commission is noticing a recent Postal Service filing for the Commission's consideration concerning a negotiated service agreement. This notice informs the public of the filing, invites public comment, and takes other administrative steps.",https://www.federalregister.gov/documents/2026/08/13/2026-16528/new-postal-products,https://www.govinfo.gov/content/pkg/FR-2026-08-13/pdf/2026-16528.pdf,https://public-inspection.federalregister.gov/2026-16528.pdf?1786538717
2026-16527,Agency Information Collection Activities; Submission to the Office of Management and Budget for Review and Approval; Information Required To Cross Private Land for Access to BLM Lands,Notice,Published,Interior Department | Land Management Bureau,2026-08-13,,2026-09-14,,91 FR 52329,"A2407-014-004-065516, #O2509-014-004-125222 | LLHQ/LLNMP01000","In accordance with the Paperwork Reduction Act of 1995 (PRA), the Bureau of Land Management (BLM) is requesting approval for a new information collection.",https://www.federalregister.gov/documents/2026/08/13/2026-16527/agency-information-collection-activities-submission-to-the-office-of-management-and-budget-for,https://www.govinfo.gov/content/pkg/FR-2026-08-13/pdf/2026-16527.pdf,https://public-inspection.federalregister.gov/2026-16527.pdf?1786538717
2026-16521,Submission for OMB Review; Comment Request,Notice,Published,Agriculture Department,2026-08-13,,,,91 FR 52276,,,https://www.federalregister.gov/documents/2026/08/13/2026-16521/submission-for-omb-review-comment-request,https://www.govinfo.gov/content/pkg/FR-2026-08-13/pdf/2026-16521.pdf,https://public-inspection.federalregister.gov/2026-16521.pdf?1786538716
2026-16520,Agency Information Collection Activities; Submission to the Office of Management and Budget; North American Woodcock Singing Ground Survey,Notice,Published,Interior Department | Fish and Wildlife Service,2026-08-13,,2026-09-14,,91 FR 52318,Docket No. FWS-HQ-MB-2026-2443 | FXMB123109WEBB0-267-FF09M26000 | OMB Control Number 1018-0019,"In accordance with the Paperwork Reduction Act of 1995, we, the U.S. Fish and Wildlife Service (Service), are proposing to renew an information collection with change.",https://www.federalregister.gov/documents/2026/08/13/2026-16520/agency-information-collection-activities-submission-to-the-office-of-management-and-budget-north,https://www.govinfo.gov/content/pkg/FR-2026-08-13/pdf/2026-16520.pdf,https://public-inspection.federalregister.gov/2026-16520.pdf?1786538716
2026-16516,Records Schedules; Availability and Request for Comments,Notice,Published,National Archives and Records Administration,2026-08-13,,2026-09-28,,91 FR 52350,NARA-26-0364 | NARA-2026-033,The National Archives and Records Administration (NARA) publishes notice of certain Federal agency requests for records disposition authority (records schedules). We publish notice in the Federal Register and on regulations.govfor records schedules in which agencies propose to dispose of records they no longer need to conduct agency business. We invite public comments on such records schedules.,https://www.federalregister.gov/documents/2026/08/13/2026-16516/records-schedules-availability-and-request-for-comments,https://www.govinfo.gov/content/pkg/FR-2026-08-13/pdf/2026-16516.pdf,https://public-inspection.federalregister.gov/2026-16516.pdf?1786538715
2026-16513,Change in Bank Control Notices; Acquisitions of Shares of a Bank or Bank Holding Company,Notice,Published,Federal Reserve System,2026-08-13,,,,91 FR 52303,,,https://www.federalregister.gov/documents/2026/08/13/2026-16513/change-in-bank-control-notices-acquisitions-of-shares-of-a-bank-or-bank-holding-company,https://www.govinfo.gov/content/pkg/FR-2026-08-13/pdf/2026-16513.pdf,https://public-inspection.federalregister.gov/2026-16513.pdf?1786538715
2026-16501,Agency Information Collection Activity: Application for Assumption Approval and/or Release From Personal Liability to the Government on a Home Loan,Notice,Published,Veterans Affairs Department,2026-08-13,,2026-10-13,,91 FR 52403,OMB Control No. 2900-0110,"Veterans Benefits Administration (VBA), Department of Veterans Affairs (VA), is announcing an opportunity for public comment on the proposed collection of certain information by the agency. Under the Paperwork Reduction Act (PRA) of 1995, Federal agencies are required to publish notice in the Federal Register concerning each proposed collection of information, including each proposed extension of a currently approved collection, and allow 60 days for public comment in response to the notice.",https://www.federalregister.gov/documents/2026/08/13/2026-16501/agency-information-collection-activity-application-for-assumption-approval-andor-release-from,https://www.govinfo.gov/content/pkg/FR-2026-08-13/pdf/2026-16501.pdf,https://public-inspection.federalregister.gov/2026-16501.pdf?1786538714
2026-16500,Agency Information Collection Activity: Mandatory Verification of Dependents,Notice,Published,Veterans Affairs Department,2026-08-13,,2026-10-13,,91 FR 52402,OMB Control No. 2900-0500,"Veterans Benefits Administration (VBA), Department of Veterans Affairs (VA), is announcing an opportunity for public comment on the proposed collection of certain information by the agency. Under the Paperwork Reduction Act (PRA) of 1995, Federal agencies are required to publish notice in the Federal Register concerning each proposed collection of information, including each proposed revision of a currently approved collection, and allow 60 days for public comment in response to the notice.",https://www.federalregister.gov/documents/2026/08/13/2026-16500/agency-information-collection-activity-mandatory-verification-of-dependents,https://www.govinfo.gov/content/pkg/FR-2026-08-13/pdf/2026-16500.pdf,https://public-inspection.federalregister.gov/2026-16500.pdf?1786538714
2026-16499,Notice on Community Development Block Grant Disaster Recovery (CDBG-DR) Formula,Notice,Published,Housing and Urban Development Department,2026-08-13,,2026-09-14,,91 FR 52314,Docket No. FR-6337-N-02,This notice seeks additional comment on an earlier Request for Information (RFI) on the methodology HUD uses to calculate Community Development Block Grant Disaster Recovery (CDBG-DR) allocation amounts. It also notifies the public that HUD will use the formula described in the 2025 notice for allocations to 2023 and 2024 disasters until a final rule is completed. This notice also seeks comment on potential formula modifications that HUD is considering.,https://www.federalregister.gov/documents/2026/08/13/2026-16499/notice-on-community-development-block-grant-disaster-recovery-cdbg-dr-formula,https://www.govinfo.gov/content/pkg/FR-2026-08-13/pdf/2026-16499.pdf,https://public-inspection.federalregister.gov/2026-16499.pdf?1786538713
2026-16498,"Notice of Inventory Completion: Texas Parks and Wildlife Department, Austin, TX",Notice,Published,Interior Department | National Park Service,2026-08-13,,,,91 FR 52337,N7418 | NPS-WASO-NAGPRA-NPS0043480 | PPWOCRADN0-PCU00RP14.R50000,"In accordance with the Native American Graves Protection and Repatriation Act (NAGPRA), the Texas Parks and Wildlife Department has completed an inventory of associated funerary objects and has determined that there is a cultural affiliation between the associated funerary objects and Indian Tribes or Native Hawaiian organizations in this notice.",https://www.federalregister.gov/documents/2026/08/13/2026-16498/notice-of-inventory-completion-texas-parks-and-wildlife-department-austin-tx,https://www.govinfo.gov/content/pkg/FR-2026-08-13/pdf/2026-16498.pdf,https://public-inspection.federalregister.gov/2026-16498.pdf?1786538713
2026-16497,"Notice of Intended Repatriation: Autry Museum of the American West, Los Angeles, CA",Notice,Published,Interior Department | National Park Service,2026-08-13,,,,91 FR 52339,N7411 | NPS-WASO-NAGPRA-NPS0043473 | PPWOCRADN0-PCU00RP14.R50000,"In accordance with the Native American Graves Protection and Repatriation Act (NAGPRA), the Autry Museum of the American West (Southwest Museum Collection) intends to repatriate certain cultural items that meet the definition of unassociated funerary objects and that have a cultural affiliation with the Indian Tribes or Native Hawaiian organizations in this notice.",https://www.federalregister.gov/documents/2026/08/13/2026-16497/notice-of-intended-repatriation-autry-museum-of-the-american-west-los-angeles-ca,https://www.govinfo.gov/content/pkg/FR-2026-08-13/pdf/2026-16497.pdf,https://public-inspection.federalregister.gov/2026-16497.pdf?1786538713
2026-16495,"Notice of Inventory Completion: Sonoma State University, Rohnert Park, CA",Notice,Published,Interior Department | National Park Service,2026-08-13,,,,91 FR 52341,N7402 | NPS-WASO-NAGPRA-NPS0043463 | PPWOCRADN0-PCU00RP14.R50000,"In accordance with the Native American Graves Protection and Repatriation Act (NAGPRA), Sonoma State University has completed an inventory of associated funerary objects and has determined that there is a cultural affiliation between the associated funerary objects and Indian Tribes or Native Hawaiian organizations in this notice.",https://www.federalregister.gov/documents/2026/08/13/2026-16495/notice-of-inventory-completion-sonoma-state-university-rohnert-park-ca,https://www.govinfo.gov/content/pkg/FR-2026-08-13/pdf/2026-16495.pdf,https://public-inspection.federalregister.gov/2026-16495.pdf?1786538713
2026-16494,"Notice of Inventory Completion: Autry Museum of the American West, Los Angeles, CA",Notice,Published,Interior Department | National Park Service,2026-08-13,,,,91 FR 52344,N7412 | NPS-WASO-NAGPRA-NPS0043474 | PPWOCRADN0-PCU00RP14.R50000,"In accordance with the Native American Graves Protection and Repatriation Act (NAGPRA), the Autry Museum of the American West (Southwest Museum Collection) has completed an inventory of human remains and associated funerary objects and has determined that there is a cultural affiliation between the human remains and associated funerary objects and Indian Tribes or Native Hawaiian organizations in this notice.",https://www.federalregister.gov/documents/2026/08/13/2026-16494/notice-of-inventory-completion-autry-museum-of-the-american-west-los-angeles-ca,https://www.govinfo.gov/content/pkg/FR-2026-08-13/pdf/2026-16494.pdf,https://public-inspection.federalregister.gov/2026-16494.pdf?1786538713
2026-16493,"Notice of Inventory Completion: Bruce Museum Greenwich, CT",Notice,Published,Interior Department | National Park Service,2026-08-13,,,,91 FR 52348,N7406 | NPS-WASO-NAGPRA-NPS0043468 | PPWOCRADN0-PCU00RP14.R50000,"In accordance with the Native American Graves Protection and Repatriation Act (NAGPRA), the Bruce Museum has completed an inventory of human remains and has determined that there is a cultural affiliation between the human remains and Indian Tribes or Native Hawaiian organizations in this notice.",https://www.federalregister.gov/documents/2026/08/13/2026-16493/notice-of-inventory-completion-bruce-museum-greenwich-ct,https://www.govinfo.gov/content/pkg/FR-2026-08-13/pdf/2026-16493.pdf,https://public-inspection.federalregister.gov/2026-16493.pdf?1786538713
2026-16492,"Notice of Inventory Completion: University of Alabama at Birmingham, Birmingham, AL",Notice,Published,Interior Department | National Park Service,2026-08-13,,,,91 FR 52333,N7401 | NPS-WASO-NAGPRA-NPS0043462 | PPWOCRADN0-PCU00RP14.R50000,"In accordance with the Native American Graves Protection and Repatriation Act (NAGPRA), the University of Alabama at Birmingham (UAB) has completed an inventory of human remains and associated funerary objects and has determined that there is a cultural affiliation between the human remains and associated funerary objects and Indian Tribes or Native Hawaiian organizations in this notice.",https://www.federalregister.gov/documents/2026/08/13/2026-16492/notice-of-inventory-completion-university-of-alabama-at-birmingham-birmingham-al,https://www.govinfo.gov/content/pkg/FR-2026-08-13/pdf/2026-16492.pdf,https://public-inspection.federalregister.gov/2026-16492.pdf?1786538713
2026-16490,"Notice of Intended Disposition: U.S. Department of the Interior, National Park Service, Petersburg National Battlefield, Petersburg, VA",Notice,Published,Interior Department | National Park Service,2026-08-13,,,,91 FR 52331,N7368 | NPS-WASO-NAGPRA-NPS0043481 | PPWOCRADN0-PCU00RP14.R50000,"In accordance with the Native American Graves Protection and Repatriation Act (NAGPRA), the U.S. Department of the Interior, National Park Service, Petersburg National Battlefield intends to carry out the disposition of associated funerary objects removed from Federal or Tribal lands to the lineal descendants, Indian Tribe, or Native Hawaiian organization with priority for disposition in this notice.",https://www.federalregister.gov/documents/2026/08/13/2026-16490/notice-of-intended-disposition-us-department-of-the-interior-national-park-service-petersburg,https://www.govinfo.gov/content/pkg/FR-2026-08-13/pdf/2026-16490.pdf,https://public-inspection.federalregister.gov/2026-16490.pdf?1786538712
2026-16489,"Notice of Intended Repatriation: Diablo Valley College, Pleasant Hill, CA",Notice,Published,Interior Department | National Park Service,2026-08-13,,,,91 FR 52346,N7415 | NPS-WASO-NAGPRA-NPS0043477 | PPWOCRADN0-PCU00RP14.R50000,"In accordance with the Native American Graves Protection and Repatriation Act (NAGPRA), the Diablo Valley College intends to repatriate certain cultural items that meet the definition of unassociated funerary objects, sacred objects, and/or objects of cultural patrimony and that have a cultural affiliation with the Indian Tribes or Native Hawaiian organizations in this notice.",https://www.federalregister.gov/documents/2026/08/13/2026-16489/notice-of-intended-repatriation-diablo-valley-college-pleasant-hill-ca,https://www.govinfo.gov/content/pkg/FR-2026-08-13/pdf/2026-16489.pdf,https://public-inspection.federalregister.gov/2026-16489.pdf?1786538712
2026-16488,"Notice of Inventory Completion: U.S. Department of the Interior, National Park Service, Cumberland Island National Seashore, St. Marys, GA",Notice,Published,Interior Department | National Park Service,2026-08-13,,,,91 FR 52336,N7408 | NPS-WASO-NAGPRA-NPS0043470 | PPWOCRADN0-PCU00RP14.R50000,"In accordance with the Native American Graves Protection and Repatriation Act (NAGPRA), the U.S. Department of the Interior, National Park Service, Cumberland Island National Seashore has completed an inventory of human remains and has determined that there is a cultural affiliation between the human remains and Indian Tribes or Native Hawaiian organizations in this notice.",https://www.federalregister.gov/documents/2026/08/13/2026-16488/notice-of-inventory-completion-us-department-of-the-interior-national-park-service-cumberland-island,https://www.govinfo.gov/content/pkg/FR-2026-08-13/pdf/2026-16488.pdf,https://public-inspection.federalregister.gov/2026-16488.pdf?1786538712
2026-16487,"Notice of Intended Repatriation: History Colorado, Denver, CO",Notice,Published,Interior Department | National Park Service,2026-08-13,,,,91 FR 52330,N7414 | NPS-WASO-NAGPRA-NPS0043476 | PPWOCRADN0-PCU00RP14.R50000,"In accordance with the Native American Graves Protection and Repatriation Act (NAGPRA), History Colorado intends to repatriate certain cultural items that meet the definition of sacred objects/ objects of cultural patrimony and that have a cultural affiliation with the Indian Tribes or Native Hawaiian organizations in this notice.",https://www.federalregister.gov/documents/2026/08/13/2026-16487/notice-of-intended-repatriation-history-colorado-denver-co,https://www.govinfo.gov/content/pkg/FR-2026-08-13/pdf/2026-16487.pdf,https://public-inspection.federalregister.gov/2026-16487.pdf?1786538712
2026-16486,"Notice of Intended Repatriation: U.S. Department of the Interior, National Park Service, Mesa Verde National Park, CO",Notice,Published,Interior Department | National Park Service,2026-08-13,,,,91 FR 52346,N7407 | NPS-WASO-NAGPRA-NPS0043469 | PPWOCRADN0-PCU00RP14.R50000,"In accordance with the Native American Graves Protection and Repatriation Act (NAGPRA), the U.S. Department of the Interior, National Park Service, Mesa Verde National Park intends to repatriate certain cultural items that meet the definition of unassociated funerary objects and that have a cultural affiliation with the Indian Tribes or Native Hawaiian organizations in this notice.",https://www.federalregister.gov/documents/2026/08/13/2026-16486/notice-of-intended-repatriation-us-department-of-the-interior-national-park-service-mesa-verde,https://www.govinfo.gov/content/pkg/FR-2026-08-13/pdf/2026-16486.pdf,https://public-inspection.federalregister.gov/2026-16486.pdf?1786538712
2026-16485,"Notice of Intended Repatriation: Ohio History Connection, Columbus, OH",Notice,Published,Interior Department | National Park Service,2026-08-13,,,,91 FR 52337,N7416 | NPS-WASO-NAGPRA-NPS0043478 | PPWOCRADN0-PCU00RP14.R50000,"In accordance with the Native American Graves Protection and Repatriation Act (NAGPRA), the Ohio History Connection intends to repatriate a certain cultural item that meets the definition of an object of cultural patrimony and that has a cultural affiliation with the Indian Tribes or Native Hawaiian organizations in this notice.",https://www.federalregister.gov/documents/2026/08/13/2026-16485/notice-of-intended-repatriation-ohio-history-connection-columbus-oh,https://www.govinfo.gov/content/pkg/FR-2026-08-13/pdf/2026-16485.pdf,https://public-inspection.federalregister.gov/2026-16485.pdf?1786538712
2026-16484,"Notice of Intended Repatriation: University of California, Davis, Davis, CA",Notice,Published,Interior Department | National Park Service,2026-08-13,,,,91 FR 52345,N7409 | NPS-WASO-NAGPRA-NPS0043471 | PPWOCRADN0-PCU00RP14.R50000,"In accordance with the Native American Graves Protection and Repatriation Act (NAGPRA), the University of California, Davis (UC Davis) intends to repatriate a certain cultural item that meets the definition of an object of cultural patrimony and that has a cultural affiliation with the Indian Tribes or Native Hawaiian organizations in this notice.",https://www.federalregister.gov/documents/2026/08/13/2026-16484/notice-of-intended-repatriation-university-of-california-davis-davis-ca,https://www.govinfo.gov/content/pkg/FR-2026-08-13/pdf/2026-16484.pdf,https://public-inspection.federalregister.gov/2026-16484.pdf?1786538712
2026-16483,"Notice of Inventory Completion: U.S. Department of the Interior, Bureau of Land Management, California State Office, Sacramento, CA",Notice,Published,Interior Department | National Park Service,2026-08-13,,,,91 FR 52343,N7400 | NPS-WASO-NAGPRA-NPS0043461 | PPWOCRADN0-PCU00RP14.R50000,"In accordance with the Native American Graves Protection and Repatriation Act (NAGPRA), the U.S. Department of the Interior, Bureau of Land Management, California State Office (BLM CA) has completed an inventory of human remains and associated funerary objects (belongings) and has determined that there is a cultural affiliation between the human remains and associated funerary belongings and Indian Tribes or Native Hawaiian organizations in this notice.",https://www.federalregister.gov/documents/2026/08/13/2026-16483/notice-of-inventory-completion-us-department-of-the-interior-bureau-of-land-management-california,https://www.govinfo.gov/content/pkg/FR-2026-08-13/pdf/2026-16483.pdf,https://public-inspection.federalregister.gov/2026-16483.pdf?1786538712
2026-16482,"Notice of Inventory Completion: U.S. Department of the Interior, Bureau of Land Management, California State Office, Sacramento, CA",Notice,Published,Interior Department | National Park Service,2026-08-13,,,,91 FR 52341,N7399 | NPS-WASO-NAGPRA-NPS0043460 | PPWOCRADN0-PCU00RP14.R50000,"In accordance with the Native American Graves Protection and Repatriation Act (NAGPRA), the U.S. Department of the Interior, Bureau of Land Management, California State Office (BLM CA) has completed an inventory of human remains and associated funerary objects (belongings) and has determined that there is a cultural affiliation between the human remains and associated funerary belongings and Indian Tribes or Native Hawaiian organizations in this notice.",https://www.federalregister.gov/documents/2026/08/13/2026-16482/notice-of-inventory-completion-us-department-of-the-interior-bureau-of-land-management-california,https://www.govinfo.gov/content/pkg/FR-2026-08-13/pdf/2026-16482.pdf,https://public-inspection.federalregister.gov/2026-16482.pdf?1786538711
2026-16481,"Notice of Intended Repatriation: University of Michigan, Ann Arbor, MI",Notice,Published,Interior Department | National Park Service,2026-08-13,,,,91 FR 52332,N7413 | NPS-WASO-NAGPRA-NPS0043475 | PPWOCRADN0-PCU00RP14.R50000,"In accordance with the Native American Graves Protection and Repatriation Act (NAGPRA), the University of Michigan intends to repatriate certain cultural items that meet the definition of unassociated funerary objects and that have a cultural affiliation with the Indian Tribe in this notice.",https://www.federalregister.gov/documents/2026/08/13/2026-16481/notice-of-intended-repatriation-university-of-michigan-ann-arbor-mi,https://www.govinfo.gov/content/pkg/FR-2026-08-13/pdf/2026-16481.pdf,https://public-inspection.federalregister.gov/2026-16481.pdf?1786538711
2026-16480,"Notice of Inventory Completion: The University of Tennessee, Department of Anthropology, Knoxville, TN, and the Frank H. McClung Museum of Natural History & Culture, Knoxville, TN",Notice,Published,Interior Department | National Park Service,2026-08-13,,,,91 FR 52342,N7404 | NPS-WASO-NAGPRA-NPS0043465 | PPWOCRADN0-PCU00RP14.R50000,"In accordance with the Native American Graves Protection and Repatriation Act (NAGPRA), The University of Tennessee, Department of Anthropology and the Frank H. McClung Museum of Natural History & Culture (UTK), has completed an inventory of human remains and associated funerary objects and has determined that there is a cultural affiliation between the human remains and associated funerary objects and Indian Tribes or Native Hawaiian organizations in this notice.",https://www.federalregister.gov/documents/2026/08/13/2026-16480/notice-of-inventory-completion-the-university-of-tennessee-department-of-anthropology-knoxville-tn,https://www.govinfo.gov/content/pkg/FR-2026-08-13/pdf/2026-16480.pdf,https://public-inspection.federalregister.gov/2026-16480.pdf?1786538711
2026-16478,"Notice of Intended Repatriation: Beloit College, Logan Museum of Anthropology, Beloit, WI",Notice,Published,Interior Department | National Park Service,2026-08-13,,,,91 FR 52330,N7410 | NPS-WASO-NAGPRA-NPS0043472 | PPWOCRADN0-PCU00RP14.R50000,"In accordance with the Native American Graves Protection and Repatriation Act (NAGPRA), the Beloit College, Logan Museum of Anthropology (LMA) intends to repatriate a certain cultural item that meets the definition of an object of cultural patrimony and that has a cultural affiliation with the Indian Tribes or Native Hawaiian organizations in this notice.",https://www.federalregister.gov/documents/2026/08/13/2026-16478/notice-of-intended-repatriation-beloit-college-logan-museum-of-anthropology-beloit-wi,https://www.govinfo.gov/content/pkg/FR-2026-08-13/pdf/2026-16478.pdf,https://public-inspection.federalregister.gov/2026-16478.pdf?1786538711
2026-16477,"Notice of Inventory Completion: University of Wisconsin Oshkosh, Oshkosh, WI",Notice,Published,Interior Department | National Park Service,2026-08-13,,,,91 FR 52334,N7403 | NPS-WASO-NAGPRA-NPS0043464 | PPWOCRADN0-PCU00RP14.R50000,"In accordance with the Native American Graves Protection and Repatriation Act (NAGPRA), the University of Wisconsin Oshkosh (UWO) has completed an inventory of human remains and associated funerary objects and has determined that there is a cultural affiliation between the human remains and associated funerary objects and Indian Tribes or Native Hawaiian organizations in this notice.",https://www.federalregister.gov/documents/2026/08/13/2026-16477/notice-of-inventory-completion-university-of-wisconsin-oshkosh-oshkosh-wi,https://www.govinfo.gov/content/pkg/FR-2026-08-13/pdf/2026-16477.pdf,https://public-inspection.federalregister.gov/2026-16477.pdf?1786538711
2026-16476,Notice of Request To Renew an Approved Information Collection: Egg Products Hazard Analysis and Critical Control Point and Sanitation Standard Operating Procedures,Notice,Published,Agriculture Department | Food Safety and Inspection Service,2026-08-13,,2026-10-13,,91 FR 52277,Docket No. FSIS-2026-0134,"In accordance with the Paperwork Reduction Act of 1995 and Office of Management and Budget (OMB) regulations, FSIS is announcing its intention to request renewal of the approved information collection related to egg products Hazard Analysis and Critical Control Point (HACCP) and Sanitation Standard Operating Procedures (Sanitation SOPs) requirements. There are no changes to the information collection. The current approval will expire on January 31, 2027.",https://www.federalregister.gov/documents/2026/08/13/2026-16476/notice-of-request-to-renew-an-approved-information-collection-egg-products-hazard-analysis-and,https://www.govinfo.gov/content/pkg/FR-2026-08-13/pdf/2026-16476.pdf,https://public-inspection.federalregister.gov/2026-16476.pdf?1786538711
2026-16473,Agency Information Collection Activities; Submission to the Office of Management and Budget (OMB) for Review and Approval; Comment Request; Aluminum Import Monitoring and Analysis System,Notice,Published,Commerce Department | International Trade Administration,2026-08-13,,,,91 FR 52290,,,https://www.federalregister.gov/documents/2026/08/13/2026-16473/agency-information-collection-activities-submission-to-the-office-of-management-and-budget-omb-for,https://www.govinfo.gov/content/pkg/FR-2026-08-13/pdf/2026-16473.pdf,https://public-inspection.federalregister.gov/2026-16473.pdf?1786538710
2026-16471,"Reopening of Comment Period; Notices of Request for Exemptive Relief, Pursuant to Section 36(a) of the Securities Exchange Act of 1934, From Certain Aspects of Rule 17ad-22(e)(18)(iv) of the Securities Exchange Act of 1934 and Requests for Comment",Notice,Published,Securities and Exchange Commission,2026-08-13,,,,91 FR 52354,Release No. 34-106062 | File Nos. S7-2026-07 and S7-2026-11,,https://www.federalregister.gov/documents/2026/08/13/2026-16471/reopening-of-comment-period-notices-of-request-for-exemptive-relief-pursuant-to-section-36a-of-the,https://www.govinfo.gov/content/pkg/FR-2026-08-13/pdf/2026-16471.pdf,https://public-inspection.federalregister.gov/2026-16471.pdf?1786538710
2026-16470,"Program for Allocation of Regulatory Responsibilities Pursuant to Rule 17d-2; Notice of Filing and Order Approving and Declaring Effective an Amendment to the Plan for the Allocation of Regulatory Responsibilities Among NYSE American LLC, Cboe BZX Exchange, Inc., the Cboe EDGX Exchange, Inc., Cboe C2 Exchange, Inc., Cboe Exchange, Inc., Nasdaq ISE, LLC, Financial Industry Regulatory Authority, Inc., NYSE Arca, Inc., The Nasdaq Stock Market LLC, BOX Exchange LLC, Nasdaq Texas, LLC, Nasdaq PHLX LLC, Miami International Securities Exchange, LLC, Nasdaq GEMX, LLC, Nasdaq MRX, LLC, MIAX PEARL, LLC, MIAX Emerald, LLC, MIAX Sapphire, MEMX LLC, MX2 LLC, and Investors Exchange LLC Concerning Options-Related Market Surveillance",Notice,Published,Securities and Exchange Commission,2026-08-13,,,,91 FR 52365,Release No. 34-106059 | File No. 4-551,,https://www.federalregister.gov/documents/2026/08/13/2026-16470/program-for-allocation-of-regulatory-responsibilities-pursuant-to-rule-17d-2-notice-of-filing-and,https://www.govinfo.gov/content/pkg/FR-2026-08-13/pdf/2026-16470.pdf,https://public-inspection.federalregister.gov/2026-16470.pdf?1786538710
2026-16469,Choline Salts From China; Determinations,Notice,Published,International Trade Commission,2026-08-13,,,,91 FR 52349,Investigation Nos. 701-TA-798 and 731-TA-1794 (Preliminary),,https://www.federalregister.gov/documents/2026/08/13/2026-16469/choline-salts-from-china-determinations,https://www.govinfo.gov/content/pkg/FR-2026-08-13/pdf/2026-16469.pdf,https://public-inspection.federalregister.gov/2026-16469.pdf?1786538710
2026-16467,Agency Information Collection Activities; Proposed Collection; Comment Request; Extension: Rule 30b1-7 and Form N-MFP,Notice,Published,Securities and Exchange Commission,2026-08-13,,,,91 FR 52352,OMB Control No. 3235-0657,,https://www.federalregister.gov/documents/2026/08/13/2026-16467/agency-information-collection-activities-proposed-collection-comment-request-extension-rule-30b1-7,https://www.govinfo.gov/content/pkg/FR-2026-08-13/pdf/2026-16467.pdf,https://public-inspection.federalregister.gov/2026-16467.pdf?1786538709
2026-16466,"AMG BBH Asset-Backed Credit Fund, LLC, et al.; August 10, 2026.",Notice,Published,Securities and Exchange Commission,2026-08-13,,,,91 FR 52386,Investment Company Act Release No. 36290 | File No. 812-16017,,https://www.federalregister.gov/documents/2026/08/13/2026-16466/amg-bbh-asset-backed-credit-fund-llc-et-al-august-10-2026,https://www.govinfo.gov/content/pkg/FR-2026-08-13/pdf/2026-16466.pdf,https://public-inspection.federalregister.gov/2026-16466.pdf?1786538709
2026-16462,Self-Regulatory Organizations; LCH SA; Notice of Filing of Proposed Rule Change Relating to the LCH SA CaLM Minimum Cash Collateral Requirement and to LCH Liquidity Risk Policy,Notice,Published,Securities and Exchange Commission,2026-08-13,,,,91 FR 52357,Release No. 34-106069 | File No. SR-LCH SA-2026-007,,https://www.federalregister.gov/documents/2026/08/13/2026-16462/self-regulatory-organizations-lch-sa-notice-of-filing-of-proposed-rule-change-relating-to-the-lch-sa,https://www.govinfo.gov/content/pkg/FR-2026-08-13/pdf/2026-16462.pdf,https://public-inspection.federalregister.gov/2026-16462.pdf?1786538709
2026-16460,"Self-Regulatory Organizations; Nasdaq ISE, LLC; Notice of Filing of Proposed Rule Change To Amend the Criteria for Underlying Securities",Notice,Published,Securities and Exchange Commission,2026-08-13,,,,91 FR 52387,Release No. 34-106067 | File No. SR-ISE-2026-42,,https://www.federalregister.gov/documents/2026/08/13/2026-16460/self-regulatory-organizations-nasdaq-ise-llc-notice-of-filing-of-proposed-rule-change-to-amend-the,https://www.govinfo.gov/content/pkg/FR-2026-08-13/pdf/2026-16460.pdf,https://public-inspection.federalregister.gov/2026-16460.pdf?1786538709
2026-16451,Submission for OMB Review; Comment Request,Notice,Published,Agriculture Department,2026-08-13,,,,91 FR 52276,,,https://www.federalregister.gov/documents/2026/08/13/2026-16451/submission-for-omb-review-comment-request,https://www.govinfo.gov/content/pkg/FR-2026-08-13/pdf/2026-16451.pdf,https://public-inspection.federalregister.gov/2026-16451.pdf?1786538707
2026-16446,Wooden Bedroom Furniture From the People's Republic of China: Final Results of Antidumping Duty Administrative Review; 2024,Notice,Published,Commerce Department | International Trade Administration,2026-08-12,,,,91 FR 52041,A-570-890,"The U.S. Department of Commerce (Commerce) continues to determine that 11 companies under review did not establish their entitlement to a separate rate and are thus part of the People's Republic of China (China)-wide entity and subject to the China-wide entity rate. The period review (POR) is January 1, 2024, through December 31, 2024.",https://www.federalregister.gov/documents/2026/08/12/2026-16446/wooden-bedroom-furniture-from-the-peoples-republic-of-china-final-results-of-antidumping-duty,https://www.govinfo.gov/content/pkg/FR-2026-08-12/pdf/2026-16446.pdf,https://public-inspection.federalregister.gov/2026-16446.pdf?1786452318
2026-16445,Agency Information Collection Activities; Submission to the Office of Management and Budget (OMB) for Review and Approval; Comment Request; Steel Import License,Notice,Published,Commerce Department | International Trade Administration,2026-08-12,,,,91 FR 52041,,,https://www.federalregister.gov/documents/2026/08/12/2026-16445/agency-information-collection-activities-submission-to-the-office-of-management-and-budget-omb-for,https://www.govinfo.gov/content/pkg/FR-2026-08-12/pdf/2026-16445.pdf,https://public-inspection.federalregister.gov/2026-16445.pdf?1786452318
2026-16437,Agency Information Collection Activities; Proposed eCollection eComments Requested; New Information Collection; USAO-PR COMMUNITY OUTREACH REQUEST FORM Feedback Form Package,Notice,Published,Justice Department,2026-08-12,,2026-10-13,,91 FR 52084,OMB Number 1105-ONEW,"The USAO-PR, Department of Justice (DOJ), will be submitting the following information collection request to the Office of Management and Budget (OMB) for review and approval in accordance with the Paperwork Reduction Act of 1995.",https://www.federalregister.gov/documents/2026/08/12/2026-16437/agency-information-collection-activities-proposed-ecollection-ecomments-requested-new-information,https://www.govinfo.gov/content/pkg/FR-2026-08-12/pdf/2026-16437.pdf,https://public-inspection.federalregister.gov/2026-16437.pdf?1786452317
2026-16434,Issuance of Multiple Exemptions,Notice,Published,Nuclear Regulatory Commission,2026-08-12,,,,91 FR 52096,"Docket Nos. STN 50-456, STN 50-457, 72-73, STN 50-454, STN 50-455, 72-68, 50-373, 50-374, 72-70, 50-390, 50-391, 72-1048, 50-259, 50-260, 50-296, 50-237, 50-249, 72-53, 50-254, and 50-265 | NRC-2026-3961",The U.S. Nuclear Regulatory Commission (NRC) is issuing a single notice to announce the issuance of four exemptions in response to requests as detailed in the available documents.,https://www.federalregister.gov/documents/2026/08/12/2026-16434/issuance-of-multiple-exemptions,https://www.govinfo.gov/content/pkg/FR-2026-08-12/pdf/2026-16434.pdf,https://public-inspection.federalregister.gov/2026-16434.pdf?1786452317
2026-16433,Information Collection: Physical Protection of Category 1 and 2 Quantities of Radioactive Material,Notice,Published,Nuclear Regulatory Commission,2026-08-12,,2026-10-13,,91 FR 52086,NRC-2026-2345,"The U.S. Nuclear Regulatory Commission (NRC) invites public comment on the renewal of Office of Management and Budget (OMB) approval for an existing collection of information. The information collection is entitled, ""Physical Protection of Category 1 and 2 Quantities of Radioactive Material.""",https://www.federalregister.gov/documents/2026/08/12/2026-16433/information-collection-physical-protection-of-category-1-and-2-quantities-of-radioactive-material,https://www.govinfo.gov/content/pkg/FR-2026-08-12/pdf/2026-16433.pdf,https://public-inspection.federalregister.gov/2026-16433.pdf?1786452317
2026-16427,"International Product Change-Priority Mail Express International, Priority Mail International & First-Class Package International Service Agreement",Notice,Published,Postal Service,2026-08-12,,,,91 FR 52097,,"The Postal Service gives notice of filing a request with the Postal Regulatory Commission to add a Priority Mail Express International, Priority Mail International & First-Class Package International Service contract to the list of Negotiated Service Agreements in the Competitive Product List in the Mail Classification Schedule.",https://www.federalregister.gov/documents/2026/08/12/2026-16427/international-product-change-priority-mail-express-international-priority-mail-international-and,https://www.govinfo.gov/content/pkg/FR-2026-08-12/pdf/2026-16427.pdf,https://public-inspection.federalregister.gov/2026-16427.pdf?1786452316
2026-16411,"Agency Information Collection Activity Under OMB Review: Claim for One Sum Payment Government Life Insurance, EZ-Beneficiary Claim for One Sum Payment Government Life Insurance, Claim for Monthly Payments Government Life Insurance, and Claim for One Sum Payment Government Life Insurance (DocuSign)",Notice,Published,Veterans Affairs Department,2026-08-12,,2026-09-11,,91 FR 52111,OMB Control No. 2900-0060,"In compliance with the Paperwork Reduction Act (PRA) of 1995, this notice announces that the Veterans Benefits Administration, Department of Veterans Affairs, will submit the collection of information abstracted below to the Office of Management and Budget (OMB) for review and comment. The PRA submission describes the nature of the information collection and its expected cost and burden, and it includes the actual data collection instrument.",https://www.federalregister.gov/documents/2026/08/12/2026-16411/agency-information-collection-activity-under-omb-review-claim-for-one-sum-payment-government-life,https://www.govinfo.gov/content/pkg/FR-2026-08-12/pdf/2026-16411.pdf,https://public-inspection.federalregister.gov/2026-16411.pdf?1786452314
2026-16410,"Formations of, Acquisitions by, and Mergers of Bank Holding Companies",Notice,Published,Federal Reserve System,2026-08-12,,,,91 FR 52057,,,https://www.federalregister.gov/documents/2026/08/12/2026-16410/formations-of-acquisitions-by-and-mergers-of-bank-holding-companies,https://www.govinfo.gov/content/pkg/FR-2026-08-12/pdf/2026-16410.pdf,https://public-inspection.federalregister.gov/2026-16410.pdf?1786452314
2026-16405,Agency Information Collection Activities: Comment Request on the Burden Related to Foreign Status and U.S. Withholding Certifications,Notice,Published,Treasury Department | Internal Revenue Service,2026-08-12,,2026-10-13,,91 FR 52110,,"In accordance with the Paperwork Reduction Act of 1995, the IRS is inviting comments on the information collection request outlined in this notice.",https://www.federalregister.gov/documents/2026/08/12/2026-16405/agency-information-collection-activities-comment-request-on-the-burden-related-to-foreign-status-and,https://www.govinfo.gov/content/pkg/FR-2026-08-12/pdf/2026-16405.pdf,https://public-inspection.federalregister.gov/2026-16405.pdf?1786452313
2026-16397,Agency Information Collection Activities: Comment Request on the Burden Related to the Application for Determination for Employee Benefit Plan,Notice,Published,Treasury Department | Internal Revenue Service,2026-08-12,,2026-10-13,,91 FR 52110,,"In accordance with the Paperwork Reduction Act of 1995, the IRS is inviting comments on the information collection request outlined in this notice.",https://www.federalregister.gov/documents/2026/08/12/2026-16397/agency-information-collection-activities-comment-request-on-the-burden-related-to-the-application,https://www.govinfo.gov/content/pkg/FR-2026-08-12/pdf/2026-16397.pdf,https://public-inspection.federalregister.gov/2026-16397.pdf?1786452312
2026-16387,"Regan Capital Alternative Income Fund, et al.",Notice,Published,Securities and Exchange Commission,2026-08-12,,,,91 FR 52108,Investment Company Act Release No. 36287 | File No. 812-16006,,https://www.federalregister.gov/documents/2026/08/12/2026-16387/regan-capital-alternative-income-fund-et-al,https://www.govinfo.gov/content/pkg/FR-2026-08-12/pdf/2026-16387.pdf,https://public-inspection.federalregister.gov/2026-16387.pdf?1786452310
2026-16385,"Source Capital and First Pacific Advisors, LP",Notice,Published,Securities and Exchange Commission,2026-08-12,,,,91 FR 52103,Investment Company Act Release No. 36288 | 812-16018,,https://www.federalregister.gov/documents/2026/08/12/2026-16385/source-capital-and-first-pacific-advisors-lp,https://www.govinfo.gov/content/pkg/FR-2026-08-12/pdf/2026-16385.pdf,https://public-inspection.federalregister.gov/2026-16385.pdf?1786452310
2026-16379,"Marine Mammals; Incidental Take During Specified Activities; Proposed Incidental Harassment Authorization for Southeast Alaska Stock of Northern Sea Otters in Juneau, Alaska",Notice,Published,Interior Department | Fish and Wildlife Service,2026-08-12,,2026-09-11,,91 FR 52067,Docket No. FWS-R7-ES-2026-2312 | FXES111607MRG01-267-FF07CAMM00,"We, the U.S. Fish and Wildlife Service (FWS), propose to authorize incidental take by harassment of small numbers of northern sea otters (Enhydra lutris kenyoni) from the Southeast Alaska stock for a period of up to 1 year from the date of issuance. We are responding to a request submitted under the Marine Mammal Protection Act of 1972, as amended, by Turnagain Marine Construction. The applicant has requested this authorization for take by harassment that may result from activities associated with pile driving and marine construction within Stephens Passage in Juneau, Alaska. This proposed authorization, if finalized, would be for incidental take by Level A harassment and Level B harassment of northern sea otters from the Southeast Alaska stock. We invite comments on the proposed incidental harassment authorization and the accompanying draft environmental assessment from the public, Tribes, and local, State, and Federal agencies.",https://www.federalregister.gov/documents/2026/08/12/2026-16379/marine-mammals-incidental-take-during-specified-activities-proposed-incidental-harassment,https://www.govinfo.gov/content/pkg/FR-2026-08-12/pdf/2026-16379.pdf,https://public-inspection.federalregister.gov/2026-16379.pdf?1786452309
2026-16378,Agency Information Collection Activities: Proposed Collection; Comment Request,Notice,Published,National Archives and Records Administration,2026-08-12,,2026-10-13,,91 FR 52085,NARA-2026-035,"We are proposing to request an extension from the Office of Management and Budget (OMB) of an approved information collection, Facility Access Media (FAM) Request, NA Form 6006, used by all individuals requesting recurring access to non-public areas of NARA's facilities and IT network. We invite you to comment on these proposed information collections pursuant to the Paperwork Reduction Act of 1995.",https://www.federalregister.gov/documents/2026/08/12/2026-16378/agency-information-collection-activities-proposed-collection-comment-request,https://www.govinfo.gov/content/pkg/FR-2026-08-12/pdf/2026-16378.pdf,https://public-inspection.federalregister.gov/2026-16378.pdf?1786452308
2026-16372,Orano Enrichment USA LLC; (Project Ike Enrichment Facility); Notice of Receipt of Application for License; Notice of Consideration of Issuance of License; Notice of Hearing and Commission Order; Opportunity To Request a Contested Hearing; and Order Imposing Procedures for Access to Sensitive Unclassified Non-Safeguards Information and Safeguards Information for Contention Preparation,Notice,Published,Nuclear Regulatory Commission,2026-08-12,,,,91 FR 52088,Docket No. 70-7038 | CLI-26-11,,https://www.federalregister.gov/documents/2026/08/12/2026-16372/orano-enrichment-usa-llc-project-ike-enrichment-facility-notice-of-receipt-of-application-for,https://www.govinfo.gov/content/pkg/FR-2026-08-12/pdf/2026-16372.pdf,https://public-inspection.federalregister.gov/2026-16372.pdf?1786452308
2026-16369,"Virginia Electric and Power Company, (Doing Business as Dominion Energy Virginia); North Anna Site; Early Site Permit Renewal Application",Notice,Published,Nuclear Regulatory Commission,2026-08-12,,,,91 FR 52087,Docket No. 52-008 | NRC-2008-0476,"The U.S. Nuclear Regulatory Commission (NRC) is providing public notice each week, for four consecutive weeks, of receipt and availability of an application for renewal of early site permit (ESP) ESP-003 for the North Anna ESP site from Virginia Electric and Power Company, doing business as (dba) Dominion Energy Virginia. Renewal of the ESP would allow the licensee to reference ESP-003 in a construction permit (CP) or combined license (COL) application for an additional 20- year period beyond the period specified in the ESP. The location for the North Anna ESP site is in Louisa County, Virginia, and the current ESP-003 expires on November 27, 2027.",https://www.federalregister.gov/documents/2026/08/12/2026-16369/virginia-electric-and-power-company-doing-business-as-dominion-energy-virginia-north-anna-site-early,https://www.govinfo.gov/content/pkg/FR-2026-08-12/pdf/2026-16369.pdf,https://public-inspection.federalregister.gov/2026-16369.pdf?1786452308
2026-16265,Initiation of Antidumping and Countervailing Duty Administrative Reviews,Notice,Published,Commerce Department | International Trade Administration,2026-08-10,,,,91 FR 51436,,"The U.S. Department of Commerce (Commerce) has received requests to conduct administrative reviews of various antidumping duty (AD) and countervailing duty (CVD) orders with June anniversary dates. In accordance with Commerce's regulations, we are initiating those administrative reviews.",https://www.federalregister.gov/documents/2026/08/10/2026-16265/initiation-of-antidumping-and-countervailing-duty-administrative-reviews,https://www.govinfo.gov/content/pkg/FR-2026-08-10/pdf/2026-16265.pdf,https://public-inspection.federalregister.gov/2026-16265.pdf?1786106716
2026-16263,o-Dichlorobenzene and p-Dichlorobenzene; Draft Risk Evaluations Under the Toxic Substances Control Act (TSCA); Notice of Availability and Request for Comment,Notice,Published,Environmental Protection Agency,2026-08-10,,2026-10-09,,91 FR 51488,EPA-HQ-OPPT-2018-0444 | EPA-HQ-OPPT-2018-0446 | FRL-13481-01-OCSPP,"The Environmental Protection Agency (EPA or Agency) is announcing the availability of and seeking public comment on the draft risk evaluations under the Toxic Substances Control Act (TSCA) for o- dichlorobenzene (CASRN 95-50-1) and p-dichlorobenzene (CASRN 106-46-7). The purpose of risk evaluations under TSCA is to determine whether a chemical substance presents an unreasonable risk of injury to health or the environment under the conditions of use (COUs), including unreasonable risk to potentially exposed or susceptible subpopulations identified as relevant to the risk evaluation by EPA, and without consideration of costs or non-risk factors. EPA is seeking public comment on the draft risk evaluations for o-dichlorobenzene and p- dichlorobenzene.",https://www.federalregister.gov/documents/2026/08/10/2026-16263/o-dichlorobenzene-and-p-dichlorobenzene-draft-risk-evaluations-under-the-toxic-substances-control,https://www.govinfo.gov/content/pkg/FR-2026-08-10/pdf/2026-16263.pdf,https://public-inspection.federalregister.gov/2026-16263.pdf?1786106715
2026-16262,"Agency Information Collection Activities; Comment Request on U.S. Business Income Tax Returns and Related Forms, Schedules, Attachments, and Published Guidance",Notice,Published,Treasury Department | Internal Revenue Service,2026-08-10,,2026-10-09,,91 FR 51534,,"In accordance with the Paperwork Reduction Act of 1995, the IRS is inviting comments on the information collection request outlined in this notice.",https://www.federalregister.gov/documents/2026/08/10/2026-16262/agency-information-collection-activities-comment-request-on-us-business-income-tax-returns-and,https://www.govinfo.gov/content/pkg/FR-2026-08-10/pdf/2026-16262.pdf,https://public-inspection.federalregister.gov/2026-16262.pdf?1786106715
2026-16260,Foreign Endangered Species; Receipt of Permit Applications,Notice,Published,Interior Department | Fish and Wildlife Service,2026-08-10,,2026-09-09,,91 FR 51507,Docket No. FWS-HQ-IA-2026-2707 | FXIA16710900000-267-FF09A30000,"We, the U.S. Fish and Wildlife Service (Service), invite the public to comment on applications to conduct certain activities with foreign species that are listed as endangered under the Endangered Species Act (ESA). With some exceptions, the ESA prohibits activities with listed species unless Federal authorization is issued that allows such activities. The ESA also requires that we invite public comment before issuing permits for any activity otherwise prohibited by the ESA with respect to any endangered species.",https://www.federalregister.gov/documents/2026/08/10/2026-16260/foreign-endangered-species-receipt-of-permit-applications,https://www.govinfo.gov/content/pkg/FR-2026-08-10/pdf/2026-16260.pdf,https://public-inspection.federalregister.gov/2026-16260.pdf?1786106715
2026-16259,"Notice Announcing Research Training Programs in the Education Sciences, Research Training Programs in Special Education, Statistical and Research Methodology in Education, Using Longitudinal Data To Support State Education Policymaking, and Using Longitudinal Data To Support State Education Policymaking in Special Education Program Competitions",Notice,Published,Education Department,2026-08-10,,2026-10-01,,91 FR 51473,,"The Institute of Education Sciences (IES) at the U.S. Department of Education (ED) is soliciting applications for new awards of the Fiscal Year (FY) 2027 Research Training Programs in the Education Sciences, Research Training Programs in Special Education, Statistical and Research Methodology in Education, Using Longitudinal Data to Support State Education Policymaking, and Using Longitudinal Data to Support State Education Policymaking in Special Education programs, Assistance Listing Numbers 84.305B, 84.324B, 84.305D, 84.305S and 84.324S.",https://www.federalregister.gov/documents/2026/08/10/2026-16259/notice-announcing-research-training-programs-in-the-education-sciences-research-training-programs-in,https://www.govinfo.gov/content/pkg/FR-2026-08-10/pdf/2026-16259.pdf,https://public-inspection.federalregister.gov/2026-16259.pdf?1786106715
2026-16255,Reporting and Recordkeeping Requirements Under Office of Management and Budget Review,Notice,Published,Small Business Administration,2026-08-10,,2026-09-09,,91 FR 51517,,"The Small Business Administration (SBA) will submit the information collection described below to the Office of Management and Budget (OMB) for review and clearance in accordance with the Paperwork Reduction Act of 1995, as amended, on or after the date of publication of this notice. SBA is publishing this notice to allow all interested members of the public an additional 30 days to provide comments on the collection of information.",https://www.federalregister.gov/documents/2026/08/10/2026-16255/reporting-and-recordkeeping-requirements-under-office-of-management-and-budget-review,https://www.govinfo.gov/content/pkg/FR-2026-08-10/pdf/2026-16255.pdf,https://public-inspection.federalregister.gov/2026-16255.pdf?1786106715
2026-16243,"Agency Information Collection Activities; Comment Request on U.S. Trust and Estate Income Tax Returns and Related Forms, Schedules, Attachments, and Published Guidance",Notice,Published,Treasury Department | Internal Revenue Service,2026-08-10,,2026-10-09,,91 FR 51530,,"In accordance with the Paperwork Reduction Act of 1995, the IRS is inviting comments on the information collection request outlined in this notice.",https://www.federalregister.gov/documents/2026/08/10/2026-16243/agency-information-collection-activities-comment-request-on-us-trust-and-estate-income-tax-returns,https://www.govinfo.gov/content/pkg/FR-2026-08-10/pdf/2026-16243.pdf,https://public-inspection.federalregister.gov/2026-16243.pdf?1786106713
2026-16242,Second Notice of HUD Non-Vacant Loan Sale (HNVLS 2026-1),Notice,Published,Housing and Urban Development Department,2026-08-10,,,,91 FR 51505,Docket No. FR-6568-N-05,"This notice updates the announcement issued on January 21, 2026 (91 FR 2555) of HUD's intention to offer a number of home equity conversion mortgages (HECM, or reverse mortgage loans) secured by occupied properties with an estimated bid date on September 1, 2026. Because the sale was delayed, HUD is issuing this second, updated notice of HNVLS 2026-1. The sale will consist of due and payable Secretary-held reverse mortgage loans with a loan balance of approximately $465 million. The mortgage loans consist of first-liens secured by real property that is occupied, where the borrower and any borrowing or non-borrowing spouse are deceased, and heirs have not come forward in the time elapsed. This initiative supports HUD's continued efforts to reduce financial risk to the Mutual Mortgage Insurance Fund and promote the efficient disposition of defaulted assets. Additional information regarding sale structure, loan pool composition, and bidding procedures will be provided in subsequent announcements. This notice also generally describes the bidding process for the sale and an attestation required to qualify to bid in the sale. This is the second sale offering of its type and is scheduled for September 1, 2026.",https://www.federalregister.gov/documents/2026/08/10/2026-16242/second-notice-of-hud-non-vacant-loan-sale-hnvls-2026-1,https://www.govinfo.gov/content/pkg/FR-2026-08-10/pdf/2026-16242.pdf,https://public-inspection.federalregister.gov/2026-16242.pdf?1786106713
2026-16229,New Postal Products,Notice,Published,Postal Regulatory Commission,2026-08-10,,2026-08-13,,91 FR 51512,Docket Nos. MC2026-333 and K2026-328,"The Commission is noticing a recent Postal Service filing for the Commission's consideration concerning a negotiated service agreement. This notice informs the public of the filing, invites public comment, and takes other administrative steps.",https://www.federalregister.gov/documents/2026/08/10/2026-16229/new-postal-products,https://www.govinfo.gov/content/pkg/FR-2026-08-10/pdf/2026-16229.pdf,https://public-inspection.federalregister.gov/2026-16229.pdf?1786106712
2026-16223,Agency Information Collection Activities; Submission to the Office of Management and Budget for Review and Approval; Comment Request; Shaping the Future of Loan Repayment,Notice,Published,Education Department,2026-08-10,,2026-09-09,,91 FR 51472,Docket No.: ED-2026-SCC-0562,"In accordance with the Paperwork Reduction Act (PRA) of 1995, the Department is proposing a new information collection request (ICR).",https://www.federalregister.gov/documents/2026/08/10/2026-16223/agency-information-collection-activities-submission-to-the-office-of-management-and-budget-for,https://www.govinfo.gov/content/pkg/FR-2026-08-10/pdf/2026-16223.pdf,https://public-inspection.federalregister.gov/2026-16223.pdf?1786106711
2026-16222,Agency Information Collection Activities; Submission to the Office of Management and Budget for Review and Approval; Comment Request; Federal Work Study (FWS) Wages for Student Aid Index,Notice,Published,Education Department,2026-08-10,,2026-09-09,,91 FR 51472,Docket No.: ED-2026-SCC-2014,"In accordance with the Paperwork Reduction Act (PRA) of 1995, the Department is proposing an extension without change of a currently approved information collection request (ICR).",https://www.federalregister.gov/documents/2026/08/10/2026-16222/agency-information-collection-activities-submission-to-the-office-of-management-and-budget-for,https://www.govinfo.gov/content/pkg/FR-2026-08-10/pdf/2026-16222.pdf,https://public-inspection.federalregister.gov/2026-16222.pdf?1786106711
2026-16210,Privacy Act of 1974; System of Records,Notice,Published,State Department,2026-08-10,,,,91 FR 51518,Public Number: 13058,"Official Gift Records and Gift Donor Vetting Records, State- 80, consists of an accounting of all donations received on behalf of the Department of State for the purposes of: maintaining a historical record, properly allocating donations given for a particular purpose, determining future solicitation and gift acceptance, and providing donors with acknowledgment letters for tax purposes. Gift Donor Vetting Records keeps an accounting of the due diligence vetting process conducted on individuals to determine the potential for conflicts of interest with respect to gifts, potential gifts, and potential partnerships with the Department of State.",https://www.federalregister.gov/documents/2026/08/10/2026-16210/privacy-act-of-1974-system-of-records,https://www.govinfo.gov/content/pkg/FR-2026-08-10/pdf/2026-16210.pdf,https://public-inspection.federalregister.gov/2026-16210.pdf?1786106709
2026-16203,Perfluoroalkoxy Alkane From India; Institution of Antidumping and Countervailing Duty Investigations and Scheduling of Preliminary Phase Investigations,Notice,Published,International Trade Commission,2026-08-10,,,,91 FR 51511,Investigation Nos. 701-TA-805 and 731-TA-1804 (Preliminary),"The Commission hereby gives notice of the institution of investigations and commencement of preliminary phase antidumping and countervailing duty investigation Nos. 701-TA-805 and 731-TA-1804 (Preliminary) pursuant to the Tariff Act of 1930 to determine whether there is a reasonable indication that an industry in the United States is materially injured or threatened with material injury, or the establishment of an industry in the United States is materially retarded, by reason of imports of perfluoroalkoxy alkane from India, provided for in subheading 3904.69.50 of the Harmonized Tariff Schedule of the United States, that are alleged to be sold in the United States at less than fair value and alleged to be subsidized by the Government of India. Unless the Department of Commerce (""Commerce"") extends the time for initiation, the Commission must reach a preliminary determination in antidumping and countervailing duty investigations in 45 days, or in this case by September 21, 2026. The Commission's views must be transmitted to Commerce within five business days thereafter, or by September 28, 2026.",https://www.federalregister.gov/documents/2026/08/10/2026-16203/perfluoroalkoxy-alkane-from-india-institution-of-antidumping-and-countervailing-duty-investigations,https://www.govinfo.gov/content/pkg/FR-2026-08-10/pdf/2026-16203.pdf,https://public-inspection.federalregister.gov/2026-16203.pdf?1786106708
2026-16202,Agency Information Collection Activities; Submission for OMB Review; Comment Request; Extension: Rule 8b-1 to 8b-5; 8b-10 to 8b-22; and 8b-25 to 8b-31,Notice,Published,Securities and Exchange Commission,2026-08-10,,,,91 FR 51513,OMB Control No. 3235-0176,,https://www.federalregister.gov/documents/2026/08/10/2026-16202/agency-information-collection-activities-submission-for-omb-review-comment-request-extension-rule,https://www.govinfo.gov/content/pkg/FR-2026-08-10/pdf/2026-16202.pdf,https://public-inspection.federalregister.gov/2026-16202.pdf?1786106708
2026-16199,Agency Information Collection Activities; Proposed Collection; Comment Request; Extension: Form N-8B-2,Notice,Published,Securities and Exchange Commission,2026-08-10,,,,91 FR 51512,OMB Control No. 3235-0186,,https://www.federalregister.gov/documents/2026/08/10/2026-16199/agency-information-collection-activities-proposed-collection-comment-request-extension-form-n-8b-2,https://www.govinfo.gov/content/pkg/FR-2026-08-10/pdf/2026-16199.pdf,https://public-inspection.federalregister.gov/2026-16199.pdf?1786106708
2026-16198,Agency Information Collection Activities; Proposed Collection; Comment Request; Extension: Form N-17f-2,Notice,Published,Securities and Exchange Commission,2026-08-10,,,,91 FR 51514,OMB Control No. 3235-0360,,https://www.federalregister.gov/documents/2026/08/10/2026-16198/agency-information-collection-activities-proposed-collection-comment-request-extension-form-n-17f-2,https://www.govinfo.gov/content/pkg/FR-2026-08-10/pdf/2026-16198.pdf,https://public-inspection.federalregister.gov/2026-16198.pdf?1786106708
2026-16195,Truck Bed Covers From China; Scheduling of the Final Phase of Countervailing Duty and Antidumping Duty Investigations,Notice,Published,International Trade Commission,2026-08-10,,,,91 FR 51509,Investigation Nos. 701-TA-789 and 731-TA-1777 (Final),"The Commission hereby gives notice of the scheduling of the final phase of antidumping and countervailing duty investigation Nos. 701-TA-789 and 731-TA-1777 (Final) pursuant to the Tariff Act of 1930 to determine whether an industry in the United States is materially injured or threatened with material injury, or the establishment of an industry in the United States is materially retarded, by reason of imports of truck bed covers from China, provided for in subheading 8708.29.51 of the Harmonized Tariff Schedule of the United States, preliminarily determined by the Department of Commerce (""Commerce"") to be subsidized by the government of China. Commerce's preliminary determinations with respect to truck bed covers from China, alleged to be sold in the United States at less-than-fair-value, are pending.",https://www.federalregister.gov/documents/2026/08/10/2026-16195/truck-bed-covers-from-china-scheduling-of-the-final-phase-of-countervailing-duty-and-antidumping,https://www.govinfo.gov/content/pkg/FR-2026-08-10/pdf/2026-16195.pdf,https://public-inspection.federalregister.gov/2026-16195.pdf?1786106708
2026-16194,Welded Stainless Line and Pressure Pipe From India and the Republic of Türkiye: Initiation of Countervailing Duty Investigations,Notice,Published,Commerce Department | International Trade Administration,2026-08-10,,,,91 FR 51432,"C-533-951, C-489-859",,https://www.federalregister.gov/documents/2026/08/10/2026-16194/welded-stainless-line-and-pressure-pipe-from-india-and-the-republic-of-trkiye-initiation-of,https://www.govinfo.gov/content/pkg/FR-2026-08-10/pdf/2026-16194.pdf,https://public-inspection.federalregister.gov/2026-16194.pdf?1786106707
2026-16193,"Welded Stainless Line and Pressure Pipe From India, the Republic of Türkiye, and the United Arab Emirates: Initiation of Less-Than-Fair-Value Investigations",Notice,Published,Commerce Department | International Trade Administration,2026-08-10,,,,91 FR 51462,"A-533-950, A-489-858, A-520-813",,https://www.federalregister.gov/documents/2026/08/10/2026-16193/welded-stainless-line-and-pressure-pipe-from-india-the-republic-of-trkiye-and-the-united-arab,https://www.govinfo.gov/content/pkg/FR-2026-08-10/pdf/2026-16193.pdf,https://public-inspection.federalregister.gov/2026-16193.pdf?1786106707
2026-17249,Open Meeting of the Taxpayer Advocacy Panel Joint Committee,Notice,Published,Treasury Department | Internal Revenue Service,2026-08-24,,,,91 FR 54784,,"An open meeting of the Taxpayer Advocacy Panel's Joint Committee will be conducted. The Taxpayer Advocacy Panel is soliciting public comments, ideas, and suggestions to improve customer service at the Internal Revenue Service. This meeting will be held as a virtual video conference via the Microsoft Teams platform.",https://www.federalregister.gov/documents/2026/08/24/2026-17249/open-meeting-of-the-taxpayer-advocacy-panel-joint-committee,https://www.govinfo.gov/content/pkg/FR-2026-08-24/pdf/2026-17249.pdf,https://public-inspection.federalregister.gov/2026-17249.pdf?1787316321
2026-17161,Advisory Committee on the Medical Uses of Isotopes: Meeting Notice,Notice,Published,Nuclear Regulatory Commission,2026-08-21,,,,91 FR 54408,,"The U.S. Nuclear Regulatory Commission (NRC) will convene a meeting of the Advisory Committee on the Medical Uses of Isotopes (ACMUI) on September 9, 2026, to discuss and provide recommendations from the subcommittee on reducing barriers to medical use licensing rulemaking. Topic is tentative based on its rulemaking schedule. Meeting information, including a copy of the agenda and handouts, will be available on the ACMUI's Meetings and Related Documents web page at https://www.nrc.gov/reading-rm/doc- collections/acmui/meetings/2026 or by emailing Ms. Sarah Hoenig at the contact information below.",https://www.federalregister.gov/documents/2026/08/21/2026-17161/advisory-committee-on-the-medical-uses-of-isotopes-meeting-notice,https://www.govinfo.gov/content/pkg/FR-2026-08-21/pdf/2026-17161.pdf,https://public-inspection.federalregister.gov/2026-17161.pdf?1787229922
2026-17004,Notice of Rail Energy Transportation Advisory Committee Vacancies,Notice,Published,Surface Transportation Board,2026-08-20,,,,91 FR 53926,Docket No. EP 670 (Sub-No. 2),"The Surface Transportation Board (Board) hereby gives notice of two vacancies on its Rail Energy Transportation Advisory Committee (RETAC): one representative from biofuel feedstock growers or providers and biofuel refiners, processors, and distributors; and one representative from coal producers. The Board is soliciting nominations from the public for candidates to fill these vacancies.",https://www.federalregister.gov/documents/2026/08/20/2026-17004/notice-of-rail-energy-transportation-advisory-committee-vacancies,https://www.govinfo.gov/content/pkg/FR-2026-08-20/pdf/2026-17004.pdf,https://public-inspection.federalregister.gov/2026-17004.pdf?1787143523
2026-16873,"Voluntary Service National Advisory Committee, Notice of Meeting",Notice,Published,Veterans Affairs Department,2026-08-19,,,,91 FR 53696,,,https://www.federalregister.gov/documents/2026/08/19/2026-16873/voluntary-service-national-advisory-committee-notice-of-meeting,https://www.govinfo.gov/content/pkg/FR-2026-08-19/pdf/2026-16873.pdf,https://public-inspection.federalregister.gov/2026-16873.pdf?1787057112
2026-16423,Renewal of the Innovation Advisory Committee,Notice,Published,Commodity Futures Trading Commission,2026-08-12,,,,91 FR 52047,,The Commodity Futures Trading Commission (CFTC or Commission) is publishing this notice to announce the renewal of the Innovation Advisory Committee (IAC). The Commission has determined that the renewal of the IAC is necessary and in the public's interest.,https://www.federalregister.gov/documents/2026/08/12/2026-16423/renewal-of-the-innovation-advisory-committee,https://www.govinfo.gov/content/pkg/FR-2026-08-12/pdf/2026-16423.pdf,https://public-inspection.federalregister.gov/2026-16423.pdf?1786452315
2026-16201,Joint Industry Plan; Order Granting Approval of the Twenty-Seventh Amendment to the National Market System Plan To Address Extraordinary Market Volatility To Establish Temporary Price Band Protections in Overnight Trading,Notice,Published,Securities and Exchange Commission,2026-08-10,,,,91 FR 51515,Release No. 34-106042 | File No. 4-631,,https://www.federalregister.gov/documents/2026/08/10/2026-16201/joint-industry-plan-order-granting-approval-of-the-twenty-seventh-amendment-to-the-national-market,https://www.govinfo.gov/content/pkg/FR-2026-08-10/pdf/2026-16201.pdf,https://public-inspection.federalregister.gov/2026-16201.pdf?1786106708
2026-16972,National Register of Historic Places; Notification of Pending Nominations and Related Actions,Notice,Published,Interior Department | National Park Service,2026-08-20,,2026-09-04,,91 FR 53892,"NPS-WASO-NRNHL-DTS#-43546 | PPWOCRADI0, PCU00RP14.R50000","The National Park Service is soliciting electronic comments on the significance of properties nominated before August 8, 2026, for listing or related actions in the National Register of Historic Places.",https://www.federalregister.gov/documents/2026/08/20/2026-16972/national-register-of-historic-places-notification-of-pending-nominations-and-related-actions,https://www.govinfo.gov/content/pkg/FR-2026-08-20/pdf/2026-16972.pdf,https://public-inspection.federalregister.gov/2026-16972.pdf?1787143519
2026-16574,National Register of Historic Places; Notification of Pending Nominations and Related Actions,Notice,Published,Interior Department | National Park Service,2026-08-14,,2026-08-31,,91 FR 52710,"NPS-WASO-NRNHL-DTS#-43414 | PPWOCRADI0, PCU00RP14.R50000","The National Park Service is soliciting electronic comments on the significance of properties nominated before July 18, 2026, for listing or related actions in the National Register of Historic Places.",https://www.federalregister.gov/documents/2026/08/14/2026-16574/national-register-of-historic-places-notification-of-pending-nominations-and-related-actions,https://www.govinfo.gov/content/pkg/FR-2026-08-14/pdf/2026-16574.pdf,https://public-inspection.federalregister.gov/2026-16574.pdf?1786625110
2026-16568,National Register of Historic Places; Notification of Pending Nominations and Related Actions,Notice,Published,Interior Department | National Park Service,2026-08-14,,2026-08-31,,91 FR 52709,"NPS-WASO-NRNHL-DTS#-43442 | PPWOCRADI0, PCU00RP14.R50000","The National Park Service is soliciting electronic comments on the significance of properties nominated before July 25, 2026, for listing or related actions in the National Register of Historic Places.",https://www.federalregister.gov/documents/2026/08/14/2026-16568/national-register-of-historic-places-notification-of-pending-nominations-and-related-actions,https://www.govinfo.gov/content/pkg/FR-2026-08-14/pdf/2026-16568.pdf,https://public-inspection.federalregister.gov/2026-16568.pdf?1786625109
